contractID,symbol,expiration,strike,type,last,mark,bid,bid_size,ask,ask_size,volume,open_interest,date,implied_volatility,delta,gamma,theta,vega,rho
AAPL171117C00002500,AAPL,2017-11-17,2.50,call,80.00,166.60,166.10,5,167.10,5,0,0,2017-11-15,5.27090,1.00000,0.00000,-0.00008,0.00000,0.00014
AAPL171117P00002500,AAPL,2017-11-17,2.50,put,0.00,0.01,0.00,0,0.02,18,0,0,2017-11-15,5.27090,-0.00000,0.00000,-0.00000,0.00000,-0.00000
AAPL171117C00005000,AAPL,2017-11-17,5.00,call,75.90,164.10,163.60,5,164.60,5,0,0,2017-11-15,5.19179,1.00000,0.00000,-0.00018,0.00000,0.00027
AAPL171117P00005000,AAPL,2017-11-17,5.00,put,0.00,0.01,0.00,0,0.02,19,0,0,2017-11-15,5.19179,-0.00000,0.00000,-0.00002,0.00000,-0.00000
AAPL171117C00007500,AAPL,2017-11-17,7.50,call,76.38,161.60,161.10,5,162.10,5,0,0,2017-11-15,5.11269,1.00000,0.00000,-0.00059,0.00000,0.00041
AAPL171117P00007500,AAPL,2017-11-17,7.50,put,0.00,0.01,0.00,0,0.02,18,0,0,2017-11-15,5.11269,-0.00000,0.00000,-0.00035,0.00000,-0.00000
AAPL171117C00010000,AAPL,2017-11-17,10.00,call,82.73,159.10,158.60,5,159.60,5,0,0,2017-11-15,5.03358,0.99999,0.00000,-0.00224,0.00001,0.00055
AAPL171117P00010000,AAPL,2017-11-17,10.00,put,0.00,0.01,0.00,0,0.02,13,0,0,2017-11-15,5.03358,-0.00001,0.00000,-0.00192,0.00001,-0.00000
AAPL171117C00012500,AAPL,2017-11-17,12.50,call,70.20,156.60,156.10,5,157.10,5,0,0,2017-11-15,4.95448,0.99995,0.00000,-0.00689,0.00003,0.00068
AAPL171117P00012500,AAPL,2017-11-17,12.50,put,0.00,0.01,0.00,0,0.02,18,0,0,2017-11-15,4.95448,-0.00005,0.00000,-0.00649,0.00003,-0.00000
AAPL171117C00015000,AAPL,2017-11-17,15.00,call,70.70,154.10,153.60,5,154.60,5,0,0,2017-11-15,4.87537,0.99987,0.00000,-0.01688,0.00007,0.00082
AAPL171117P00015000,AAPL,2017-11-17,15.00,put,0.00,0.01,0.00,0,0.02,19,0,0,2017-11-15,4.87537,-0.00013,0.00000,-0.01641,0.00007,-0.00000
AAPL171117C00017500,AAPL,2017-11-17,17.50,call,71.15,151.60,151.10,5,152.10,5,0,0,2017-11-15,4.79627,0.99970,0.00001,-0.03484,0.00014,0.00096
AAPL171117P00017500,AAPL,2017-11-17,17.50,put,0.00,0.01,0.00,0,0.02,19,0,0,2017-11-15,9.88179,-0.00026,0.00001,-0.03031,0.00012,-0.00000
AAPL171117C00020000,AAPL,2017-11-17,20.00,call,70.00,149.53,148.50,4,150.55,2,0,0,2017-11-15,4.71716,0.99943,0.00002,-0.06331,0.00025,0.00109
AAPL171117P00020000,AAPL,2017-11-17,20.00,put,0.00,0.01,0.00,0,0.02,13,0,0,2017-11-15,9.29034,-0.00028,0.00001,-0.03039,0.00013,-0.00000
AAPL171117C00022500,AAPL,2017-11-17,22.50,call,67.20,146.60,146.10,5,147.10,5,0,0,2017-11-15,9.25009,0.99950,0.00002,-0.05258,0.00022,0.00123
AAPL171117P00022500,AAPL,2017-11-17,22.50,put,0.00,0.01,0.00,0,0.02,13,0,0,2017-11-15,8.77221,-0.00030,0.00001,-0.03045,0.00014,-0.00000
AAPL171117C00025000,AAPL,2017-11-17,25.00,call,0.00,144.10,143.60,5,144.60,5,0,0,2017-11-15,8.75681,0.99947,0.00002,-0.05235,0.00024,0.00136
AAPL171117P00025000,AAPL,2017-11-17,25.00,put,0.00,0.01,0.00,0,0.02,18,0,0,2017-11-15,8.31140,-0.00032,0.00001,-0.03048,0.00015,-0.00000
AAPL171117C00030000,AAPL,2017-11-17,30.00,call,65.00,139.10,138.60,5,139.60,5,0,0,2017-11-15,7.91004,0.99941,0.00002,-0.05182,0.00026,0.00164
AAPL171117P00030000,AAPL,2017-11-17,30.00,put,0.00,0.01,0.00,0,0.02,18,0,0,2017-11-15,7.51965,-0.00036,0.00001,-0.03051,0.00016,-0.00000
AAPL171117C00035000,AAPL,2017-11-17,35.00,call,60.93,134.53,133.50,4,135.55,2,0,0,2017-11-15,4.24254,0.99375,0.00014,-0.55233,0.00221,0.00184
AAPL171117P00035000,AAPL,2017-11-17,35.00,put,0.00,0.01,0.00,0,0.02,19,0,0,2017-11-15,6.85518,-0.00039,0.00002,-0.03049,0.00018,-0.00000
AAPL171117C00040000,AAPL,2017-11-17,40.00,call,0.00,129.10,128.60,5,129.60,5,0,0,2017-11-15,6.58888,0.99931,0.00003,-0.05050,0.00030,0.00218
AAPL171117P00040000,AAPL,2017-11-17,40.00,put,0.00,0.01,0.00,0,0.02,13,0,0,2017-11-15,6.28294,-0.00043,0.00002,-0.03044,0.00019,-0.00000
AAPL171117C00045000,AAPL,2017-11-17,45.00,call,65.20,124.10,123.60,5,124.60,5,0,0,2017-11-15,6.05261,0.99926,0.00003,-0.04976,0.00032,0.00246
AAPL171117P00045000,AAPL,2017-11-17,45.00,put,0.00,0.01,0.00,0,0.02,13,0,0,2017-11-15,5.78036,-0.00047,0.00002,-0.03037,0.00021,-0.00000
AAPL171117C00047500,AAPL,2017-11-17,47.50,call,56.28,121.62,121.15,11,122.10,9,0,1,2017-11-15,6.24773,0.99854,0.00006,-0.09439,0.00059,0.00259
AAPL171117P00047500,AAPL,2017-11-17,47.50,put,0.00,0.01,0.00,0,0.02,72,0,1038,2017-11-15,5.55018,-0.00049,0.00003,-0.03032,0.00022,-0.00001
AAPL171117C00050000,AAPL,2017-11-17,50.00,call,62.56,119.10,118.60,5,119.60,5,0,0,2017-11-15,5.57488,0.99921,0.00004,-0.04899,0.00034,0.00273
AAPL171117P00050000,AAPL,2017-11-17,50.00,put,0.01,0.01,0.00,0,0.02,61,0,627,2017-11-15,5.33220,-0.00051,0.00003,-0.03027,0.00023,-0.00001
AAPL171117C00055000,AAPL,2017-11-17,55.00,call,60.02,114.07,113.60,13,114.55,11,0,2,2017-11-15,3.60970,1.00000,0.00000,-0.00175,0.00000,0.00301
AAPL171117P00055000,AAPL,2017-11-17,55.00,put,0.01,0.01,0.00,0,0.02,64,0,876,2017-11-15,4.92779,-0.00055,0.00003,-0.03015,0.00024,-0.00001
AAPL171117C00060000,AAPL,2017-11-17,60.00,call,57.85,109.10,108.60,5,109.60,5,0,0,2017-11-15,4.75219,0.99910,0.00005,-0.04737,0.00038,0.00328
AAPL171117P00060000,AAPL,2017-11-17,60.00,put,0.01,0.01,0.00,0,0.02,59,0,2103,2017-11-15,4.55936,-0.00060,0.00004,-0.03003,0.00026,-0.00001
AAPL171117C00065000,AAPL,2017-11-17,65.00,call,55.20,104.10,103.60,5,104.60,5,0,0,2017-11-15,4.39244,0.99904,0.00006,-0.04655,0.00041,0.00355
AAPL171117P00065000,AAPL,2017-11-17,65.00,put,0.01,0.01,0.00,0,0.02,64,0,2120,2017-11-15,4.22064,-0.00065,0.00004,-0.02988,0.00028,-0.00001
AAPL171117C00070000,AAPL,2017-11-17,70.00,call,52.70,99.07,98.60,22,99.55,15,0,20,2017-11-15,3.13507,1.00000,0.00000,-0.00222,0.00000,0.00384
AAPL171117P00070000,AAPL,2017-11-17,70.00,put,0.00,0.01,0.00,0,0.02,38,0,2334,2017-11-15,3.90724,-0.00070,0.00005,-0.02972,0.00030,-0.00001
AAPL171117C00075000,AAPL,2017-11-17,75.00,call,94.15,94.07,93.60,19,94.55,15,5,5,2017-11-15,2.97686,1.00000,0.00000,-0.00238,0.00000,0.00411
AAPL171117P00075000,AAPL,2017-11-17,75.00,put,0.01,0.01,0.00,0,0.02,62,0,1667,2017-11-15,3.61548,-0.00076,0.00006,-0.02954,0.00033,-0.00001
AAPL171117C00080000,AAPL,2017-11-17,80.00,call,47.70,89.10,88.65,21,89.55,9,0,60,2017-11-15,3.46152,0.99885,0.00009,-0.04393,0.00048,0.00437
AAPL171117P00080000,AAPL,2017-11-17,80.00,put,0.01,0.01,0.00,0,0.02,62,0,3719,2017-11-15,3.34231,-0.00082,0.00007,-0.02934,0.00035,-0.00001
AAPL171117C00085000,AAPL,2017-11-17,85.00,call,45.03,84.10,83.65,12,84.55,6,0,2,2017-11-15,3.19018,0.99878,0.00010,-0.04303,0.00051,0.00465
AAPL171117P00085000,AAPL,2017-11-17,85.00,put,0.01,0.01,0.00,0,0.02,84,0,1693,2017-11-15,3.08561,-0.00089,0.00008,-0.02914,0.00038,-0.00001
AAPL171117C00090000,AAPL,2017-11-17,90.00,call,42.68,79.10,78.65,21,79.55,8,0,19,2017-11-15,2.93440,0.99870,0.00012,-0.04212,0.00054,0.00492
AAPL171117P00090000,AAPL,2017-11-17,90.00,put,0.01,0.01,0.00,0,0.02,74,0,5066,2017-11-15,2.84324,-0.00096,0.00009,-0.02892,0.00041,-0.00001
AAPL171117C00092500,AAPL,2017-11-17,92.50,call,41.32,76.62,76.15,5,77.10,5,0,0,2017-11-15,3.06412,0.99722,0.00022,-0.08475,0.00107,0.00504
AAPL171117P00092500,AAPL,2017-11-17,92.50,put,0.01,0.01,0.00,0,0.02,38,0,1222,2017-11-15,2.72678,-0.00100,0.00010,-0.02879,0.00042,-0.00001
AAPL171117C00095000,AAPL,2017-11-17,95.00,call,40.20,74.10,73.65,21,74.55,9,0,20,2017-11-15,2.69248,0.99862,0.00013,-0.04120,0.00057,0.00519
AAPL171117P00095000,AAPL,2017-11-17,95.00,put,0.01,0.01,0.00,0,0.01,27,0,2629,2017-11-15,2.61337,-0.00105,0.00011,-0.02866,0.00044,-0.00001
AAPL171117C00097500,AAPL,2017-11-17,97.50,call,38.81,71.60,71.15,18,72.05,8,0,10,2017-11-15,2.57617,0.99857,0.00014,-0.04073,0.00058,0.00533
AAPL171117P00097500,AAPL,2017-11-17,97.50,put,0.01,0.01,0.00,0,0.01,207,0,3051,2017-11-15,2.50285,-0.00109,0.00012,-0.02854,0.00046,-0.00001
AAPL171117C00100000,AAPL,2017-11-17,100.00,call,37.68,68.95,68.65,87,69.25,104,0,526,2017-11-15,2.18582,1.00000,0.00000,-0.00318,0.00000,0.00548
AAPL171117P00100000,AAPL,2017-11-17,100.00,put,0.01,0.01,0.00,0,0.01,50,0,6771,2017-11-15,2.39493,-0.00114,0.00013,-0.02841,0.00047,-0.00001
AAPL171117C00105000,AAPL,2017-11-17,105.00,call,35.18,64.10,63.65,18,64.55,11,0,10,2017-11-15,2.24417,0.99842,0.00018,-0.03930,0.00064,0.00574
AAPL171117P00105000,AAPL,2017-11-17,105.00,put,0.01,0.01,0.00,0,0.01,85,0,15438,2017-11-15,2.18640,-0.00124,0.00015,-0.02812,0.00051,-0.00001
AAPL171117C00110000,AAPL,2017-11-17,110.00,call,32.78,58.97,58.65,21,59.30,12,0,21,2017-11-15,1.86940,1.00000,0.00000,-0.00350,0.00000,0.00603
AAPL171117P00110000,AAPL,2017-11-17,110.00,put,0.01,0.01,0.00,0,0.01,533,0,8935,2017-11-15,1.98686,-0.00136,0.00018,-0.02780,0.00056,-0.00001
AAPL171117C00115000,AAPL,2017-11-17,115.00,call,28.84,53.92,53.60,60,54.25,4,0,118,2017-11-15,1.71119,1.00000,0.00000,-0.00365,0.00000,0.00630
AAPL171117P00115000,AAPL,2017-11-17,115.00,put,0.01,0.01,0.00,0,0.01,64,0,4645,2017-11-15,1.79540,-0.00150,0.00022,-0.02745,0.00061,-0.00001
AAPL171117C00120000,AAPL,2017-11-17,120.00,call,49.35,49.02,48.65,107,49.40,136,5,617,2017-11-15,1.55298,1.00000,0.00000,-0.00381,0.00000,0.00657
AAPL171117P00120000,AAPL,2017-11-17,120.00,put,0.02,0.01,0.00,0,0.02,57,10,4461,2017-11-15,1.61126,-0.00167,0.00027,-0.02709,0.00067,-0.00002
AAPL171117C00125000,AAPL,2017-11-17,125.00,call,43.55,43.95,43.65,25,44.25,11,2,52,2017-11-15,1.39477,1.00000,0.00000,-0.00397,0.00000,0.00685
AAPL171117P00125000,AAPL,2017-11-17,125.00,put,0.01,0.01,0.00,0,0.01,43,0,6616,2017-11-15,1.43352,-0.00186,0.00033,-0.02667,0.00074,-0.00002
AAPL171117C00130000,AAPL,2017-11-17,130.00,call,39.25,39.10,38.70,6,39.50,32,17,167,2017-11-15,1.28123,0.99759,0.00047,-0.03416,0.00094,0.00710
AAPL171117P00130000,AAPL,2017-11-17,130.00,put,0.01,0.01,0.00,0,0.02,109,0,9454,2017-11-15,1.26157,-0.00211,0.00042,-0.02621,0.00083,-0.00002
AAPL171117C00135000,AAPL,2017-11-17,135.00,call,34.30,34.10,33.75,111,34.45,35,13,151,2017-11-15,1.10898,0.99731,0.00060,-0.03301,0.00104,0.00737
AAPL171117P00135000,AAPL,2017-11-17,135.00,put,0.01,0.01,0.00,0,0.01,315,5,15129,2017-11-15,1.09465,-0.00241,0.00055,-0.02567,0.00094,-0.00002
AAPL171117C00137000,AAPL,2017-11-17,137.00,call,19.09,32.15,31.70,6,32.60,15,0,12,2017-11-15,1.26660,0.98903,0.00182,-0.11876,0.00361,0.00740
AAPL171117P00137000,AAPL,2017-11-17,137.00,put,0.01,0.01,0.00,0,0.02,101,0,543,2017-11-15,1.02926,-0.00255,0.00061,-0.02545,0.00099,-0.00002
AAPL171117C00138000,AAPL,2017-11-17,138.00,call,0.00,31.12,30.65,10,31.60,8,0,0,2017-11-15,1.12758,0.99336,0.00132,-0.07000,0.00233,0.00750
AAPL171117P00138000,AAPL,2017-11-17,138.00,put,0.01,0.01,0.00,0,0.01,60,0,208,2017-11-15,0.99679,-0.00263,0.00065,-0.02533,0.00102,-0.00002
AAPL171117C00139000,AAPL,2017-11-17,139.00,call,18.09,30.12,29.65,11,30.60,8,0,0,2017-11-15,1.09145,0.99317,0.00140,-0.06953,0.00239,0.00755
AAPL171117P00139000,AAPL,2017-11-17,139.00,put,0.01,0.01,0.00,0,0.02,74,0,306,2017-11-15,0.96447,-0.00271,0.00069,-0.02521,0.00105,-0.00003
AAPL171117C00140000,AAPL,2017-11-17,140.00,call,29.35,29.15,28.75,132,29.55,42,25,214,2017-11-15,1.15075,0.98806,0.00216,-0.11639,0.00389,0.00756
AAPL171117P00140000,AAPL,2017-11-17,140.00,put,0.01,0.01,0.00,0,0.01,301,18,19970,2017-11-15,0.93231,-0.00280,0.00074,-0.02508,0.00108,-0.00003
AAPL171117C00141000,AAPL,2017-11-17,141.00,call,17.06,28.15,27.70,4,28.60,8,0,0,2017-11-15,1.11249,0.98769,0.00229,-0.11557,0.00400,0.00761
AAPL171117P00141000,AAPL,2017-11-17,141.00,put,0.01,0.01,0.00,0,0.01,10,0,908,2017-11-15,0.90030,-0.00290,0.00079,-0.02494,0.00111,-0.00003
AAPL171117C00142000,AAPL,2017-11-17,142.00,call,16.38,27.12,26.65,10,27.60,8,0,0,2017-11-15,0.98414,0.99252,0.00168,-0.06810,0.00259,0.00771
AAPL171117P00142000,AAPL,2017-11-17,142.00,put,0.01,0.01,0.00,0,0.03,18,2,2916,2017-11-15,0.86829,-0.00299,0.00084,-0.02477,0.00114,-0.00003
AAPL171117C00143000,AAPL,2017-11-17,143.00,call,16.12,26.07,25.65,6,26.50,6,0,1,2017-11-15,0.82522,1.00000,0.00000,-0.00454,0.00000,0.00784
AAPL171117P00143000,AAPL,2017-11-17,143.00,put,0.01,0.01,0.00,0,0.04,233,0,597,2017-11-15,0.83658,-0.00310,0.00090,-0.02463,0.00118,-0.00003
AAPL171117C00144000,AAPL,2017-11-17,144.00,call,15.55,25.12,24.65,21,25.60,8,0,0,2017-11-15,0.91341,0.99201,0.00192,-0.06711,0.00274,0.00781
AAPL171117P00144000,AAPL,2017-11-17,144.00,put,0.01,0.01,0.00,0,0.01,42,0,1613,2017-11-15,0.80503,-0.00321,0.00097,-0.02450,0.00122,-0.00003
AAPL171117C00145000,AAPL,2017-11-17,145.00,call,23.90,23.95,23.75,204,24.15,1,103,935,2017-11-15,0.76194,1.00000,0.00000,-0.00461,0.00000,0.00794
AAPL171117P00145000,AAPL,2017-11-17,145.00,put,0.01,0.01,0.00,0,0.01,281,60,30865,2017-11-15,0.77347,-0.00333,0.00104,-0.02432,0.00126,-0.00003
AAPL171117C00146000,AAPL,2017-11-17,146.00,call,14.56,23.00,22.70,4,23.30,7,0,0,2017-11-15,0.73029,1.00000,0.00000,-0.00464,0.00000,0.00800
AAPL171117P00146000,AAPL,2017-11-17,146.00,put,0.01,0.01,0.00,0,0.01,175,0,2333,2017-11-15,0.74222,-0.00347,0.00112,-0.02419,0.00130,-0.00003
AAPL171117C00147000,AAPL,2017-11-17,147.00,call,14.06,22.10,21.65,16,22.55,17,0,4,2017-11-15,0.71570,0.99620,0.00126,-0.03000,0.00142,0.00802
AAPL171117P00147000,AAPL,2017-11-17,147.00,put,0.01,0.01,0.00,0,0.01,246,88,1119,2017-11-15,0.71097,-0.00361,0.00121,-0.02402,0.00135,-0.00003
AAPL171117C00148000,AAPL,2017-11-17,148.00,call,13.55,21.10,20.65,9,21.55,22,0,0,2017-11-15,0.68384,0.99606,0.00137,-0.02969,0.00146,0.00807
AAPL171117P00148000,AAPL,2017-11-17,148.00,put,0.01,0.01,0.00,0,0.01,119,20,1190,2017-11-15,0.67972,-0.00376,0.00132,-0.02382,0.00140,-0.00004
AAPL171117C00149000,AAPL,2017-11-17,149.00,call,20.24,20.02,19.65,31,20.40,9,51,0,2017-11-15,0.63537,1.00000,0.00000,-0.00474,0.00000,0.00816
AAPL171117P00149000,AAPL,2017-11-17,149.00,put,0.01,0.01,0.01,20,0.02,41,237,3463,2017-11-15,0.64863,-0.00393,0.00143,-0.02362,0.00146,-0.00004
AAPL171117C00150000,AAPL,2017-11-17,150.00,call,18.79,18.98,18.70,106,19.25,59,337,2918,2017-11-15,0.60373,1.00000,0.00000,-0.00477,0.00000,0.00822
AAPL171117P00150000,AAPL,2017-11-17,150.00,put,0.02,0.01,0.01,125,0.02,138,1618,41927,2017-11-15,0.61768,-0.00411,0.00157,-0.02343,0.00152,-0.00004
AAPL171117C00152500,AAPL,2017-11-17,152.50,call,16.95,16.60,16.25,150,16.95,109,46,106,2017-11-15,0.54238,0.99523,0.00204,-0.02834,0.00173,0.00831
AAPL171117P00152500,AAPL,2017-11-17,152.50,put,0.03,0.03,0.02,5,0.03,78,455,8815,2017-11-15,0.61677,-0.01116,0.00380,-0.05654,0.00367,-0.00011
AAPL171117C00155000,AAPL,2017-11-17,155.00,call,14.49,14.15,14.05,10,14.25,52,299,1619,2017-11-15,0.58826,0.97830,0.00705,-0.10028,0.00649,0.00829
AAPL171117P00155000,AAPL,2017-11-17,155.00,put,0.03,0.04,0.03,44,0.04,74,1375,43456,2017-11-15,0.55320,-0.01597,0.00577,-0.06907,0.00500,-0.00015
AAPL171117C00157500,AAPL,2017-11-17,157.50,call,11.45,11.62,11.50,62,11.75,38,86,238,2017-11-15,0.44543,0.98500,0.00679,-0.05770,0.00474,0.00849
AAPL171117P00157500,AAPL,2017-11-17,157.50,put,0.04,0.06,0.05,2,0.06,81,2193,6782,2017-11-15,0.49528,-0.02528,0.00952,-0.09128,0.00738,-0.00024
AAPL171117C00160000,AAPL,2017-11-17,160.00,call,8.90,9.20,9.10,3,9.30,49,387,2859,2017-11-15,0.44939,0.95331,0.01736,-0.14212,0.01222,0.00833
AAPL171117P00160000,AAPL,2017-11-17,160.00,put,0.08,0.08,0.08,36,0.09,22,7134,41861,2017-11-15,0.42272,-0.03740,0.01542,-0.10770,0.01021,-0.00035
AAPL171117C00162500,AAPL,2017-11-17,162.50,call,6.99,6.75,6.65,39,6.85,100,82,489,2017-11-15,0.37653,0.92512,0.03000,-0.17133,0.01770,0.00820
AAPL171117P00162500,AAPL,2017-11-17,162.50,put,0.13,0.13,0.12,47,0.14,48,2967,7154,2017-11-15,0.35885,-0.06552,0.02841,-0.14290,0.01597,-0.00061
AAPL171117C00165000,AAPL,2017-11-17,165.00,call,4.30,4.33,4.25,69,4.40,17,3478,6264,2017-11-15,0.29483,0.87141,0.05690,-0.19823,0.02628,0.00784
AAPL171117P00165000,AAPL,2017-11-17,165.00,put,0.24,0.23,0.22,30,0.25,63,7404,20700,2017-11-15,0.29117,-0.12568,0.05670,-0.18757,0.02586,-0.00118
AAPL171117C00167500,AAPL,2017-11-17,167.50,call,2.16,2.17,2.10,63,2.25,2,8398,2314,2017-11-15,0.24391,0.70283,0.11341,-0.26792,0.04333,0.00639
AAPL171117P00167500,AAPL,2017-11-17,167.50,put,0.62,0.59,0.58,22,0.60,3,13437,14422,2017-11-15,0.24635,-0.29894,0.11259,-0.26595,0.04345,-0.00280
AAPL171117C00170000,AAPL,2017-11-17,170.00,call,0.74,0.75,0.73,75,0.77,16,38903,12706,2017-11-15,0.22928,0.37923,0.13260,-0.27500,0.04763,0.00347
AAPL171117P00170000,AAPL,2017-11-17,170.00,put,1.63,1.67,1.61,10,1.72,28,15724,15466,2017-11-15,0.23156,-0.61955,0.13142,-0.27260,0.04767,-0.00583
AAPL171117C00172500,AAPL,2017-11-17,172.50,call,0.19,0.18,0.18,27,0.19,2,26179,24247,2017-11-15,0.23294,0.12526,0.07071,-0.15093,0.02580,0.00115
AAPL171117P00172500,AAPL,2017-11-17,172.50,put,3.60,3.58,3.50,28,3.65,1,5023,15048,2017-11-15,0.22943,-0.87837,0.07033,-0.14014,0.02528,-0.00833
AAPL171117C00175000,AAPL,2017-11-17,175.00,call,0.06,0.06,0.05,39,0.06,1,24644,50289,2017-11-15,0.26998,0.04374,0.02742,-0.07849,0.01159,0.00040
AAPL171117P00175000,AAPL,2017-11-17,175.00,put,6.25,5.95,5.85,61,6.05,11,1414,20938,2017-11-15,0.25184,-0.96662,0.02358,-0.05317,0.00930,-0.00928
AAPL171117C00177500,AAPL,2017-11-17,177.50,call,0.03,0.04,0.03,37,0.04,327,9258,27828,2017-11-15,0.33385,0.02549,0.01422,-0.06219,0.00744,0.00023
AAPL171117P00177500,AAPL,2017-11-17,177.50,put,8.69,8.55,8.25,86,8.85,83,180,3042,2017-11-15,0.42272,-0.93766,0.02320,-0.15703,0.01536,-0.00916
AAPL171117C00180000,AAPL,2017-11-17,180.00,call,0.02,0.03,0.02,95,0.03,328,7213,29978,2017-11-15,0.39559,0.01698,0.00851,-0.05223,0.00527,0.00016
AAPL171117P00180000,AAPL,2017-11-17,180.00,put,10.00,11.05,10.70,174,11.40,89,16,656,2017-11-15,0.51570,-0.94724,0.01668,-0.16824,0.01347,-0.00938
AAPL171117C00182500,AAPL,2017-11-17,182.50,call,0.02,0.01,0.00,0,0.02,256,2910,9972,2017-11-15,0.40900,0.00611,0.00338,-0.02216,0.00216,0.00006
AAPL171117P00182500,AAPL,2017-11-17,182.50,put,12.75,13.55,13.25,157,13.85,80,11,174,2017-11-15,0.60427,-0.95389,0.01278,-0.17722,0.01210,-0.00958
AAPL171117C00185000,AAPL,2017-11-17,185.00,call,0.01,0.01,0.00,0,0.01,296,905,17922,2017-11-15,0.47287,0.00536,0.00260,-0.02281,0.00193,0.00005
AAPL171117P00185000,AAPL,2017-11-17,185.00,put,15.55,16.05,15.70,201,16.40,96,2,160,2017-11-15,0.68948,-0.95875,0.01024,-0.18496,0.01106,-0.00976
AAPL171117C00187500,AAPL,2017-11-17,187.50,call,0.01,0.01,0.00,0,0.01,250,150,3478,2017-11-15,0.53491,0.00480,0.00208,-0.02335,0.00174,0.00004
AAPL171117P00187500,AAPL,2017-11-17,187.50,put,6.57,18.50,18.10,14,18.90,19,0,31,2017-11-15,0.71646,-0.97270,0.00702,-0.13521,0.00787,-0.01003
AAPL171117C00190000,AAPL,2017-11-17,190.00,call,0.01,0.01,0.00,0,0.01,327,10,17017,2017-11-15,0.59543,0.00436,0.00172,-0.02384,0.00160,0.00004
AAPL171117P00190000,AAPL,2017-11-17,190.00,put,8.10,21.07,20.75,185,21.40,121,0,185,2017-11-15,0.87164,-0.96203,0.00757,-0.21944,0.01034,-0.01007
AAPL171117C00192500,AAPL,2017-11-17,192.50,call,0.01,0.01,0.00,0,0.01,23,2,243,2017-11-15,0.65442,0.00400,0.00145,-0.02426,0.00148,0.00004
AAPL171117P00192500,AAPL,2017-11-17,192.50,put,8.75,23.57,23.25,6,23.90,11,0,2,2017-11-15,0.95030,-0.96470,0.00654,-0.22543,0.00974,-0.01023
AAPL171117C00195000,AAPL,2017-11-17,195.00,call,0.01,0.01,0.00,0,0.01,200,40,4857,2017-11-15,0.71219,0.00370,0.00124,-0.02467,0.00138,0.00003
AAPL171117P00195000,AAPL,2017-11-17,195.00,put,11.54,26.02,25.65,140,26.40,8,0,121,2017-11-15,0.96646,-0.97483,0.00486,-0.17170,0.00736,-0.01046
AAPL171117C00197500,AAPL,2017-11-17,197.50,call,0.01,0.01,0.00,0,0.01,200,0,1867,2017-11-15,0.76859,0.00345,0.00108,-0.02500,0.00130,0.00003
AAPL171117P00197500,AAPL,2017-11-17,197.50,put,0.00,28.50,28.10,21,28.90,8,0,0,2017-11-15,1.00761,-0.97957,0.00391,-0.14928,0.00617,-0.01064
AAPL171117C00200000,AAPL,2017-11-17,200.00,call,0.01,0.01,0.00,0,0.01,278,0,8952,2017-11-15,0.82393,0.00324,0.00095,-0.02532,0.00123,0.00003
AAPL171117P00200000,AAPL,2017-11-17,200.00,put,30.55,31.00,30.60,53,31.40,15,4,95,2017-11-15,1.07606,-0.98067,0.00349,-0.15210,0.00589,-0.01078
AAPL171117C00205000,AAPL,2017-11-17,205.00,call,0.01,0.01,0.00,0,0.02,97,0,6031,2017-11-15,0.93155,0.00291,0.00076,-0.02593,0.00111,0.00003
AAPL171117P00205000,AAPL,2017-11-17,205.00,put,15.10,36.05,35.70,9,36.40,14,0,0,2017-11-15,1.28840,-0.97567,0.00354,-0.22393,0.00715,-0.01101
AAPL171117C00210000,AAPL,2017-11-17,210.00,call,0.01,0.01,0.00,0,0.01,193,0,4670,2017-11-15,1.03505,0.00264,0.00063,-0.02640,0.00102,0.00002
AAPL171117P00210000,AAPL,2017-11-17,210.00,put,40.70,41.08,40.75,48,41.40,87,20,41,2017-11-15,1.46385,-0.97414,0.00328,-0.26888,0.00753,-0.01128
AAPL171117C00215000,AAPL,2017-11-17,215.00,call,0.01,0.01,0.00,0,0.01,334,0,3072,2017-11-15,1.13520,0.00243,0.00053,-0.02686,0.00095,0.00002
AAPL171117P00215000,AAPL,2017-11-17,215.00,put,27.98,45.97,45.55,6,46.40,15,0,40,2017-11-15,1.38687,-0.98894,0.00168,-0.11945,0.00364,-0.01168
AAPL171117C00220000,AAPL,2017-11-17,220.00,call,0.01,0.01,0.00,0,0.01,36,0,2221,2017-11-15,1.23215,0.00226,0.00046,-0.02727,0.00088,0.00002
AAPL171117P00220000,AAPL,2017-11-17,220.00,put,22.65,51.02,50.65,24,51.40,15,0,60,2017-11-15,1.61888,-0.98368,0.00201,-0.19937,0.00510,-0.01191
AAPL171117C00225000,AAPL,2017-11-17,225.00,call,0.01,0.01,0.00,0,0.01,198,0,806,2017-11-15,1.32605,0.00211,0.00040,-0.02763,0.00083,0.00002
AAPL171117P00225000,AAPL,2017-11-17,225.00,put,55.79,56.08,55.75,12,56.40,12,5,20,2017-11-15,1.84235,-0.97864,0.00222,-0.28804,0.00641,-0.01214
AAPL171117C00230000,AAPL,2017-11-17,230.00,call,0.01,0.01,0.00,0,0.01,194,0,12165,2017-11-15,1.41721,0.00199,0.00036,-0.02797,0.00079,0.00002
AAPL171117P00230000,AAPL,2017-11-17,230.00,put,27.55,60.95,60.50,4,61.40,5,0,0,2017-11-15,1.64647,-0.99312,0.00093,-0.09164,0.00240,-0.01254
AAPL171117C00235000,AAPL,2017-11-17,235.00,call,0.01,0.01,0.00,0,0.01,104,0,2961,2017-11-15,1.50577,0.00188,0.00032,-0.02828,0.00075,0.00002
AAPL171117P00235000,AAPL,2017-11-17,235.00,put,33.05,65.95,65.50,15,66.40,15,0,19,2017-11-15,1.74769,-0.99342,0.00084,-0.09342,0.00231,-0.01282
AAPL171117C00240000,AAPL,2017-11-17,240.00,call,0.01,0.01,0.00,0,0.01,140,0,1823,2017-11-15,1.59190,0.00179,0.00029,-0.02856,0.00072,0.00002
AAPL171117P00240000,AAPL,2017-11-17,240.00,put,40.20,70.93,70.45,5,71.40,5,0,0,2017-11-15,1.73625,-0.99610,0.00053,-0.05532,0.00145,-0.01312
AAPL171117C00245000,AAPL,2017-11-17,245.00,call,0.01,0.01,0.00,0,0.01,89,0,399,2017-11-15,1.67574,0.00171,0.00026,-0.02882,0.00069,0.00002
AAPL171117P00245000,AAPL,2017-11-17,245.00,put,35.15,75.95,75.50,13,76.40,15,0,16,2017-11-15,1.94189,-0.99393,0.00071,-0.09668,0.00215,-0.01337
AAPL171117C00250000,AAPL,2017-11-17,250.00,call,0.02,0.01,0.00,0,0.01,50,0,586,2017-11-15,1.75744,0.00164,0.00024,-0.02907,0.00066,0.00001
AAPL171117P00250000,AAPL,2017-11-17,250.00,put,37.65,80.93,80.45,5,81.40,5,0,0,2017-11-15,1.91841,-0.99635,0.00045,-0.05763,0.00137,-0.01367
AAPL171117C00255000,AAPL,2017-11-17,255.00,call,0.00,0.01,0.00,0,0.02,59,0,33,2017-11-15,1.83717,0.00157,0.00022,-0.02931,0.00064,0.00001
AAPL171117P00255000,AAPL,2017-11-17,255.00,put,49.60,85.93,85.45,5,86.40,5,0,0,2017-11-15,2.00637,-0.99645,0.00042,-0.05878,0.00133,-0.01394
AAPL171117C00260000,AAPL,2017-11-17,260.00,call,0.01,0.01,0.00,0,0.02,79,0,540,2017-11-15,1.91491,0.00152,0.00021,-0.02953,0.00062,0.00001
AAPL171117P00260000,AAPL,2017-11-17,260.00,put,42.65,90.93,90.45,5,91.40,5,0,0,2017-11-15,2.09219,-0.99654,0.00040,-0.05985,0.00130,-0.01422
AAPL171117C00265000,AAPL,2017-11-17,265.00,call,0.00,0.01,0.00,0,0.02,60,0,0,2017-11-15,1.99082,0.00146,0.00019,-0.02974,0.00060,0.00001
AAPL171117P00265000,AAPL,2017-11-17,265.00,put,45.15,95.93,95.45,5,96.40,5,0,0,2017-11-15,2.17618,-0.99662,0.00037,-0.06093,0.00127,-0.01449
AAPL171117C00270000,AAPL,2017-11-17,270.00,call,0.00,0.01,0.00,0,0.02,63,0,0,2017-11-15,2.06506,0.00142,0.00018,-0.02995,0.00058,0.00001
AAPL171117P00270000,AAPL,2017-11-17,270.00,put,47.63,100.93,100.45,5,101.40,5,0,0,2017-11-15,2.25834,-0.99669,0.00035,-0.06198,0.00125,-0.01476
AAPL171117C00275000,AAPL,2017-11-17,275.00,call,0.01,0.01,0.00,0,0.02,59,0,1,2017-11-15,2.13746,0.00137,0.00017,-0.03013,0.00056,0.00001
AAPL171117P00275000,AAPL,2017-11-17,275.00,put,60.95,105.95,104.55,1,107.35,1,0,0,2017-11-15,2.47023,-0.99489,0.00048,-0.10525,0.00185,-0.01502
AAPL171117C00280000,AAPL,2017-11-17,280.00,call,0.01,0.01,0.00,0,0.02,59,0,35,2017-11-15,2.20850,0.00134,0.00016,-0.03032,0.00055,0.00001
AAPL171117P00280000,AAPL,2017-11-17,280.00,put,0.00,110.93,110.45,5,111.40,5,0,0,2017-11-15,2.41779,-0.99682,0.00032,-0.06407,0.00121,-0.01531
AAPL171117C00285000,AAPL,2017-11-17,285.00,call,0.00,0.01,0.00,0,0.02,64,0,0,2017-11-15,2.27786,0.00130,0.00015,-0.03049,0.00054,0.00001
AAPL171117P00285000,AAPL,2017-11-17,285.00,put,66.18,115.93,115.45,5,116.40,5,0,0,2017-11-15,2.49508,-0.99687,0.00030,-0.06509,0.00119,-0.01559
AAPL171117C00290000,AAPL,2017-11-17,290.00,call,0.01,0.01,0.00,0,0.02,38,0,50,2017-11-15,2.34584,0.00126,0.00014,-0.03066,0.00052,0.00001
AAPL171117P00290000,AAPL,2017-11-17,290.00,put,61.83,120.95,120.50,4,121.40,5,0,0,2017-11-15,2.70910,-0.99520,0.00041,-0.10905,0.00175,-0.01585
AAPL171117C00295000,AAPL,2017-11-17,295.00,call,0.01,0.01,0.00,0,0.02,64,0,100,2017-11-15,2.41246,0.00123,0.00014,-0.03083,0.00051,0.00001
AAPL171117P00295000,AAPL,2017-11-17,295.00,put,60.15,125.72,124.10,5,127.35,1,0,0,2017-11-15,3.98434,-1.00000,0.00000,0.00937,0.00000,-0.01616
AAPL171117C00300000,AAPL,2017-11-17,300.00,call,0.00,0.01,0.00,0,0.02,63,0,0,2017-11-15,2.47755,0.00120,0.00013,-0.03096,0.00050,0.00001
AAPL171117P00300000,AAPL,2017-11-17,300.00,put,130.53,131.02,130.60,37,131.45,79,18,25,2017-11-15,3.15085,-0.99040,0.00065,-0.24408,0.00322,-0.01635
AAPL171117C00305000,AAPL,2017-11-17,305.00,call,0.00,0.01,0.00,0,0.02,60,0,0,2017-11-15,2.54157,0.00118,0.00012,-0.03112,0.00049,0.00001
AAPL171117P00305000,AAPL,2017-11-17,305.00,put,73.00,135.95,135.50,4,136.40,5,0,0,2017-11-15,2.93409,-0.99544,0.00036,-0.11267,0.00167,-0.01667
AAPL171117C00310000,AAPL,2017-11-17,310.00,call,0.00,0.01,0.00,0,0.02,57,0,0,2017-11-15,2.60422,0.00115,0.00012,-0.03125,0.00048,0.00001
AAPL171117P00310000,AAPL,2017-11-17,310.00,put,69.07,140.93,140.45,22,141.40,15,0,11,2017-11-15,2.86046,-0.99708,0.00025,-0.07005,0.00112,-0.01696
AAPL171117C00315000,AAPL,2017-11-17,315.00,call,0.01,0.01,0.00,0,0.02,78,4,0,2017-11-15,2.66580,0.00113,0.00011,-0.03139,0.00047,0.00001
AAPL171117P00315000,AAPL,2017-11-17,315.00,put,70.15,145.75,144.15,4,147.35,1,0,0,2017-11-15,4.61718,-1.00000,0.00000,0.01001,0.00000,-0.01726
AAPL171117C00320000,AAPL,2017-11-17,320.00,call,0.00,0.01,0.00,0,0.02,34,0,0,2017-11-15,2.72617,0.00111,0.00011,-0.03152,0.00046,0.00001
AAPL171117P00320000,AAPL,2017-11-17,320.00,put,73.00,150.95,149.55,1,152.35,1,0,0,2017-11-15,3.14689,-0.99563,0.00033,-0.11616,0.00161,-0.01750
AAPL171124C00105000,AAPL,2017-11-24,105.00,call,26.09,64.15,63.70,5,64.60,5,0,0,2017-11-15,1.18230,0.99610,0.00037,-0.02352,0.00308,0.02571
AAPL171124P00105000,AAPL,2017-11-24,105.00,put,0.01,0.01,0.00,0,0.02,42,0,2,2017-11-15,1.03109,-0.00124,0.00015,-0.00624,0.00109,-0.00005
AAPL171124C00110000,AAPL,2017-11-24,110.00,call,0.00,59.15,58.70,5,59.60,5,0,0,2017-11-15,1.07194,0.99585,0.00043,-0.02282,0.00325,0.02693
AAPL171124P00110000,AAPL,2017-11-24,110.00,put,0.00,0.01,0.00,0,0.02,169,0,0,2017-11-15,0.93704,-0.00136,0.00018,-0.00617,0.00119,-0.00006
AAPL171124C00115000,AAPL,2017-11-24,115.00,call,0.00,54.15,53.70,5,54.60,5,0,0,2017-11-15,0.96630,0.99558,0.00051,-0.02210,0.00344,0.02815
AAPL171124P00115000,AAPL,2017-11-24,115.00,put,0.01,0.01,0.00,0,0.02,75,0,2,2017-11-15,0.84679,-0.00150,0.00022,-0.00609,0.00130,-0.00007
AAPL171124C00120000,AAPL,2017-11-24,120.00,call,26.61,49.08,48.65,9,49.50,9,0,15,2017-11-15,0.46589,1.00000,0.00000,-0.00381,0.00000,0.02958
AAPL171124P00120000,AAPL,2017-11-24,120.00,put,0.02,0.01,0.00,0,0.02,164,0,16,2017-11-15,0.76006,-0.00167,0.00027,-0.00602,0.00143,-0.00007
AAPL171124C00125000,AAPL,2017-11-24,125.00,call,0.00,44.08,43.65,9,44.50,9,0,0,2017-11-15,0.41843,1.00000,0.00000,-0.00397,0.00000,0.03081
AAPL171124P00125000,AAPL,2017-11-24,125.00,put,0.01,0.01,0.00,0,0.02,164,0,282,2017-11-15,0.67622,-0.00186,0.00033,-0.00592,0.00158,-0.00008
AAPL171124C00130000,AAPL,2017-11-24,130.00,call,21.43,39.12,38.75,8,39.50,9,0,6,2017-11-15,0.53293,0.99928,0.00018,-0.00609,0.00066,0.03201
AAPL171124P00130000,AAPL,2017-11-24,130.00,put,0.01,0.01,0.00,0,0.03,107,0,84,2017-11-15,0.59512,-0.00210,0.00042,-0.00581,0.00176,-0.00009
AAPL171124C00135000,AAPL,2017-11-24,135.00,call,19.95,34.12,33.75,8,34.50,9,0,7,2017-11-15,0.43690,0.99955,0.00014,-0.00533,0.00043,0.03326
AAPL171124P00135000,AAPL,2017-11-24,135.00,put,0.02,0.01,0.00,0,0.03,202,0,401,2017-11-15,0.51647,-0.00240,0.00055,-0.00569,0.00199,-0.00010
AAPL171124C00137000,AAPL,2017-11-24,137.00,call,0.00,32.12,31.75,8,32.50,10,0,0,2017-11-15,0.39467,0.99970,0.00011,-0.00500,0.00029,0.03376
AAPL171124P00137000,AAPL,2017-11-24,137.00,put,0.02,0.01,0.00,0,0.04,347,400,38,2017-11-15,0.48567,-0.00255,0.00061,-0.00565,0.00210,-0.00011
AAPL171124C00138000,AAPL,2017-11-24,138.00,call,0.00,31.12,30.75,8,31.50,11,0,0,2017-11-15,0.37074,0.99979,0.00008,-0.00482,0.00021,0.03401
AAPL171124P00138000,AAPL,2017-11-24,138.00,put,0.04,0.01,0.00,0,0.03,87,0,213,2017-11-15,0.47028,-0.00262,0.00065,-0.00561,0.00215,-0.00011
AAPL171124C00139000,AAPL,2017-11-24,139.00,call,17.94,30.12,29.75,9,30.50,10,0,0,2017-11-15,0.34101,0.99989,0.00005,-0.00464,0.00012,0.03426
AAPL171124P00139000,AAPL,2017-11-24,139.00,put,0.03,0.01,0.00,0,0.03,74,0,27,2017-11-15,0.45503,-0.00271,0.00069,-0.00558,0.00221,-0.00012
AAPL171124C00140000,AAPL,2017-11-24,140.00,call,17.44,29.15,28.75,16,29.55,8,0,2,2017-11-15,0.49589,0.99317,0.00145,-0.01835,0.00506,0.03422
AAPL171124P00140000,AAPL,2017-11-24,140.00,put,0.02,0.02,0.01,57,0.03,76,25,811,2017-11-15,0.47333,-0.00494,0.00114,-0.00995,0.00380,-0.00021
AAPL171124C00141000,AAPL,2017-11-24,141.00,call,0.00,28.12,27.75,15,28.50,7,0,0,2017-11-15,0.26655,1.00000,0.00000,-0.00448,0.00000,0.03476
AAPL171124P00141000,AAPL,2017-11-24,141.00,put,0.01,0.02,0.01,72,0.03,70,0,168,2017-11-15,0.45717,-0.00509,0.00121,-0.00988,0.00390,-0.00022
AAPL171124C00142000,AAPL,2017-11-24,142.00,call,0.00,27.12,26.75,15,27.50,8,0,0,2017-11-15,0.25706,1.00000,0.00000,-0.00451,0.00000,0.03500
AAPL171124P00142000,AAPL,2017-11-24,142.00,put,0.04,0.03,0.02,42,0.03,53,2,151,2017-11-15,0.46266,-0.00729,0.00164,-0.01374,0.00536,-0.00031
AAPL171124C00143000,AAPL,2017-11-24,143.00,call,15.92,26.15,25.75,16,26.55,9,0,0,2017-11-15,0.44452,0.99264,0.00173,-0.01786,0.00541,0.03494
AAPL171124P00143000,AAPL,2017-11-24,143.00,put,0.05,0.03,0.02,88,0.04,196,50,170,2017-11-15,0.44604,-0.00753,0.00175,-0.01363,0.00552,-0.00032
AAPL171124C00144000,AAPL,2017-11-24,144.00,call,15.48,25.12,24.70,21,25.55,11,0,0,2017-11-15,0.23807,1.00000,0.00000,-0.00458,0.00000,0.03550
AAPL171124P00144000,AAPL,2017-11-24,144.00,put,0.03,0.04,0.03,38,0.04,141,100,122,2017-11-15,0.44543,-0.00978,0.00221,-0.01712,0.00694,-0.00042
AAPL171124C00145000,AAPL,2017-11-24,145.00,call,14.88,24.07,23.75,21,24.40,7,0,10,2017-11-15,0.22858,1.00000,0.00000,-0.00461,0.00000,0.03574
AAPL171124P00145000,AAPL,2017-11-24,145.00,put,0.04,0.04,0.03,39,0.04,38,101,715,2017-11-15,0.42851,-0.01014,0.00237,-0.01699,0.00716,-0.00043
AAPL171124C00146000,AAPL,2017-11-24,146.00,call,14.48,23.05,22.75,19,23.35,12,0,0,2017-11-15,0.21909,1.00000,0.00000,-0.00464,0.00000,0.03599
AAPL171124P00146000,AAPL,2017-11-24,146.00,put,0.07,0.04,0.04,36,0.05,125,100,225,2017-11-15,0.41159,-0.01051,0.00255,-0.01684,0.00739,-0.00045
AAPL171124C00147000,AAPL,2017-11-24,147.00,call,12.27,22.15,21.80,19,22.50,21,0,57,2017-11-15,0.37714,0.99174,0.00225,-0.01716,0.00598,0.03589
AAPL171124P00147000,AAPL,2017-11-24,147.00,put,0.05,0.05,0.04,57,0.06,166,76,214,2017-11-15,0.40702,-0.01301,0.00310,-0.02004,0.00889,-0.00055
AAPL171124C00148000,AAPL,2017-11-24,148.00,call,21.54,21.18,20.80,19,21.55,21,2,8,2017-11-15,0.39772,0.98492,0.00360,-0.02694,0.01010,0.03584
AAPL171124P00148000,AAPL,2017-11-24,148.00,put,0.04,0.06,0.05,30,0.06,34,97,160,2017-11-15,0.40001,-0.01554,0.00368,-0.02295,0.01037,-0.00066
AAPL171124C00149000,AAPL,2017-11-24,149.00,call,13.27,20.23,20.10,2,20.35,51,0,0,2017-11-15,0.41876,0.97499,0.00526,-0.04070,0.01552,0.03566
AAPL171124P00149000,AAPL,2017-11-24,149.00,put,0.05,0.07,0.06,36,0.07,25,50,450,2017-11-15,0.39132,-0.01818,0.00430,-0.02567,0.01185,-0.00078
AAPL171124C00150000,AAPL,2017-11-24,150.00,call,19.20,19.25,19.15,2,19.35,51,11,61,2017-11-15,0.41159,0.97058,0.00613,-0.04525,0.01778,0.03572
AAPL171124P00150000,AAPL,2017-11-24,150.00,put,0.07,0.08,0.07,29,0.08,22,522,1436,2017-11-15,0.38141,-0.02098,0.00498,-0.02825,0.01339,-0.00089
AAPL171124C00152500,AAPL,2017-11-24,152.50,call,16.90,16.73,16.60,72,16.85,5,11,13,2017-11-15,0.35260,0.97108,0.00705,-0.03901,0.01752,0.03636
AAPL171124P00152500,AAPL,2017-11-24,152.50,put,0.07,0.10,0.09,43,0.11,31,37,1250,2017-11-15,0.34894,-0.02767,0.00687,-0.03259,0.01689,-0.00118
AAPL171124C00155000,AAPL,2017-11-24,155.00,call,14.30,14.30,14.20,11,14.40,51,3,105,2017-11-15,0.33629,0.95336,0.01093,-0.05306,0.02590,0.03622
AAPL171124P00155000,AAPL,2017-11-24,155.00,put,0.12,0.14,0.13,29,0.14,18,488,1951,2017-11-15,0.32165,-0.03986,0.01006,-0.04055,0.02281,-0.00170
AAPL171124C00157500,AAPL,2017-11-24,157.50,call,11.80,11.85,11.75,44,11.95,123,27,236,2017-11-15,0.30184,0.93657,0.01552,-0.06004,0.03303,0.03612
AAPL171124P00157500,AAPL,2017-11-24,157.50,put,0.21,0.18,0.18,13,0.19,19,262,2187,2017-11-15,0.28736,-0.05467,0.01451,-0.04662,0.02939,-0.00232
AAPL171124C00160000,AAPL,2017-11-24,160.00,call,9.29,9.45,9.35,1,9.55,145,85,205,2017-11-15,0.27287,0.90596,0.02315,-0.07209,0.04454,0.03544
AAPL171124P00160000,AAPL,2017-11-24,160.00,put,0.29,0.28,0.26,64,0.29,78,1257,1627,2017-11-15,0.26266,-0.08599,0.02251,-0.06034,0.04167,-0.00365
AAPL171124C00162500,AAPL,2017-11-24,162.50,call,6.89,7.08,6.95,81,7.20,87,122,410,2017-11-15,0.23842,0.86139,0.03492,-0.08215,0.05869,0.03417
AAPL171124P00162500,AAPL,2017-11-24,162.50,put,0.48,0.45,0.43,12,0.48,194,1642,1720,2017-11-15,0.23781,-0.13802,0.03491,-0.07656,0.05852,-0.00586
AAPL171124C00165000,AAPL,2017-11-24,165.00,call,4.70,4.95,4.90,24,5.00,9,484,637,2017-11-15,0.22242,0.76579,0.05194,-0.10459,0.08144,0.03071
AAPL171124P00165000,AAPL,2017-11-24,165.00,put,0.84,0.79,0.77,10,0.80,56,3219,2656,2017-11-15,0.21846,-0.23039,0.05240,-0.09667,0.08070,-0.00980
AAPL171124C00167500,AAPL,2017-11-24,167.50,call,2.86,3.10,3.05,28,3.15,60,1865,850,2017-11-15,0.20778,0.62279,0.06886,-0.11968,0.10086,0.02520
AAPL171124P00167500,AAPL,2017-11-24,167.50,put,1.48,1.44,1.39,22,1.49,273,8891,2422,2017-11-15,0.20458,-0.37554,0.06984,-0.11242,0.10072,-0.01601
AAPL171124C00170000,AAPL,2017-11-24,170.00,call,1.71,1.69,1.66,51,1.71,5,11161,2708,2017-11-15,0.19742,0.44026,0.07526,-0.11718,0.10473,0.01794
AAPL171124P00170000,AAPL,2017-11-24,170.00,put,2.60,2.52,2.51,17,2.53,3,4862,3472,2017-11-15,0.19346,-0.56121,0.07676,-0.10940,0.10467,-0.02402
AAPL171124C00172500,AAPL,2017-11-24,172.50,call,0.82,0.81,0.79,75,0.84,40,10226,4380,2017-11-15,0.19391,0.26336,0.06342,-0.09478,0.08669,0.01078
AAPL171124P00172500,AAPL,2017-11-24,172.50,put,4.25,4.20,4.10,21,4.30,284,761,2418,2017-11-15,0.19605,-0.73428,0.06301,-0.09077,0.08708,-0.03165
AAPL171124C00175000,AAPL,2017-11-24,175.00,call,0.35,0.38,0.36,1,0.39,206,7234,11812,2017-11-15,0.19986,0.14191,0.04233,-0.06697,0.05964,0.00582
AAPL171124P00175000,AAPL,2017-11-24,175.00,put,6.45,6.25,6.10,51,6.40,91,387,2269,2017-11-15,0.19986,-0.85809,0.04233,-0.06141,0.05964,-0.03732
AAPL171124C00177500,AAPL,2017-11-24,177.50,call,0.14,0.15,0.15,15,0.16,39,2270,4659,2017-11-15,0.20123,0.06512,0.02377,-0.03803,0.03371,0.00268
AAPL171124P00177500,AAPL,2017-11-24,177.50,put,8.79,8.55,8.40,35,8.70,229,159,560,2017-11-15,0.20992,-0.92636,0.02505,-0.03797,0.03706,-0.04073
AAPL171124C00180000,AAPL,2017-11-24,180.00,call,0.07,0.07,0.06,50,0.08,103,1142,4112,2017-11-15,0.21251,0.03214,0.01277,-0.02275,0.01913,0.00132
AAPL171124P00180000,AAPL,2017-11-24,180.00,put,11.00,10.97,10.60,69,11.35,93,26,104,2017-11-15,0.22714,-0.95808,0.01484,-0.02449,0.02377,-0.04265
AAPL171124C00182500,AAPL,2017-11-24,182.50,call,0.04,0.04,0.03,30,0.04,34,421,2338,2017-11-15,0.22974,0.01825,0.00734,-0.01528,0.01189,0.00075
AAPL171124P00182500,AAPL,2017-11-24,182.50,put,13.16,13.48,13.05,9,13.90,22,2,29,2017-11-15,0.27196,-0.96083,0.01173,-0.02839,0.02249,-0.04338
AAPL171124C00185000,AAPL,2017-11-24,185.00,call,0.03,0.03,0.02,5,0.03,67,730,2121,2017-11-15,0.25413,0.01295,0.00494,-0.01257,0.00886,0.00053
AAPL171124P00185000,AAPL,2017-11-24,185.00,put,5.06,15.97,15.55,22,16.40,21,0,28,2017-11-15,0.30626,-0.96720,0.00901,-0.02739,0.01945,-0.04426
AAPL171124C00187500,AAPL,2017-11-24,187.50,call,0.01,0.01,0.01,18,0.02,8,47,261,2017-11-15,0.25169,0.00481,0.00209,-0.00521,0.00371,0.00020
AAPL171124P00187500,AAPL,2017-11-24,187.50,put,6.81,18.48,18.05,21,18.90,21,0,0,2017-11-15,0.34924,-0.96805,0.00773,-0.03113,0.01903,-0.04492
AAPL171124C00190000,AAPL,2017-11-24,190.00,call,0.01,0.01,0.00,0,0.03,54,0,7797,2017-11-15,0.28019,0.00436,0.00172,-0.00531,0.00340,0.00018
AAPL171124P00190000,AAPL,2017-11-24,190.00,put,0.00,20.98,20.55,24,21.40,21,0,0,2017-11-15,0.38613,-0.97054,0.00654,-0.03229,0.01779,-0.04564
AAPL171124C00192500,AAPL,2017-11-24,192.50,call,0.01,0.01,0.00,0,0.03,86,0,33,2017-11-15,0.30809,0.00401,0.00145,-0.00541,0.00315,0.00016
AAPL171124P00192500,AAPL,2017-11-24,192.50,put,0.00,23.45,23.00,8,23.90,8,0,0,2017-11-15,0.40260,-0.97809,0.00489,-0.02506,0.01389,-0.04656
AAPL171124C00195000,AAPL,2017-11-24,195.00,call,0.02,0.01,0.00,0,0.03,139,0,167,2017-11-15,0.33522,0.00371,0.00124,-0.00549,0.00294,0.00015
AAPL171124P00195000,AAPL,2017-11-24,195.00,put,0.00,25.93,25.50,32,26.35,15,0,0,2017-11-15,0.41997,-0.98322,0.00374,-0.01971,0.01107,-0.04739
AAPL171124C00197500,AAPL,2017-11-24,197.50,call,0.00,0.01,0.00,0,0.03,161,0,0,2017-11-15,0.36190,0.00346,0.00108,-0.00557,0.00276,0.00014
AAPL171124P00197500,AAPL,2017-11-24,197.50,put,0.00,28.48,28.05,9,28.90,11,0,0,2017-11-15,0.49131,-0.97567,0.00438,-0.03525,0.01517,-0.04770
AAPL171124C00200000,AAPL,2017-11-24,200.00,call,0.01,0.01,0.00,0,0.01,41,0,600,2017-11-15,0.38796,0.00325,0.00095,-0.00564,0.00261,0.00013
AAPL171124P00200000,AAPL,2017-11-24,200.00,put,21.65,30.95,30.50,8,31.40,14,0,20,2017-11-15,0.50214,-0.98155,0.00339,-0.02722,0.01200,-0.04855
AAPL171124C00202500,AAPL,2017-11-24,202.50,call,0.00,0.01,0.00,0,0.01,41,0,0,2017-11-15,0.41357,0.00307,0.00085,-0.00571,0.00248,0.00013
AAPL171124P00202500,AAPL,2017-11-24,202.50,put,0.00,33.42,33.00,8,33.85,8,0,0,2017-11-15,0.50442,-0.98726,0.00246,-0.01811,0.00874,-0.04940
AAPL171124C00205000,AAPL,2017-11-24,205.00,call,0.00,0.01,0.00,0,0.01,42,0,0,2017-11-15,0.43872,0.00291,0.00076,-0.00578,0.00236,0.00012
AAPL171124P00205000,AAPL,2017-11-24,205.00,put,0.00,35.92,35.50,8,36.35,8,0,0,2017-11-15,0.53461,-0.98776,0.00224,-0.01862,0.00844,-0.05004
AAPL171124C00207500,AAPL,2017-11-24,207.50,call,0.00,0.01,0.00,0,0.01,42,0,0,2017-11-15,0.46327,0.00276,0.00069,-0.00582,0.00226,0.00011
AAPL171124P00207500,AAPL,2017-11-24,207.50,put,0.00,38.42,38.00,8,38.85,8,0,0,2017-11-15,0.56418,-0.98821,0.00205,-0.01907,0.00817,-0.05067
AAPL171124C00210000,AAPL,2017-11-24,210.00,call,0.01,0.01,0.00,0,0.01,42,0,24,2017-11-15,0.48750,0.00264,0.00063,-0.00588,0.00217,0.00011
AAPL171124P00210000,AAPL,2017-11-24,210.00,put,0.00,40.97,40.55,9,41.40,9,0,0,2017-11-15,0.64405,-0.98168,0.00263,-0.03612,0.01193,-0.05103
AAPL171124C00220000,AAPL,2017-11-24,220.00,call,0.00,0.01,0.00,0,0.01,44,0,0,2017-11-15,0.58034,0.00225,0.00046,-0.00606,0.00188,0.00009
AAPL171124P00220000,AAPL,2017-11-24,220.00,put,0.00,50.97,50.55,9,51.40,9,0,0,2017-11-15,0.76158,-0.98379,0.00200,-0.03857,0.01075,-0.05358
AAPL171124C00230000,AAPL,2017-11-24,230.00,call,0.00,0.01,0.00,0,0.01,45,0,0,2017-11-15,0.66768,0.00199,0.00036,-0.00623,0.00168,0.00008
AAPL171124P00230000,AAPL,2017-11-24,230.00,put,29.06,60.97,60.55,9,61.40,9,0,20,2017-11-15,0.87210,-0.98524,0.00161,-0.04082,0.00992,-0.05611
AAPL171201C00115000,AAPL,2017-12-01,115.00,call,29.95,54.17,53.80,8,54.55,8,0,25,2017-11-15,0.71219,0.99613,0.00046,-0.01270,0.00408,0.05008
AAPL171201P00115000,AAPL,2017-12-01,115.00,put,0.01,0.01,0.00,0,0.02,26,0,1,2017-11-15,0.63552,-0.00150,0.00022,-0.00343,0.00173,-0.00012
AAPL171201C00120000,AAPL,2017-12-01,120.00,call,27.57,49.15,48.75,9,49.55,9,0,1,2017-11-15,0.56479,0.99848,0.00025,-0.00689,0.00175,0.05246
AAPL171201P00120000,AAPL,2017-12-01,120.00,put,0.00,0.01,0.00,0,0.03,249,0,0,2017-11-15,0.57028,-0.00166,0.00027,-0.00337,0.00190,-0.00013
AAPL171201C00125000,AAPL,2017-12-01,125.00,call,0.00,44.15,43.75,8,44.55,8,0,0,2017-11-15,0.48781,0.99871,0.00025,-0.00626,0.00151,0.05467
AAPL171201P00125000,AAPL,2017-12-01,125.00,put,0.00,0.01,0.00,0,0.03,116,0,0,2017-11-15,0.50747,-0.00186,0.00033,-0.00332,0.00210,-0.00014
AAPL171201C00130000,AAPL,2017-12-01,130.00,call,22.53,39.17,38.75,5,39.60,8,0,0,2017-11-15,0.48827,0.99570,0.00073,-0.01094,0.00448,0.05663
AAPL171201P00130000,AAPL,2017-12-01,130.00,put,0.00,0.01,0.00,0,0.03,116,0,1,2017-11-15,0.44665,-0.00210,0.00042,-0.00326,0.00235,-0.00016
AAPL171201C00135000,AAPL,2017-12-01,135.00,call,19.94,34.23,33.85,8,34.60,8,0,0,2017-11-15,0.49482,0.98711,0.00190,-0.02241,0.01177,0.05816
AAPL171201P00135000,AAPL,2017-12-01,135.00,put,0.01,0.01,0.00,0,0.04,116,0,10,2017-11-15,0.38766,-0.00240,0.00054,-0.00319,0.00265,-0.00018
AAPL171201C00139000,AAPL,2017-12-01,139.00,call,0.00,30.23,29.80,7,30.65,8,0,0,2017-11-15,0.43674,0.98587,0.00233,-0.02172,0.01273,0.05982
AAPL171201P00139000,AAPL,2017-12-01,139.00,put,0.03,0.03,0.01,155,0.06,178,0,123,2017-11-15,0.38491,-0.00662,0.00136,-0.00786,0.00656,-0.00050
AAPL171201C00140000,AAPL,2017-12-01,140.00,call,17.49,29.27,28.90,8,29.65,8,0,2,2017-11-15,0.44924,0.98025,0.00301,-0.02814,0.01696,0.05982
AAPL171201P00140000,AAPL,2017-12-01,140.00,put,0.05,0.06,0.04,4,0.07,210,21,357,2017-11-15,0.40671,-0.01176,0.00213,-0.01374,0.01086,-0.00090
AAPL171201C00141000,AAPL,2017-12-01,141.00,call,16.99,28.27,27.90,8,28.65,8,0,0,2017-11-15,0.43446,0.97970,0.00319,-0.02793,0.01736,0.06022
AAPL171201P00141000,AAPL,2017-12-01,141.00,put,0.03,0.05,0.02,148,0.07,190,0,84,2017-11-15,0.38370,-0.01052,0.00205,-0.01177,0.00986,-0.00080
AAPL171201C00142000,AAPL,2017-12-01,142.00,call,16.49,27.20,26.85,9,27.55,6,0,0,2017-11-15,0.36845,0.98949,0.00213,-0.01579,0.00985,0.06142
AAPL171201P00142000,AAPL,2017-12-01,142.00,put,0.02,0.06,0.03,123,0.08,179,0,218,2017-11-15,0.37988,-0.01252,0.00241,-0.01355,0.01147,-0.00095
AAPL171201C00143000,AAPL,2017-12-01,143.00,call,0.00,26.20,25.85,7,26.55,2,0,0,2017-11-15,0.35488,0.98924,0.00226,-0.01564,0.01006,0.06183
AAPL171201P00143000,AAPL,2017-12-01,143.00,put,0.03,0.07,0.04,123,0.09,194,0,112,2017-11-15,0.37455,-0.01455,0.00278,-0.01521,0.01306,-0.00111
AAPL171201C00144000,AAPL,2017-12-01,144.00,call,15.18,25.27,24.95,6,25.60,6,0,127,2017-11-15,0.39025,0.97790,0.00381,-0.02720,0.01865,0.06140
AAPL171201P00144000,AAPL,2017-12-01,144.00,put,0.04,0.08,0.05,116,0.10,186,0,369,2017-11-15,0.36815,-0.01666,0.00318,-0.01678,0.01467,-0.00127
AAPL171201C00145000,AAPL,2017-12-01,145.00,call,15.02,24.25,23.90,11,24.60,11,0,25,2017-11-15,0.36464,0.98017,0.00372,-0.02389,0.01702,0.06202
AAPL171201P00145000,AAPL,2017-12-01,145.00,put,0.04,0.08,0.06,116,0.10,62,0,834,2017-11-15,0.35443,-0.01724,0.00340,-0.01664,0.01511,-0.00131
AAPL171201C00146000,AAPL,2017-12-01,146.00,call,0.00,23.25,22.95,9,23.55,6,0,13,2017-11-15,0.35031,0.97955,0.00398,-0.02364,0.01746,0.06241
AAPL171201P00146000,AAPL,2017-12-01,146.00,put,0.06,0.10,0.07,116,0.12,144,20,209,2017-11-15,0.35275,-0.02113,0.00406,-0.01968,0.01795,-0.00161
AAPL171201C00147000,AAPL,2017-12-01,147.00,call,0.00,22.27,21.95,6,22.60,6,0,0,2017-11-15,0.34665,0.97566,0.00466,-0.02645,0.02023,0.06255
AAPL171201P00147000,AAPL,2017-12-01,147.00,put,0.10,0.10,0.08,120,0.11,1,11,127,2017-11-15,0.33873,-0.02191,0.00436,-0.01948,0.01851,-0.00167
AAPL171201C00148000,AAPL,2017-12-01,148.00,call,13.52,21.32,21.00,6,21.65,6,0,0,2017-11-15,0.35367,0.96728,0.00584,-0.03312,0.02588,0.06235
AAPL171201P00148000,AAPL,2017-12-01,148.00,put,0.11,0.12,0.09,119,0.15,197,5,120,2017-11-15,0.33461,-0.02601,0.00510,-0.02222,0.02139,-0.00198
AAPL171201C00149000,AAPL,2017-12-01,149.00,call,10.10,20.27,20.00,11,20.55,6,0,0,2017-11-15,0.31769,0.97391,0.00539,-0.02588,0.02144,0.06330
AAPL171201P00149000,AAPL,2017-12-01,149.00,put,0.06,0.14,0.11,119,0.16,126,0,300,2017-11-15,0.32897,-0.03023,0.00588,-0.02476,0.02424,-0.00230
AAPL171201C00150000,AAPL,2017-12-01,150.00,call,19.35,19.27,18.95,47,19.60,42,37,33,2017-11-15,0.30336,0.97288,0.00583,-0.02561,0.02215,0.06366
AAPL171201P00150000,AAPL,2017-12-01,150.00,put,0.15,0.16,0.14,1,0.18,121,141,601,2017-11-15,0.32211,-0.03463,0.00672,-0.02710,0.02712,-0.00264
AAPL171201C00152500,AAPL,2017-12-01,152.50,call,10.97,16.88,16.50,11,17.25,11,0,17,2017-11-15,0.30428,0.95153,0.00934,-0.03844,0.03561,0.06313
AAPL171201P00152500,AAPL,2017-12-01,152.50,put,0.19,0.20,0.17,155,0.22,117,4,383,2017-11-15,0.29787,-0.04511,0.00901,-0.03105,0.03362,-0.00343
AAPL171201C00155000,AAPL,2017-12-01,155.00,call,14.71,14.43,14.15,16,14.70,12,2,60,2017-11-15,0.27730,0.93766,0.01250,-0.04223,0.04345,0.06317
AAPL171201P00155000,AAPL,2017-12-01,155.00,put,0.25,0.27,0.24,172,0.29,117,56,1361,2017-11-15,0.27699,-0.06214,0.01249,-0.03718,0.04334,-0.00472
AAPL171201C00157500,AAPL,2017-12-01,157.50,call,12.78,12.07,11.80,68,12.35,76,6,332,2017-11-15,0.26281,0.90760,0.01780,-0.05264,0.05862,0.06198
AAPL171201P00157500,AAPL,2017-12-01,157.50,put,0.39,0.38,0.35,140,0.40,88,98,489,2017-11-15,0.25763,-0.08824,0.01755,-0.04512,0.05665,-0.00671
AAPL171201C00160000,AAPL,2017-12-01,160.00,call,10.02,9.70,9.50,142,9.90,112,29,317,2017-11-15,0.23751,0.87392,0.02463,-0.05880,0.07331,0.06052
AAPL171201P00160000,AAPL,2017-12-01,160.00,put,0.57,0.55,0.52,95,0.58,55,408,853,2017-11-15,0.23903,-0.12753,0.02467,-0.05450,0.07390,-0.00969
AAPL171201C00162500,AAPL,2017-12-01,162.50,call,7.60,7.53,7.35,118,7.70,97,114,794,2017-11-15,0.22653,0.80822,0.03403,-0.07250,0.09662,0.05660
AAPL171201P00162500,AAPL,2017-12-01,162.50,put,0.89,0.85,0.82,69,0.89,59,1868,1007,2017-11-15,0.22471,-0.18996,0.03411,-0.06640,0.09605,-0.01445
AAPL171201C00165000,AAPL,2017-12-01,165.00,call,5.44,5.53,5.40,66,5.65,99,460,1549,2017-11-15,0.21510,0.71776,0.04438,-0.08409,0.11963,0.05077
AAPL171201P00165000,AAPL,2017-12-01,165.00,put,1.43,1.35,1.32,30,1.38,23,942,6894,2017-11-15,0.21373,-0.28109,0.04458,-0.07819,0.11939,-0.02143
AAPL171201C00167500,AAPL,2017-12-01,167.50,call,3.78,3.80,3.70,100,3.90,79,1011,840,2017-11-15,0.20580,0.59918,0.05306,-0.09110,0.13684,0.04274
AAPL171201P00167500,AAPL,2017-12-01,167.50,put,2.16,2.10,2.06,93,2.15,10,562,1330,2017-11-15,0.20321,-0.39979,0.05370,-0.08462,0.13675,-0.03055
AAPL171201C00170000,AAPL,2017-12-01,170.00,call,2.46,2.44,2.38,80,2.50,113,1480,2505,2017-11-15,0.20047,0.46169,0.05596,-0.09047,0.14057,0.03315
AAPL171201P00170000,AAPL,2017-12-01,170.00,put,3.25,3.22,3.15,279,3.30,65,1068,2268,2017-11-15,0.19666,-0.53937,0.05703,-0.08337,0.14054,-0.04139
AAPL171201C00172500,AAPL,2017-12-01,172.50,call,1.34,1.44,1.41,61,1.48,31,1705,4342,2017-11-15,0.19605,0.32457,0.05183,-0.07971,0.12734,0.02343
AAPL171201P00172500,AAPL,2017-12-01,172.50,put,5.00,4.78,4.65,191,4.90,245,155,739,2017-11-15,0.19666,-0.67488,0.05171,-0.07453,0.12743,-0.05212
AAPL171201C00175000,AAPL,2017-12-01,175.00,call,0.75,0.79,0.76,75,0.82,10,1495,4019,2017-11-15,0.19407,0.20778,0.04169,-0.06258,0.10139,0.01505
AAPL171201P00175000,AAPL,2017-12-01,175.00,put,6.81,6.62,6.45,121,6.80,200,185,1474,2017-11-15,0.19391,-0.79241,0.04170,-0.05694,0.10133,-0.06163
AAPL171201C00177500,AAPL,2017-12-01,177.50,call,0.40,0.42,0.40,62,0.43,3,763,2722,2017-11-15,0.19574,0.12447,0.02962,-0.04510,0.07266,0.00904
AAPL171201P00177500,AAPL,2017-12-01,177.50,put,8.97,8.80,8.60,88,9.00,143,1132,165,2017-11-15,0.20245,-0.86722,0.02995,-0.04313,0.07599,-0.06813
AAPL171201C00180000,AAPL,2017-12-01,180.00,call,0.21,0.23,0.20,115,0.25,55,645,3791,2017-11-15,0.20153,0.07352,0.01954,-0.03147,0.04935,0.00535
AAPL171201P00180000,AAPL,2017-12-01,180.00,put,11.40,11.00,10.75,195,11.25,81,35,63,2017-11-15,0.18873,-0.93958,0.01793,-0.01961,0.04240,-0.07446
AAPL171201C00182500,AAPL,2017-12-01,182.50,call,0.13,0.12,0.10,113,0.14,60,81,1364,2017-11-15,0.20611,0.04123,0.01210,-0.02035,0.03126,0.00300
AAPL171201P00182500,AAPL,2017-12-01,182.50,put,13.60,13.48,13.15,6,13.80,8,19,83,2017-11-15,0.21586,-0.95115,0.01325,-0.01864,0.03584,-0.07641
AAPL171201C00185000,AAPL,2017-12-01,185.00,call,0.07,0.07,0.05,110,0.09,147,359,737,2017-11-15,0.21510,0.02475,0.00761,-0.01392,0.02052,0.00180
AAPL171201P00185000,AAPL,2017-12-01,185.00,put,6.50,15.95,15.55,8,16.35,8,0,92,2017-11-15,0.23690,-0.96239,0.00977,-0.01580,0.02901,-0.07832
AAPL171201C00187500,AAPL,2017-12-01,187.50,call,0.05,0.04,0.02,133,0.06,217,12,2604,2017-11-15,0.22288,0.01456,0.00468,-0.00918,0.01307,0.00106
AAPL171201P00187500,AAPL,2017-12-01,187.50,put,0.00,18.43,18.05,8,18.80,8,0,0,2017-11-15,0.25824,-0.96968,0.00751,-0.01381,0.02430,-0.07995
AAPL171201C00190000,AAPL,2017-12-01,190.00,call,0.04,0.01,0.00,0,0.05,215,15,290,2017-11-15,0.20977,0.00436,0.00172,-0.00299,0.00453,0.00032
AAPL171201P00190000,AAPL,2017-12-01,190.00,put,12.68,21.33,19.55,3,23.10,3,0,2,2017-11-15,0.38934,-0.91683,0.01111,-0.06033,0.05419,-0.07730
AAPL171201C00192500,AAPL,2017-12-01,192.50,call,0.00,0.01,0.00,0,0.04,119,0,236,2017-11-15,0.23065,0.00401,0.00145,-0.00305,0.00420,0.00029
AAPL171201P00192500,AAPL,2017-12-01,192.50,put,10.48,23.45,23.05,8,23.85,8,0,14,2017-11-15,0.32165,-0.97029,0.00593,-0.01806,0.02389,-0.08219
AAPL171201C00195000,AAPL,2017-12-01,195.00,call,0.01,0.01,0.00,0,0.04,116,0,281,2017-11-15,0.25108,0.00371,0.00125,-0.00310,0.00392,0.00027
AAPL171201P00195000,AAPL,2017-12-01,195.00,put,11.53,25.93,25.55,10,26.30,10,0,26,2017-11-15,0.33918,-0.97534,0.00481,-0.01562,0.02046,-0.08366
AAPL171201C00197500,AAPL,2017-12-01,197.50,call,0.00,0.01,0.00,0,0.03,116,0,0,2017-11-15,0.27105,0.00346,0.00108,-0.00314,0.00368,0.00025
AAPL171201P00197500,AAPL,2017-12-01,197.50,put,11.58,28.45,28.05,10,28.85,10,0,0,2017-11-15,0.37470,-0.97349,0.00463,-0.01931,0.02173,-0.08462
AAPL171201C00200000,AAPL,2017-12-01,200.00,call,0.02,0.01,0.00,0,0.03,116,0,186,2017-11-15,0.29056,0.00324,0.00095,-0.00317,0.00348,0.00024
AAPL171201P00200000,AAPL,2017-12-01,200.00,put,0.00,30.93,30.55,8,31.30,8,0,0,2017-11-15,0.39025,-0.97770,0.00384,-0.01668,0.01879,-0.08602
AAPL171201C00202500,AAPL,2017-12-01,202.50,call,0.00,0.01,0.00,0,0.03,141,0,0,2017-11-15,0.30976,0.00306,0.00085,-0.00321,0.00330,0.00022
AAPL171201P00202500,AAPL,2017-12-01,202.50,put,0.00,33.42,33.05,10,33.80,10,0,0,2017-11-15,0.40946,-0.98007,0.00333,-0.01554,0.01709,-0.08729
AAPL171201C00205000,AAPL,2017-12-01,205.00,call,0.00,0.01,0.00,0,0.03,167,0,0,2017-11-15,0.32867,0.00291,0.00077,-0.00325,0.00315,0.00021
AAPL171201P00205000,AAPL,2017-12-01,205.00,put,0.00,35.92,35.55,8,36.30,8,0,0,2017-11-15,0.43354,-0.98083,0.00304,-0.01599,0.01653,-0.08844
AAPL171201C00207500,AAPL,2017-12-01,207.50,call,0.00,0.01,0.00,0,0.03,247,0,0,2017-11-15,0.34711,0.00277,0.00069,-0.00328,0.00301,0.00020
AAPL171201P00207500,AAPL,2017-12-01,207.50,put,0.00,38.42,38.05,8,38.80,8,0,0,2017-11-15,0.45717,-0.98151,0.00280,-0.01641,0.01603,-0.08959
AAPL171201C00210000,AAPL,2017-12-01,210.00,call,0.00,0.01,0.00,0,0.03,247,0,0,2017-11-15,0.36525,0.00264,0.00063,-0.00331,0.00289,0.00019
AAPL171201P00210000,AAPL,2017-12-01,210.00,put,0.00,41.27,39.55,1,43.00,5,0,0,2017-11-15,0.61265,-0.94755,0.00494,-0.06621,0.03793,-0.08832
AAPL171201C00220000,AAPL,2017-12-01,220.00,call,0.00,0.01,0.00,0,0.02,11,0,0,2017-11-15,0.43491,0.00226,0.00046,-0.00341,0.00250,0.00016
AAPL171201P00220000,AAPL,2017-12-01,220.00,put,0.00,50.92,50.55,8,51.30,8,0,0,2017-11-15,0.57012,-0.98388,0.00200,-0.01850,0.01426,-0.09524
AAPL171201C00230000,AAPL,2017-12-01,230.00,call,0.01,0.01,0.00,0,0.02,15,0,2,2017-11-15,0.50046,0.00199,0.00036,-0.00351,0.00224,0.00014
AAPL171201P00230000,AAPL,2017-12-01,230.00,put,0.00,60.95,59.55,1,62.35,1,0,0,2017-11-15,0.67530,-0.98223,0.00183,-0.02550,0.01550,-0.09952
AAPL171208C00115000,AAPL,2017-12-08,115.00,call,0.00,54.23,53.85,8,54.60,8,0,0,2017-11-15,0.64741,0.99300,0.00071,-0.01525,0.00827,0.07163
AAPL171208P00115000,AAPL,2017-12-08,115.00,put,0.01,0.01,0.00,0,0.03,243,0,14,2017-11-15,0.53034,-0.00150,0.00022,-0.00238,0.00207,-0.00017
AAPL171208C00120000,AAPL,2017-12-08,120.00,call,27.45,49.23,48.85,8,49.60,8,0,10,2017-11-15,0.57866,0.99262,0.00083,-0.01467,0.00867,0.07474
AAPL171208P00120000,AAPL,2017-12-08,120.00,put,0.02,0.01,0.00,0,0.03,118,0,1,2017-11-15,0.47592,-0.00166,0.00027,-0.00234,0.00228,-0.00018
AAPL171208C00125000,AAPL,2017-12-08,125.00,call,0.00,44.20,43.80,5,44.60,8,0,0,2017-11-15,0.47150,0.99557,0.00065,-0.00959,0.00551,0.07822
AAPL171208P00125000,AAPL,2017-12-08,125.00,put,0.00,0.01,0.00,0,0.03,117,0,0,2017-11-15,0.42363,-0.00186,0.00033,-0.00231,0.00252,-0.00020
AAPL171208C00130000,AAPL,2017-12-08,130.00,call,22.46,39.27,38.90,8,39.65,8,0,0,2017-11-15,0.48339,0.98722,0.00161,-0.01877,0.01400,0.08044
AAPL171208P00130000,AAPL,2017-12-08,130.00,put,0.00,0.01,0.00,0,0.04,116,0,0,2017-11-15,0.37287,-0.00210,0.00042,-0.00227,0.00281,-0.00023
AAPL171208C00135000,AAPL,2017-12-08,135.00,call,19.99,34.25,33.85,7,34.65,8,0,0,2017-11-15,0.40565,0.98836,0.00177,-0.01561,0.01291,0.08372
AAPL171208P00135000,AAPL,2017-12-08,135.00,put,0.06,0.05,0.02,157,0.07,124,3,1,2017-11-15,0.38705,-0.00882,0.00145,-0.00848,0.01014,-0.00097
AAPL171208C00139000,AAPL,2017-12-08,139.00,call,0.00,30.30,29.90,7,30.70,6,0,0,2017-11-15,0.38705,0.98088,0.00284,-0.02095,0.01978,0.08541
AAPL171208P00139000,AAPL,2017-12-08,139.00,put,0.29,0.08,0.05,127,0.10,151,0,15,2017-11-15,0.36510,-0.01422,0.00233,-0.01210,0.01535,-0.00156
AAPL171208C00140000,AAPL,2017-12-08,140.00,call,17.41,29.27,29.00,6,29.55,6,0,3,2017-11-15,0.35824,0.98429,0.00259,-0.01738,0.01672,0.08643
AAPL171208P00140000,AAPL,2017-12-08,140.00,put,0.12,0.08,0.06,117,0.11,139,1,39,2017-11-15,0.35351,-0.01465,0.00247,-0.01202,0.01575,-0.00161
AAPL171208C00141000,AAPL,2017-12-08,141.00,call,17.28,28.32,28.00,8,28.65,6,0,0,2017-11-15,0.37120,0.97744,0.00340,-0.02272,0.02276,0.08629
AAPL171208P00141000,AAPL,2017-12-08,141.00,put,0.38,0.10,0.07,117,0.12,184,0,2,2017-11-15,0.35336,-0.01786,0.00293,-0.01424,0.01867,-0.00197
AAPL171208C00142000,AAPL,2017-12-08,142.00,call,12.60,27.32,27.00,6,27.65,6,0,0,2017-11-15,0.35870,0.97679,0.00361,-0.02255,0.02330,0.08686
AAPL171208P00142000,AAPL,2017-12-08,142.00,put,0.05,0.11,0.08,120,0.13,137,0,9,2017-11-15,0.34665,-0.01981,0.00326,-0.01525,0.02038,-0.00218
AAPL171208C00143000,AAPL,2017-12-08,143.00,call,15.94,26.30,25.95,9,26.65,6,0,63,2017-11-15,0.33735,0.97878,0.00356,-0.02027,0.02161,0.08771
AAPL171208P00143000,AAPL,2017-12-08,143.00,put,0.04,0.12,0.09,187,0.14,188,0,157,2017-11-15,0.33934,-0.02180,0.00362,-0.01619,0.02211,-0.00240
AAPL171208C00144000,AAPL,2017-12-08,144.00,call,0.00,25.35,25.05,6,25.65,6,0,0,2017-11-15,0.34513,0.97161,0.00444,-0.02511,0.02759,0.08754
AAPL171208P00144000,AAPL,2017-12-08,144.00,put,0.07,0.12,0.10,126,0.15,126,0,6,2017-11-15,0.32729,-0.02252,0.00385,-0.01604,0.02272,-0.00248
AAPL171208C00145000,AAPL,2017-12-08,145.00,call,14.94,24.38,24.05,9,24.70,6,0,2,2017-11-15,0.34254,0.96699,0.00507,-0.02770,0.03125,0.08766
AAPL171208P00145000,AAPL,2017-12-08,145.00,put,0.13,0.15,0.12,175,0.17,126,5,48,2017-11-15,0.32729,-0.02743,0.00455,-0.01892,0.02681,-0.00302
AAPL171208C00146000,AAPL,2017-12-08,146.00,call,0.00,23.38,23.05,11,23.70,6,0,0,2017-11-15,0.32958,0.96594,0.00540,-0.02743,0.03207,0.08818
AAPL171208P00146000,AAPL,2017-12-08,146.00,put,0.16,0.15,0.13,194,0.18,117,30,19,2017-11-15,0.31495,-0.02838,0.00486,-0.01872,0.02758,-0.00312
AAPL171208C00147000,AAPL,2017-12-08,147.00,call,14.00,22.40,22.10,6,22.70,6,0,0,2017-11-15,0.32242,0.96234,0.00600,-0.02887,0.03482,0.08842
AAPL171208P00147000,AAPL,2017-12-08,147.00,put,0.20,0.17,0.15,186,0.20,119,11,46,2017-11-15,0.30946,-0.03218,0.00549,-0.02041,0.03060,-0.00354
AAPL171208C00148000,AAPL,2017-12-08,148.00,call,12.29,21.40,21.05,8,21.75,3,0,0,2017-11-15,0.30946,0.96100,0.00643,-0.02859,0.03583,0.08890
AAPL171208P00148000,AAPL,2017-12-08,148.00,put,0.06,0.20,0.17,120,0.22,117,0,41,2017-11-15,0.30611,-0.03747,0.00629,-0.02287,0.03468,-0.00412
AAPL171208C00149000,AAPL,2017-12-08,149.00,call,12.97,20.45,20.15,6,20.75,6,0,10,2017-11-15,0.30915,0.95326,0.00745,-0.03235,0.04148,0.08868
AAPL171208P00149000,AAPL,2017-12-08,149.00,put,0.23,0.21,0.19,195,0.24,121,2,55,2017-11-15,0.29604,-0.04021,0.00689,-0.02342,0.03673,-0.00442
AAPL171208C00150000,AAPL,2017-12-08,150.00,call,20.32,19.40,19.10,9,19.70,23,114,114,2017-11-15,0.28339,0.95809,0.00744,-0.02793,0.03798,0.08985
AAPL171208P00150000,AAPL,2017-12-08,150.00,put,0.25,0.24,0.21,185,0.27,116,17,163,2017-11-15,0.29086,-0.04586,0.00780,-0.02557,0.04084,-0.00504
AAPL171208C00152500,AAPL,2017-12-08,152.50,call,11.20,17.02,16.75,14,17.30,6,0,5,2017-11-15,0.27653,0.93724,0.01051,-0.03598,0.05237,0.08913
AAPL171208P00152500,AAPL,2017-12-08,152.50,put,0.31,0.32,0.29,125,0.34,120,23,142,2017-11-15,0.27486,-0.06167,0.01043,-0.03052,0.05165,-0.00677
AAPL171208C00155000,AAPL,2017-12-08,155.00,call,10.05,14.68,14.40,6,14.95,6,0,20,2017-11-15,0.26723,0.90997,0.01432,-0.04448,0.06894,0.08770
AAPL171208P00155000,AAPL,2017-12-08,155.00,put,0.43,0.43,0.40,149,0.45,88,58,462,2017-11-15,0.25870,-0.08339,0.01397,-0.03615,0.06511,-0.00916
AAPL171208C00157500,AAPL,2017-12-08,157.50,call,7.66,12.35,12.10,6,12.60,92,0,10,2017-11-15,0.25108,0.87875,0.01891,-0.05101,0.08552,0.08584
AAPL171208P00157500,AAPL,2017-12-08,157.50,put,0.56,0.59,0.57,113,0.62,58,36,344,2017-11-15,0.24330,-0.11427,0.01871,-0.04274,0.08201,-0.01255
AAPL171208C00160000,AAPL,2017-12-08,160.00,call,10.20,10.05,9.85,161,10.25,49,31,158,2017-11-15,0.23141,0.83936,0.02484,-0.05628,0.10354,0.08310
AAPL171208P00160000,AAPL,2017-12-08,160.00,put,0.79,0.85,0.82,48,0.88,63,320,2653,2017-11-15,0.23111,-0.16034,0.02484,-0.05107,0.10341,-0.01762
AAPL171208C00162500,AAPL,2017-12-08,162.50,call,8.18,7.97,7.80,212,8.15,181,9,276,2017-11-15,0.22257,0.77382,0.03184,-0.06568,0.12767,0.07742
AAPL171208P00162500,AAPL,2017-12-08,162.50,put,1.30,1.24,1.21,6,1.27,10,284,551,2017-11-15,0.22013,-0.22387,0.03201,-0.05950,0.12693,-0.02463
AAPL171208C00165000,AAPL,2017-12-08,165.00,call,5.96,6.10,5.95,75,6.25,212,39,328,2017-11-15,0.21647,0.68798,0.03851,-0.07417,0.15016,0.06946
AAPL171208P00165000,AAPL,2017-12-08,165.00,put,1.84,1.82,1.78,2,1.86,21,316,2749,2017-11-15,0.21114,-0.30813,0.03926,-0.06683,0.14934,-0.03398
AAPL171208C00167500,AAPL,2017-12-08,167.50,call,4.22,4.40,4.30,49,4.50,53,104,1804,2017-11-15,0.20672,0.58744,0.04437,-0.07727,0.16524,0.05982
AAPL171208P00167500,AAPL,2017-12-08,167.50,put,2.76,2.66,2.60,2,2.71,49,260,1095,2017-11-15,0.20443,-0.41182,0.04485,-0.07111,0.16517,-0.04555
AAPL171208C00170000,AAPL,2017-12-08,170.00,call,3.05,3.06,2.98,10,3.15,253,2909,1980,2017-11-15,0.20291,0.47340,0.04622,-0.07697,0.16895,0.04851
AAPL171208P00170000,AAPL,2017-12-08,170.00,put,3.86,3.80,3.70,130,3.90,215,185,865,2017-11-15,0.19955,-0.52738,0.04699,-0.07033,0.16893,-0.05858
AAPL171208C00172500,AAPL,2017-12-08,172.50,call,1.97,1.99,1.94,73,2.04,44,753,1123,2017-11-15,0.19803,0.35820,0.04443,-0.07010,0.15851,0.03691
AAPL171208P00172500,AAPL,2017-12-08,172.50,put,5.55,5.25,5.15,74,5.35,89,261,402,2017-11-15,0.19589,-0.64348,0.04484,-0.06377,0.15825,-0.07187
AAPL171208C00175000,AAPL,2017-12-08,175.00,call,1.22,1.24,1.20,65,1.28,37,489,3121,2017-11-15,0.19589,0.25450,0.03858,-0.05931,0.13615,0.02634
AAPL171208P00175000,AAPL,2017-12-08,175.00,put,7.20,7.03,6.90,42,7.15,120,110,511,2017-11-15,0.19574,-0.74567,0.03860,-0.05368,0.13610,-0.08388
AAPL171208C00177500,AAPL,2017-12-08,177.50,call,0.72,0.74,0.71,46,0.78,77,381,3612,2017-11-15,0.19529,0.17056,0.03059,-0.04659,0.10763,0.01771
AAPL171208P00177500,AAPL,2017-12-08,177.50,put,9.31,9.03,8.80,87,9.25,138,5,303,2017-11-15,0.19529,-0.82944,0.03059,-0.04095,0.10763,-0.09406
AAPL171208C00180000,AAPL,2017-12-08,180.00,call,0.42,0.44,0.42,59,0.47,91,264,1489,2017-11-15,0.19757,0.11078,0.02254,-0.03503,0.08022,0.01153
AAPL171208P00180000,AAPL,2017-12-08,180.00,put,11.21,11.25,11.00,190,11.50,108,4,82,2017-11-15,0.20016,-0.88607,0.02270,-0.03049,0.08184,-0.10149
AAPL171208C00182500,AAPL,2017-12-08,182.50,call,0.26,0.27,0.24,93,0.29,80,144,1105,2017-11-15,0.20275,0.07203,0.01595,-0.02605,0.05825,0.00750
AAPL171208P00182500,AAPL,2017-12-08,182.50,put,5.95,13.60,13.30,6,13.90,19,0,0,2017-11-15,0.20992,-0.92062,0.01659,-0.02325,0.06273,-0.10666
AAPL171208C00185000,AAPL,2017-12-08,185.00,call,0.16,0.16,0.14,95,0.18,16,51,958,2017-11-15,0.20672,0.04513,0.01083,-0.01836,0.04032,0.00471
AAPL171208P00185000,AAPL,2017-12-08,185.00,put,5.79,16.00,15.70,6,16.30,8,0,27,2017-11-15,0.21937,-0.94445,0.01204,-0.01711,0.04759,-0.11071
AAPL171208C00187500,AAPL,2017-12-08,187.50,call,0.10,0.11,0.08,95,0.13,214,57,565,2017-11-15,0.21647,0.03128,0.00767,-0.01423,0.02989,0.00326
AAPL171208P00187500,AAPL,2017-12-08,187.50,put,0.00,18.50,18.15,5,18.85,11,0,0,2017-11-15,0.24528,-0.94916,0.01004,-0.01796,0.04436,-0.11278
AAPL171208C00190000,AAPL,2017-12-08,190.00,call,0.04,0.06,0.04,151,0.08,76,0,285,2017-11-15,0.21785,0.01820,0.00483,-0.00908,0.01897,0.00190
AAPL171208P00190000,AAPL,2017-12-08,190.00,put,0.00,20.95,20.55,8,21.35,11,0,0,2017-11-15,0.25778,-0.96071,0.00776,-0.01437,0.03604,-0.11556
AAPL171208C00192500,AAPL,2017-12-08,192.50,call,0.04,0.04,0.02,189,0.06,216,24,4,2017-11-15,0.22562,0.01225,0.00332,-0.00668,0.01349,0.00128
AAPL171208P00192500,AAPL,2017-12-08,192.50,put,0.00,23.45,23.05,8,23.85,8,0,0,2017-11-15,0.28156,-0.96325,0.00673,-0.01497,0.03413,-0.11740
AAPL171208C00195000,AAPL,2017-12-08,195.00,call,0.06,0.01,0.00,0,0.04,200,0,499,2017-11-15,0.20916,0.00372,0.00125,-0.00216,0.00471,0.00039
AAPL171208P00195000,AAPL,2017-12-08,195.00,put,0.00,25.95,25.55,8,26.35,7,0,0,2017-11-15,0.30473,-0.96537,0.00592,-0.01553,0.03251,-0.11921
AAPL171208C00197500,AAPL,2017-12-08,197.50,call,0.02,0.01,0.00,0,0.04,223,403,411,2017-11-15,0.22577,0.00347,0.00109,-0.00219,0.00442,0.00036
AAPL171208P00197500,AAPL,2017-12-08,197.50,put,0.00,28.80,27.05,3,30.55,6,0,0,2017-11-15,0.40610,-0.92867,0.00790,-0.04514,0.05782,-0.11709
AAPL171208C00200000,AAPL,2017-12-08,200.00,call,0.03,0.01,0.00,0,0.03,10,0,63,2017-11-15,0.24208,0.00325,0.00096,-0.00221,0.00418,0.00034
AAPL171208P00200000,AAPL,2017-12-08,200.00,put,12.30,31.32,29.60,6,33.05,6,0,1,2017-11-15,0.43491,-0.93017,0.00726,-0.04779,0.05688,-0.11884
AAPL171208C00202500,AAPL,2017-12-08,202.50,call,0.00,0.01,0.00,0,0.03,118,0,0,2017-11-15,0.25809,0.00307,0.00085,-0.00224,0.00396,0.00032
AAPL171208P00202500,AAPL,2017-12-08,202.50,put,0.00,33.42,33.05,8,33.80,8,0,0,2017-11-15,0.36052,-0.97379,0.00397,-0.01393,0.02581,-0.12481
AAPL171208C00205000,AAPL,2017-12-08,205.00,call,0.00,0.01,0.00,0,0.02,6,0,0,2017-11-15,0.27379,0.00291,0.00077,-0.00226,0.00378,0.00030
AAPL171208P00205000,AAPL,2017-12-08,205.00,put,0.00,35.92,35.55,8,36.30,8,0,0,2017-11-15,0.38156,-0.97475,0.00364,-0.01437,0.02501,-0.12649
AAPL171208C00207500,AAPL,2017-12-08,207.50,call,0.00,0.01,0.00,0,0.02,5,0,0,2017-11-15,0.28919,0.00277,0.00069,-0.00228,0.00361,0.00029
AAPL171208P00207500,AAPL,2017-12-08,207.50,put,0.00,38.67,37.05,1,40.30,1,0,0,2017-11-15,0.47607,-0.95027,0.00508,-0.03877,0.04358,-0.12561
AAPL171208C00210000,AAPL,2017-12-08,210.00,call,0.02,0.01,0.00,0,0.02,7,0,22,2017-11-15,0.30443,0.00265,0.00063,-0.00231,0.00347,0.00028
AAPL171208P00210000,AAPL,2017-12-08,210.00,put,0.00,40.92,40.55,8,41.30,8,0,0,2017-11-15,0.42241,-0.97638,0.00311,-0.01518,0.02365,-0.12981
AAPL171208C00220000,AAPL,2017-12-08,220.00,call,0.02,0.01,0.00,0,0.02,8,0,454,2017-11-15,0.36251,0.00226,0.00046,-0.00238,0.00301,0.00023
AAPL171208P00220000,AAPL,2017-12-08,220.00,put,0.00,50.92,50.55,8,51.30,8,0,0,2017-11-15,0.50031,-0.97870,0.00241,-0.01670,0.02168,-0.13636
AAPL171208C00230000,AAPL,2017-12-08,230.00,call,0.00,0.01,0.00,0,0.02,19,0,0,2017-11-15,0.41708,0.00199,0.00036,-0.00244,0.00268,0.00021
AAPL171208P00230000,AAPL,2017-12-08,230.00,put,27.94,60.95,59.55,1,62.35,1,0,0,2017-11-15,0.58781,-0.97761,0.00214,-0.02170,0.02261,-0.14256
AAPL171215C00002500,AAPL,2017-12-15,2.50,call,77.48,166.62,166.25,5,167.00,5,0,0,2017-11-15,5.66466,0.99967,0.00000,-0.00557,0.00058,0.00198
AAPL171215P00002500,AAPL,2017-12-15,2.50,put,0.00,0.01,0.00,0,0.02,13,0,0,2017-11-15,4.95172,-0.00012,0.00000,-0.00184,0.00022,-0.00002
AAPL171215C00005000,AAPL,2017-12-15,5.00,call,76.23,164.12,163.75,5,164.50,5,0,0,2017-11-15,4.57307,0.99958,0.00001,-0.00569,0.00073,0.00402
AAPL171215P00005000,AAPL,2017-12-15,5.00,put,0.00,0.01,0.00,0,0.02,13,0,0,2017-11-15,4.05342,-0.00015,0.00000,-0.00192,0.00028,-0.00003
AAPL171215C00007500,AAPL,2017-12-15,7.50,call,74.93,161.62,161.25,5,162.00,5,0,0,2017-11-15,3.96791,0.99953,0.00001,-0.00561,0.00081,0.00607
AAPL171215P00007500,AAPL,2017-12-15,7.50,put,0.00,0.01,0.00,0,0.02,13,0,0,2017-11-15,3.55252,-0.00018,0.00000,-0.00196,0.00033,-0.00003
AAPL171215C00010000,AAPL,2017-12-15,10.00,call,73.78,159.12,158.75,5,159.50,5,0,0,2017-11-15,3.54901,0.99950,0.00001,-0.00544,0.00087,0.00812
AAPL171215P00010000,AAPL,2017-12-15,10.00,put,0.00,0.01,0.00,0,0.02,13,0,0,2017-11-15,3.20634,-0.00020,0.00000,-0.00198,0.00037,-0.00004
AAPL171215C00012500,AAPL,2017-12-15,12.50,call,72.38,156.60,156.20,5,157.00,5,0,0,2017-11-15,2.89202,0.99981,0.00001,-0.00206,0.00035,0.01023
AAPL171215P00012500,AAPL,2017-12-15,12.50,put,0.00,0.01,0.00,0,0.02,61,0,0,2017-11-15,2.94278,-0.00022,0.00001,-0.00200,0.00041,-0.00004
AAPL171215C00015000,AAPL,2017-12-15,15.00,call,70.70,154.10,153.70,5,154.50,5,0,0,2017-11-15,2.61077,0.99985,0.00000,-0.00171,0.00028,0.01229
AAPL171215P00015000,AAPL,2017-12-15,15.00,put,0.00,0.01,0.00,0,0.02,216,0,0,2017-11-15,2.73028,-0.00024,0.00001,-0.00201,0.00044,-0.00004
AAPL171215C00017500,AAPL,2017-12-15,17.50,call,69.80,151.60,151.20,5,152.00,5,0,0,2017-11-15,2.34523,0.99990,0.00000,-0.00133,0.00020,0.01435
AAPL171215P00017500,AAPL,2017-12-15,17.50,put,0.00,0.01,0.00,0,0.02,215,0,0,2017-11-15,2.55254,-0.00026,0.00001,-0.00202,0.00048,-0.00004
AAPL171215C00020000,AAPL,2017-12-15,20.00,call,72.93,149.10,148.70,5,149.50,5,0,0,2017-11-15,2.02771,0.99996,0.00000,-0.00089,0.00007,0.01642
AAPL171215P00020000,AAPL,2017-12-15,20.00,put,0.00,0.01,0.00,0,0.02,205,0,0,2017-11-15,2.39980,-0.00028,0.00001,-0.00202,0.00051,-0.00005
AAPL171215C00022500,AAPL,2017-12-15,22.50,call,0.00,146.62,146.20,5,147.05,5,0,0,2017-11-15,2.38929,0.99950,0.00002,-0.00417,0.00087,0.01839
AAPL171215P00022500,AAPL,2017-12-15,22.50,put,0.00,0.01,0.00,0,0.02,215,0,0,2017-11-15,2.26597,-0.00030,0.00001,-0.00203,0.00054,-0.00005
AAPL171215C00025000,AAPL,2017-12-15,25.00,call,65.55,144.12,143.70,5,144.55,5,0,0,2017-11-15,2.23639,0.99952,0.00002,-0.00387,0.00083,0.02045
AAPL171215P00025000,AAPL,2017-12-15,25.00,put,0.00,0.01,0.00,0,0.02,205,0,0,2017-11-15,2.14707,-0.00032,0.00001,-0.00203,0.00057,-0.00005
AAPL171215C00030000,AAPL,2017-12-15,30.00,call,63.53,139.12,138.70,5,139.55,5,0,0,2017-11-15,1.96384,0.99960,0.00002,-0.00323,0.00070,0.02457
AAPL171215P00030000,AAPL,2017-12-15,30.00,put,0.00,0.01,0.00,0,0.02,208,0,0,2017-11-15,1.94250,-0.00036,0.00001,-0.00203,0.00063,-0.00006
AAPL171215C00035000,AAPL,2017-12-15,35.00,call,61.20,134.18,133.80,5,134.55,5,0,0,2017-11-15,2.11780,0.99813,0.00006,-0.01131,0.00289,0.02843
AAPL171215P00035000,AAPL,2017-12-15,35.00,put,0.00,0.01,0.00,0,0.02,215,0,0,2017-11-15,1.77101,-0.00039,0.00002,-0.00203,0.00069,-0.00006
AAPL171215C00040000,AAPL,2017-12-15,40.00,call,58.68,129.18,128.80,5,129.55,5,0,0,2017-11-15,1.92604,0.99806,0.00007,-0.01084,0.00298,0.03253
AAPL171215P00040000,AAPL,2017-12-15,40.00,put,0.00,0.01,0.00,0,0.02,61,0,0,2017-11-15,1.62330,-0.00043,0.00002,-0.00203,0.00075,-0.00007
AAPL171215C00045000,AAPL,2017-12-15,45.00,call,0.00,124.17,123.80,5,124.55,5,0,0,2017-11-15,1.72253,0.99830,0.00007,-0.00902,0.00265,0.03668
AAPL171215P00045000,AAPL,2017-12-15,45.00,put,0.00,0.01,0.00,0,0.02,205,0,0,2017-11-15,1.49342,-0.00047,0.00002,-0.00202,0.00081,-0.00007
AAPL171215C00050000,AAPL,2017-12-15,50.00,call,53.50,119.15,118.75,5,119.55,5,0,0,2017-11-15,1.47803,0.99900,0.00005,-0.00561,0.00164,0.04090
AAPL171215P00050000,AAPL,2017-12-15,50.00,put,0.00,0.01,0.00,0,0.02,208,0,0,2017-11-15,1.37773,-0.00051,0.00003,-0.00201,0.00088,-0.00008
AAPL171215C00055000,AAPL,2017-12-15,55.00,call,0.00,114.15,113.75,5,114.55,5,0,0,2017-11-15,1.33687,0.99911,0.00005,-0.00501,0.00147,0.04502
AAPL171215P00055000,AAPL,2017-12-15,55.00,put,0.00,0.01,0.00,0,0.02,61,0,0,2017-11-15,1.27331,-0.00055,0.00003,-0.00201,0.00095,-0.00009
AAPL171215C00060000,AAPL,2017-12-15,60.00,call,57.28,109.17,108.75,5,109.60,5,0,0,2017-11-15,1.31218,0.99838,0.00008,-0.00743,0.00253,0.04902
AAPL171215P00060000,AAPL,2017-12-15,60.00,put,0.00,0.01,0.00,0,0.02,207,0,0,2017-11-15,1.17819,-0.00060,0.00004,-0.00200,0.00102,-0.00009
AAPL171215C00065000,AAPL,2017-12-15,65.00,call,46.15,104.17,103.75,5,104.60,5,0,0,2017-11-15,1.19694,0.99846,0.00009,-0.00688,0.00242,0.05314
AAPL171215P00065000,AAPL,2017-12-15,65.00,put,0.00,0.01,0.00,0,0.02,190,0,0,2017-11-15,1.09069,-0.00065,0.00004,-0.00199,0.00110,-0.00010
AAPL171215C00070000,AAPL,2017-12-15,70.00,call,52.48,99.22,98.85,5,99.60,5,0,0,2017-11-15,1.22666,0.99639,0.00018,-0.01292,0.00524,0.05692
AAPL171215P00070000,AAPL,2017-12-15,70.00,put,0.01,0.01,0.00,0,0.02,62,0,2,2017-11-15,1.00975,-0.00070,0.00005,-0.00198,0.00118,-0.00011
AAPL171215C00075000,AAPL,2017-12-15,75.00,call,49.95,94.22,93.85,5,94.60,5,0,0,2017-11-15,1.12804,0.99630,0.00020,-0.01243,0.00536,0.06101
AAPL171215P00075000,AAPL,2017-12-15,75.00,put,0.01,0.01,0.00,0,0.02,62,0,3,2017-11-15,0.93444,-0.00076,0.00006,-0.00196,0.00126,-0.00011
AAPL171215C00080000,AAPL,2017-12-15,80.00,call,47.44,89.22,88.85,5,89.60,5,0,0,2017-11-15,1.03581,0.99623,0.00022,-0.01193,0.00545,0.06511
AAPL171215P00080000,AAPL,2017-12-15,80.00,put,0.01,0.01,0.00,0,0.02,157,0,769,2017-11-15,0.86402,-0.00082,0.00007,-0.00195,0.00136,-0.00012
AAPL171215C00085000,AAPL,2017-12-15,85.00,call,44.95,84.20,83.80,5,84.60,5,0,0,2017-11-15,0.90762,0.99725,0.00019,-0.00888,0.00409,0.06938
AAPL171215P00085000,AAPL,2017-12-15,85.00,put,0.01,0.01,0.00,0,0.02,274,0,549,2017-11-15,0.79771,-0.00089,0.00008,-0.00194,0.00146,-0.00013
AAPL171215C00090000,AAPL,2017-12-15,90.00,call,42.45,79.17,78.80,8,79.55,8,0,0,2017-11-15,0.68521,0.99954,0.00005,-0.00377,0.00080,0.07383
AAPL171215P00090000,AAPL,2017-12-15,90.00,put,0.01,0.01,0.00,0,0.02,291,0,3636,2017-11-15,0.73506,-0.00096,0.00009,-0.00192,0.00157,-0.00014
AAPL171215C00095000,AAPL,2017-12-15,95.00,call,32.83,74.20,73.80,7,74.60,8,0,0,2017-11-15,0.74832,0.99744,0.00022,-0.00780,0.00385,0.07763
AAPL171215P00095000,AAPL,2017-12-15,95.00,put,0.01,0.01,0.00,0,0.02,273,0,3881,2017-11-15,0.67576,-0.00104,0.00011,-0.00191,0.00170,-0.00015
AAPL171215C00100000,AAPL,2017-12-15,100.00,call,37.56,69.17,68.80,19,69.55,8,0,55,2017-11-15,0.21153,1.00000,0.00000,-0.00318,0.00000,0.08211
AAPL171215P00100000,AAPL,2017-12-15,100.00,put,0.00,0.01,0.00,0,0.02,104,0,2560,2017-11-15,0.61936,-0.00114,0.00013,-0.00189,0.00184,-0.00017
AAPL171215C00105000,AAPL,2017-12-15,105.00,call,34.96,64.17,63.80,12,64.55,7,0,0,2017-11-15,0.19622,1.00000,0.00000,-0.00333,0.00000,0.08622
AAPL171215P00105000,AAPL,2017-12-15,105.00,put,0.01,0.01,0.00,0,0.01,72,0,3768,2017-11-15,0.56555,-0.00124,0.00015,-0.00187,0.00199,-0.00018
AAPL171215C00110000,AAPL,2017-12-15,110.00,call,59.53,59.22,58.90,10,59.55,8,1,5,2017-11-15,0.58201,0.99616,0.00041,-0.00885,0.00554,0.08976
AAPL171215P00110000,AAPL,2017-12-15,110.00,put,0.02,0.01,0.00,0,0.01,35,0,4355,2017-11-15,0.51403,-0.00136,0.00018,-0.00185,0.00217,-0.00020
AAPL171215C00115000,AAPL,2017-12-15,115.00,call,54.65,54.10,53.90,8,54.30,1,3,2,2017-11-15,0.16560,1.00000,0.00000,-0.00365,0.00000,0.09443
AAPL171215P00115000,AAPL,2017-12-15,115.00,put,0.01,0.01,0.00,0,0.01,123,27,6963,2017-11-15,0.46464,-0.00150,0.00022,-0.00183,0.00237,-0.00022
AAPL171215C00120000,AAPL,2017-12-15,120.00,call,26.07,49.22,48.90,8,49.55,11,0,384,2017-11-15,0.45778,0.99638,0.00049,-0.00780,0.00525,0.09801
AAPL171215P00120000,AAPL,2017-12-15,120.00,put,0.04,0.01,0.01,8,0.02,115,10,5757,2017-11-15,0.41708,-0.00167,0.00027,-0.00180,0.00260,-0.00024
AAPL171215C00125000,AAPL,2017-12-15,125.00,call,44.57,44.25,43.85,6,44.65,29,8,91,2017-11-15,0.44147,0.99300,0.00091,-0.01088,0.00944,0.10163
AAPL171215P00125000,AAPL,2017-12-15,125.00,put,0.03,0.03,0.02,40,0.03,59,332,6992,2017-11-15,0.41510,-0.00458,0.00067,-0.00446,0.00649,-0.00066
AAPL171215C00130000,AAPL,2017-12-15,130.00,call,39.50,39.22,38.90,20,39.55,107,43,540,2017-11-15,0.34254,0.99688,0.00057,-0.00673,0.00459,0.10630
AAPL171215P00130000,AAPL,2017-12-15,130.00,put,0.05,0.05,0.04,36,0.06,110,33,7959,2017-11-15,0.38918,-0.00776,0.00113,-0.00667,0.01034,-0.00112
AAPL171215C00135000,AAPL,2017-12-15,135.00,call,34.36,34.23,33.95,37,34.50,11,5,1249,2017-11-15,0.30672,0.99553,0.00088,-0.00750,0.00634,0.11022
AAPL171215P00135000,AAPL,2017-12-15,135.00,put,0.09,0.08,0.07,45,0.09,68,353,7283,2017-11-15,0.36113,-0.01271,0.00187,-0.00950,0.01591,-0.00183
AAPL171215C00140000,AAPL,2017-12-15,140.00,call,29.50,29.35,29.00,149,29.70,42,25,1472,2017-11-15,0.33598,0.97817,0.00320,-0.01848,0.02527,0.11181
AAPL171215P00140000,AAPL,2017-12-15,140.00,put,0.13,0.14,0.12,39,0.15,189,898,18832,2017-11-15,0.33735,-0.02224,0.00324,-0.01431,0.02567,-0.00321
AAPL171215C00145000,AAPL,2017-12-15,145.00,call,24.90,24.43,24.25,97,24.60,30,13,1402,2017-11-15,0.30504,0.96497,0.00523,-0.02347,0.03749,0.11402
AAPL171215P00145000,AAPL,2017-12-15,145.00,put,0.22,0.22,0.20,42,0.23,229,761,10523,2017-11-15,0.30717,-0.03597,0.00531,-0.01941,0.03831,-0.00518
AAPL171215C00150000,AAPL,2017-12-15,150.00,call,19.30,19.55,19.35,103,19.75,72,281,2684,2017-11-15,0.27226,0.94354,0.00860,-0.02943,0.05505,0.11506
AAPL171215P00150000,AAPL,2017-12-15,150.00,put,0.37,0.35,0.34,21,0.36,16,1637,19809,2017-11-15,0.27638,-0.05905,0.00878,-0.02594,0.05703,-0.00849
AAPL171215C00155000,AAPL,2017-12-15,155.00,call,14.65,14.82,14.65,153,15.00,26,259,3374,2017-11-15,0.24727,0.89892,0.01476,-0.03969,0.08574,0.11274
AAPL171215P00155000,AAPL,2017-12-15,155.00,put,0.62,0.61,0.60,11,0.62,9,1448,13542,2017-11-15,0.24925,-0.10278,0.01482,-0.03548,0.08679,-0.01478
AAPL171215C00160000,AAPL,2017-12-15,160.00,call,10.25,10.38,10.25,81,10.50,9,1387,28849,2017-11-15,0.22684,0.81486,0.02429,-0.05299,0.12945,0.10471
AAPL171215P00160000,AAPL,2017-12-15,160.00,put,1.16,1.17,1.14,12,1.19,116,4206,35287,2017-11-15,0.22852,-0.18677,0.02424,-0.04853,0.13016,-0.02692
AAPL171215C00165000,AAPL,2017-12-15,165.00,call,6.40,6.60,6.55,8,6.65,61,1105,27169,2017-11-15,0.21693,0.66974,0.03445,-0.06688,0.17560,0.08765
AAPL171215P00165000,AAPL,2017-12-15,165.00,put,2.28,2.29,2.24,8,2.33,182,5609,14290,2017-11-15,0.21282,-0.32762,0.03500,-0.06025,0.17504,-0.04741
AAPL171215C00170000,AAPL,2017-12-15,170.00,call,3.60,3.58,3.50,344,3.65,99,6496,35043,2017-11-15,0.20367,0.48109,0.04036,-0.06804,0.19316,0.06392
AAPL171215P00170000,AAPL,2017-12-15,170.00,put,4.50,4.30,4.25,3,4.35,208,5804,11261,2017-11-15,0.20169,-0.51932,0.04076,-0.06200,0.19316,-0.07570
AAPL171215C00175000,AAPL,2017-12-15,175.00,call,1.66,1.69,1.66,49,1.72,20,12052,48802,2017-11-15,0.19894,0.28837,0.03540,-0.05637,0.16549,0.03869
AAPL171215P00175000,AAPL,2017-12-15,175.00,put,7.59,7.40,7.25,100,7.55,84,824,8779,2017-11-15,0.19635,-0.71439,0.03571,-0.04984,0.16474,-0.10536
AAPL171215C00180000,AAPL,2017-12-15,180.00,call,0.71,0.72,0.71,11,0.73,1,8470,51906,2017-11-15,0.20001,0.14775,0.02381,-0.03807,0.11188,0.01994
AAPL171215P00180000,AAPL,2017-12-15,180.00,put,11.69,11.52,11.35,38,11.70,113,67,5363,2017-11-15,0.20443,-0.84667,0.02387,-0.03416,0.11468,-0.12713
AAPL171215C00185000,AAPL,2017-12-15,185.00,call,0.29,0.30,0.29,67,0.31,13,1842,24307,2017-11-15,0.20596,0.06966,0.01340,-0.02262,0.06484,0.00943
AAPL171215P00185000,AAPL,2017-12-15,185.00,put,16.40,16.17,15.95,204,16.40,227,42,721,2017-11-15,0.22364,-0.91254,0.01466,-0.02330,0.07706,-0.14011
AAPL171215C00190000,AAPL,2017-12-15,190.00,call,0.13,0.12,0.12,69,0.13,8,2523,45575,2017-11-15,0.21221,0.03065,0.00673,-0.01203,0.03357,0.00416
AAPL171215P00190000,AAPL,2017-12-15,190.00,put,20.46,21.00,20.65,131,21.35,110,48,1007,2017-11-15,0.24498,-0.94654,0.00916,-0.01577,0.05272,-0.14880
AAPL171215C00195000,AAPL,2017-12-15,195.00,call,0.07,0.07,0.06,43,0.07,15,206,8334,2017-11-15,0.23111,0.01764,0.00388,-0.00822,0.02109,0.00239
AAPL171215P00195000,AAPL,2017-12-15,195.00,put,25.90,25.98,25.60,48,26.35,31,25,248,2017-11-15,0.28415,-0.95528,0.00685,-0.01569,0.04572,-0.15411
AAPL171215C00200000,AAPL,2017-12-15,200.00,call,0.04,0.04,0.03,101,0.04,5,1154,39586,2017-11-15,0.24696,0.01008,0.00224,-0.00541,0.01301,0.00137
AAPL171215P00200000,AAPL,2017-12-15,200.00,put,31.00,30.95,30.75,130,31.15,8,1845,3489,2017-11-15,0.31800,-0.96296,0.00525,-0.01464,0.03923,-0.15926
AAPL171215C00205000,AAPL,2017-12-15,205.00,call,0.03,0.02,0.01,17,0.03,36,58,7953,2017-11-15,0.25702,0.00517,0.00119,-0.00312,0.00722,0.00070
AAPL171215P00205000,AAPL,2017-12-15,205.00,put,15.34,35.98,35.60,24,36.35,8,0,3,2017-11-15,0.36479,-0.96251,0.00462,-0.01778,0.03963,-0.16333
AAPL171215C00210000,AAPL,2017-12-15,210.00,call,0.01,0.01,0.00,0,0.01,1,500,43315,2017-11-15,0.26632,0.00265,0.00063,-0.00178,0.00397,0.00036
AAPL171215P00210000,AAPL,2017-12-15,210.00,put,18.15,41.03,40.70,10,41.35,15,0,1,2017-11-15,0.41540,-0.96014,0.00427,-0.02237,0.04165,-0.16715
AAPL171215C00215000,AAPL,2017-12-15,215.00,call,0.03,0.01,0.00,0,0.01,8,1,24991,2017-11-15,0.29208,0.00243,0.00053,-0.00180,0.00367,0.00033
AAPL171215P00215000,AAPL,2017-12-15,215.00,put,45.83,45.98,45.45,79,46.50,90,1562,0,2017-11-15,0.43933,-0.96690,0.00347,-0.01954,0.03578,-0.17216
AAPL171215C00220000,AAPL,2017-12-15,220.00,call,0.01,0.01,0.00,0,0.01,34,50,7489,2017-11-15,0.31723,0.00227,0.00046,-0.00183,0.00344,0.00031
AAPL171215P00220000,AAPL,2017-12-15,220.00,put,23.13,50.98,50.60,6,51.35,18,0,0,2017-11-15,0.47470,-0.96851,0.00308,-0.02034,0.03433,-0.17650
AAPL171215C00225000,AAPL,2017-12-15,225.00,call,0.01,0.01,0.00,0,0.01,170,0,1512,2017-11-15,0.34147,0.00212,0.00040,-0.00185,0.00324,0.00029
AAPL171215P00225000,AAPL,2017-12-15,225.00,put,35.00,55.92,55.55,8,56.30,8,0,0,2017-11-15,0.48949,-0.97495,0.00247,-0.01613,0.02838,-0.18145
AAPL171215C00230000,AAPL,2017-12-15,230.00,call,0.01,0.01,0.00,0,0.03,297,0,1314,2017-11-15,0.36495,0.00199,0.00036,-0.00187,0.00306,0.00027
AAPL171215P00230000,AAPL,2017-12-15,230.00,put,37.40,60.38,59.30,5,61.45,12,0,0,2017-11-15,0.18654,-1.00000,0.00000,0.00730,0.00000,-0.18886
AAPL171215C00235000,AAPL,2017-12-15,235.00,call,0.01,0.01,0.00,0,0.02,284,0,383,2017-11-15,0.38781,0.00188,0.00032,-0.00189,0.00291,0.00025
AAPL171215P00235000,AAPL,2017-12-15,235.00,put,33.95,65.97,65.60,9,66.35,15,0,0,2017-11-15,0.57150,-0.97267,0.00227,-0.02175,0.03052,-0.18939
AAPL171215C00240000,AAPL,2017-12-15,240.00,call,0.01,0.01,0.00,0,0.02,109,0,1936,2017-11-15,0.41007,0.00179,0.00029,-0.00191,0.00278,0.00024
AAPL171215P00240000,AAPL,2017-12-15,240.00,put,32.58,71.28,69.55,9,73.00,8,0,0,2017-11-15,0.68399,-0.95384,0.00292,-0.04607,0.04690,-0.19114
AAPL171215C00245000,AAPL,2017-12-15,245.00,call,0.01,0.01,0.00,0,0.02,125,0,446,2017-11-15,0.43171,0.00171,0.00026,-0.00193,0.00267,0.00023
AAPL171215P00245000,AAPL,2017-12-15,245.00,put,35.33,75.97,75.60,9,76.35,8,0,10,2017-11-15,0.63369,-0.97414,0.00196,-0.02313,0.02915,-0.19782
AAPL171215C00250000,AAPL,2017-12-15,250.00,call,0.01,0.01,0.00,0,0.02,287,0,553,2017-11-15,0.45290,0.00164,0.00024,-0.00195,0.00257,0.00022
AAPL171215P00250000,AAPL,2017-12-15,250.00,put,37.77,80.78,79.20,6,82.35,9,0,2,2017-11-15,0.57256,-0.98912,0.00103,-0.00538,0.01390,-0.20385
AAPL171215C00255000,AAPL,2017-12-15,255.00,call,0.01,0.01,0.00,0,0.02,273,0,1,2017-11-15,0.47348,0.00158,0.00022,-0.00196,0.00248,0.00021
AAPL171215P00255000,AAPL,2017-12-15,255.00,put,40.35,85.95,84.55,1,87.35,9,0,0,2017-11-15,0.68536,-0.97660,0.00166,-0.02263,0.02680,-0.20636
AAPL171215C00260000,AAPL,2017-12-15,260.00,call,0.00,0.01,0.00,0,0.02,208,0,0,2017-11-15,0.49345,0.00152,0.00021,-0.00197,0.00239,0.00020
AAPL171215P00260000,AAPL,2017-12-15,260.00,put,51.85,90.92,90.55,8,91.30,8,0,0,2017-11-15,0.70198,-0.97896,0.00149,-0.02051,0.02450,-0.21078
AAPL171215C00265000,AAPL,2017-12-15,265.00,call,0.00,0.01,0.00,0,0.02,192,0,0,2017-11-15,0.51311,0.00147,0.00019,-0.00199,0.00232,0.00020
AAPL171215P00265000,AAPL,2017-12-15,265.00,put,46.58,95.78,94.20,6,97.35,9,0,0,2017-11-15,0.65564,-0.98903,0.00091,-0.00694,0.01400,-0.21617
AAPL171215C00270000,AAPL,2017-12-15,270.00,call,0.00,0.01,0.00,0,0.02,61,0,0,2017-11-15,0.53232,0.00142,0.00018,-0.00200,0.00225,0.00019
AAPL171215P00270000,AAPL,2017-12-15,270.00,put,56.83,101.07,99.10,11,103.05,11,0,0,2017-11-15,0.81036,-0.97091,0.00169,-0.03499,0.03215,-0.21800
AAPL171215C00275000,AAPL,2017-12-15,275.00,call,0.01,0.01,0.00,0,0.02,291,0,10,2017-11-15,0.55107,0.00138,0.00017,-0.00202,0.00219,0.00018
AAPL171215P00275000,AAPL,2017-12-15,275.00,put,54.23,105.97,105.60,9,106.35,8,0,0,2017-11-15,0.80320,-0.97687,0.00141,-0.02691,0.02654,-0.22285
AAPL171215C00280000,AAPL,2017-12-15,280.00,call,0.00,0.01,0.00,0,0.02,192,0,0,2017-11-15,0.56936,0.00134,0.00016,-0.00203,0.00213,0.00018
AAPL171215P00280000,AAPL,2017-12-15,280.00,put,54.08,110.97,110.60,9,111.35,8,0,0,2017-11-15,0.82926,-0.97719,0.00135,-0.02748,0.02623,-0.22701
AAPL171215C00285000,AAPL,2017-12-15,285.00,call,0.00,0.01,0.00,0,0.02,208,0,0,2017-11-15,0.58720,0.00130,0.00015,-0.00204,0.00207,0.00017
AAPL171215P00285000,AAPL,2017-12-15,285.00,put,59.10,115.97,115.60,9,116.35,8,0,0,2017-11-15,0.85503,-0.97744,0.00129,-0.02810,0.02599,-0.23115
AAPL171215C00290000,AAPL,2017-12-15,290.00,call,0.00,0.01,0.00,0,0.02,61,0,0,2017-11-15,0.60473,0.00127,0.00014,-0.00205,0.00202,0.00017
AAPL171215P00290000,AAPL,2017-12-15,290.00,put,66.98,120.92,120.55,8,121.30,8,0,0,2017-11-15,0.85975,-0.98038,0.00114,-0.02397,0.02309,-0.23563
AAPL171215C00295000,AAPL,2017-12-15,295.00,call,0.00,0.01,0.00,0,0.02,61,0,0,2017-11-15,0.62195,0.00123,0.00014,-0.00206,0.00198,0.00016
AAPL171215P00295000,AAPL,2017-12-15,295.00,put,60.38,125.97,125.60,9,126.35,8,0,0,2017-11-15,0.90487,-0.97790,0.00120,-0.02926,0.02554,-0.23944
AAPL171215C00300000,AAPL,2017-12-15,300.00,call,0.00,0.01,0.00,0,0.02,61,0,0,2017-11-15,0.63887,0.00121,0.00013,-0.00207,0.00194,0.00016
AAPL171215P00300000,AAPL,2017-12-15,300.00,put,62.50,130.80,129.25,6,132.35,9,0,0,2017-11-15,0.84573,-0.98745,0.00079,-0.01273,0.01574,-0.24473
AAPL171215C00305000,AAPL,2017-12-15,305.00,call,0.00,0.01,0.00,0,0.02,192,0,0,2017-11-15,0.65533,0.00118,0.00012,-0.00208,0.00190,0.00016
AAPL171215P00305000,AAPL,2017-12-15,305.00,put,64.98,135.72,134.10,9,137.35,9,0,0,2017-11-15,0.80686,-0.99246,0.00053,-0.00391,0.01008,-0.24947
AAPL171215C00310000,AAPL,2017-12-15,310.00,call,0.00,0.01,0.00,0,0.02,208,0,0,2017-11-15,0.67149,0.00115,0.00012,-0.00209,0.00186,0.00015
AAPL171215P00310000,AAPL,2017-12-15,310.00,put,67.73,140.97,140.60,9,141.35,8,0,0,2017-11-15,0.97636,-0.97843,0.00109,-0.03098,0.02502,-0.25184
AAPL171222C00115000,AAPL,2017-12-22,115.00,call,0.00,54.33,53.95,8,54.70,8,0,0,2017-11-15,0.54909,0.98924,0.00096,-0.01493,0.01529,0.11448
AAPL171222P00115000,AAPL,2017-12-22,115.00,put,0.01,0.01,0.00,0,0.03,117,0,117,2017-11-15,0.41860,-0.00150,0.00022,-0.00148,0.00263,-0.00027
AAPL171222C00120000,AAPL,2017-12-22,120.00,call,26.83,49.30,48.90,7,49.70,8,0,95,2017-11-15,0.47074,0.99112,0.00095,-0.01199,0.01293,0.11990
AAPL171222P00120000,AAPL,2017-12-22,120.00,put,0.00,0.01,0.00,0,0.04,117,0,0,2017-11-15,0.37577,-0.00166,0.00027,-0.00146,0.00289,-0.00030
AAPL171222C00125000,AAPL,2017-12-22,125.00,call,0.00,44.38,44.00,8,44.75,8,0,0,2017-11-15,0.46189,0.98364,0.00164,-0.01758,0.02196,0.12360
AAPL171222P00125000,AAPL,2017-12-22,125.00,put,0.03,0.03,0.01,164,0.06,176,0,31,2017-11-15,0.37409,-0.00459,0.00066,-0.00362,0.00721,-0.00082
AAPL171222C00130000,AAPL,2017-12-22,130.00,call,22.61,39.42,39.05,8,39.80,8,0,0,2017-11-15,0.42272,0.97877,0.00224,-0.01967,0.02742,0.12780
AAPL171222P00130000,AAPL,2017-12-22,130.00,put,0.03,0.07,0.04,117,0.09,115,0,2,2017-11-15,0.36617,-0.01009,0.00136,-0.00710,0.01446,-0.00180
AAPL171222C00135000,AAPL,2017-12-22,135.00,call,20.02,34.45,34.10,8,34.80,6,0,0,2017-11-15,0.37806,0.97381,0.00299,-0.02085,0.03271,0.13199
AAPL171222P00135000,AAPL,2017-12-22,135.00,put,0.10,0.10,0.08,129,0.11,25,20,15,2017-11-15,0.33598,-0.01505,0.00210,-0.00920,0.02045,-0.00268
AAPL171222C00140000,AAPL,2017-12-22,140.00,call,16.68,29.50,29.20,6,29.80,5,0,31,2017-11-15,0.33751,0.96570,0.00418,-0.02291,0.04092,0.13561
AAPL171222P00140000,AAPL,2017-12-22,140.00,put,0.18,0.17,0.15,119,0.20,107,10,11,2017-11-15,0.31403,-0.02563,0.00353,-0.01349,0.03212,-0.00456
AAPL171222C00142000,AAPL,2017-12-22,142.00,call,16.66,27.48,27.15,8,27.80,5,0,65,2017-11-15,0.31098,0.96594,0.00451,-0.02141,0.04068,0.13770
AAPL171222P00142000,AAPL,2017-12-22,142.00,put,0.20,0.21,0.18,112,0.24,149,6,0,2017-11-15,0.30519,-0.03166,0.00433,-0.01562,0.03829,-0.00564
AAPL171222C00143000,AAPL,2017-12-22,143.00,call,16.14,26.60,26.25,8,26.95,5,0,70,2017-11-15,0.32592,0.95329,0.00557,-0.02743,0.05258,0.13643
AAPL171222P00143000,AAPL,2017-12-22,143.00,put,0.00,0.23,0.21,92,0.26,125,0,0,2017-11-15,0.29986,-0.03478,0.00476,-0.01657,0.04138,-0.00619
AAPL171222C00144000,AAPL,2017-12-22,144.00,call,15.69,25.57,25.20,8,25.95,10,0,100,2017-11-15,0.30900,0.95479,0.00572,-0.02571,0.05122,0.13773
AAPL171222P00144000,AAPL,2017-12-22,144.00,put,0.28,0.26,0.23,92,0.28,81,2,29,2017-11-15,0.29635,-0.03909,0.00530,-0.01802,0.04553,-0.00696
AAPL171222C00145000,AAPL,2017-12-22,145.00,call,15.07,24.57,24.25,8,24.90,5,0,80,2017-11-15,0.29803,0.95342,0.00607,-0.02547,0.05246,0.13851
AAPL171222P00145000,AAPL,2017-12-22,145.00,put,0.27,0.29,0.26,106,0.31,128,50,65,2017-11-15,0.29223,-0.04359,0.00587,-0.01940,0.04974,-0.00777
AAPL171222C00146000,AAPL,2017-12-22,146.00,call,14.52,23.62,23.35,8,23.90,5,0,85,2017-11-15,0.29589,0.94711,0.00677,-0.02755,0.05806,0.13839
AAPL171222P00146000,AAPL,2017-12-22,146.00,put,0.35,0.31,0.28,82,0.34,119,2,18,2017-11-15,0.28537,-0.04710,0.00640,-0.02015,0.05293,-0.00839
AAPL171222C00147000,AAPL,2017-12-22,147.00,call,14.02,22.65,22.40,6,22.90,6,0,90,2017-11-15,0.28964,0.94253,0.00739,-0.02861,0.06200,0.13859
AAPL171222P00147000,AAPL,2017-12-22,147.00,put,0.11,0.34,0.32,67,0.37,170,0,15,2017-11-15,0.28004,-0.05184,0.00704,-0.02133,0.05714,-0.00923
AAPL171222C00148000,AAPL,2017-12-22,148.00,call,13.68,21.75,21.40,11,22.10,18,0,95,2017-11-15,0.29315,0.93136,0.00838,-0.03252,0.07120,0.13758
AAPL171222P00148000,AAPL,2017-12-22,148.00,put,0.13,0.38,0.35,72,0.41,292,0,16,2017-11-15,0.27577,-0.05776,0.00779,-0.02287,0.06224,-0.01028
AAPL171222C00149000,AAPL,2017-12-22,149.00,call,13.18,20.75,20.45,10,21.05,6,0,100,2017-11-15,0.28156,0.92898,0.00896,-0.03214,0.07309,0.13819
AAPL171222P00149000,AAPL,2017-12-22,149.00,put,0.44,0.42,0.39,63,0.45,63,130,2,2017-11-15,0.27089,-0.06393,0.00858,-0.02431,0.06738,-0.01138
AAPL171222C00150000,AAPL,2017-12-22,150.00,call,19.80,19.77,19.50,61,20.05,120,24,148,2017-11-15,0.27257,0.92459,0.00969,-0.03252,0.07652,0.13843
AAPL171222P00150000,AAPL,2017-12-22,150.00,put,0.48,0.47,0.44,63,0.50,84,341,536,2017-11-15,0.26678,-0.07132,0.00948,-0.02604,0.07333,-0.01270
AAPL171222C00152500,AAPL,2017-12-22,152.50,call,11.39,17.48,17.20,6,17.75,6,0,110,2017-11-15,0.26693,0.89809,0.01238,-0.03882,0.09579,0.13621
AAPL171222P00152500,AAPL,2017-12-22,152.50,put,0.64,0.61,0.58,50,0.65,119,54,432,2017-11-15,0.25489,-0.09228,0.01206,-0.03016,0.08906,-0.01644
AAPL171222C00155000,AAPL,2017-12-22,155.00,call,9.38,15.12,14.90,6,15.35,119,0,207,2017-11-15,0.24879,0.87536,0.01534,-0.04140,0.11059,0.13471
AAPL171222P00155000,AAPL,2017-12-22,155.00,put,0.85,0.81,0.78,58,0.85,67,111,224,2017-11-15,0.24452,-0.12083,0.01527,-0.03508,0.10821,-0.02153
AAPL171222C00157500,AAPL,2017-12-22,157.50,call,13.35,12.90,12.70,18,13.10,118,5,148,2017-11-15,0.23858,0.83829,0.01908,-0.04662,0.13189,0.13060
AAPL171222P00157500,AAPL,2017-12-22,157.50,put,1.05,1.09,1.05,54,1.14,56,27,306,2017-11-15,0.23522,-0.15854,0.01910,-0.04050,0.13020,-0.02828
AAPL171222C00160000,AAPL,2017-12-22,160.00,call,10.80,10.82,10.65,116,11.00,163,213,284,2017-11-15,0.23172,0.78844,0.02320,-0.05269,0.15582,0.12417
AAPL171222P00160000,AAPL,2017-12-22,160.00,put,1.53,1.48,1.44,48,1.52,41,241,1218,2017-11-15,0.22714,-0.20734,0.02339,-0.04611,0.15399,-0.03704
AAPL171222C00162500,AAPL,2017-12-22,162.50,call,8.99,8.82,8.70,68,8.95,47,246,139,2017-11-15,0.22227,0.73003,0.02763,-0.05710,0.17798,0.11618
AAPL171222P00162500,AAPL,2017-12-22,162.50,put,2.08,2.00,1.95,15,2.05,148,160,1259,2017-11-15,0.21952,-0.26773,0.02786,-0.05108,0.17724,-0.04792
AAPL171222C00165000,AAPL,2017-12-22,165.00,call,7.21,7.03,6.90,58,7.15,87,115,1075,2017-11-15,0.21602,0.65786,0.03158,-0.06103,0.19772,0.10563
AAPL171222P00165000,AAPL,2017-12-22,165.00,put,2.79,2.70,2.64,2,2.76,166,246,2294,2017-11-15,0.21312,-0.34045,0.03195,-0.05492,0.19735,-0.06109
AAPL171222C00167500,AAPL,2017-12-22,167.50,call,5.39,5.45,5.35,68,5.55,267,191,310,2017-11-15,0.21099,0.57568,0.03449,-0.06305,0.21089,0.09314
AAPL171222P00167500,AAPL,2017-12-22,167.50,put,3.73,3.60,3.50,76,3.70,237,289,1047,2017-11-15,0.20748,-0.42350,0.03506,-0.05671,0.21080,-0.07623
AAPL171222C00170000,AAPL,2017-12-22,170.00,call,4.00,4.10,4.00,52,4.20,85,251,971,2017-11-15,0.20687,0.48739,0.03581,-0.06250,0.21465,0.07938
AAPL171222P00170000,AAPL,2017-12-22,170.00,put,4.93,4.75,4.65,2,4.85,294,1981,2174,2017-11-15,0.20352,-0.51324,0.03639,-0.05612,0.21464,-0.09278
AAPL171222C00172500,AAPL,2017-12-22,172.50,call,2.98,2.98,2.92,44,3.05,185,1794,911,2017-11-15,0.20306,0.39773,0.03529,-0.05903,0.20767,0.06515
AAPL171222P00172500,AAPL,2017-12-22,172.50,put,6.05,6.15,6.05,2,6.25,202,1246,556,2017-11-15,0.20077,-0.60369,0.03566,-0.05285,0.20747,-0.10970
AAPL171222C00175000,AAPL,2017-12-22,175.00,call,2.13,2.12,2.07,10,2.18,164,643,2005,2017-11-15,0.20153,0.31351,0.03268,-0.05359,0.19085,0.05159
AAPL171222P00175000,AAPL,2017-12-22,175.00,put,8.00,7.78,7.60,58,7.95,201,63,507,2017-11-15,0.19864,-0.68932,0.03302,-0.04708,0.19010,-0.12603
AAPL171222C00177500,AAPL,2017-12-22,177.50,call,1.39,1.48,1.43,10,1.53,138,75,1364,2017-11-15,0.20123,0.23943,0.02866,-0.04669,0.16713,0.03954
AAPL171222P00177500,AAPL,2017-12-22,177.50,put,3.60,9.60,9.40,6,9.80,213,0,175,2017-11-15,0.19574,-0.76724,0.02901,-0.03910,0.16455,-0.14123
AAPL171222C00180000,AAPL,2017-12-22,180.00,call,1.00,1.01,0.97,26,1.05,46,634,1745,2017-11-15,0.20153,0.17750,0.02397,-0.03905,0.14002,0.02940
AAPL171222P00180000,AAPL,2017-12-22,180.00,put,11.65,11.70,11.45,22,11.95,141,3,55,2017-11-15,0.20016,-0.82426,0.02399,-0.03283,0.13914,-0.15314
AAPL171222C00182500,AAPL,2017-12-22,182.50,call,0.70,0.69,0.65,41,0.72,83,117,980,2017-11-15,0.20336,0.12943,0.01926,-0.03188,0.11354,0.02149
AAPL171222P00182500,AAPL,2017-12-22,182.50,put,4.50,13.88,13.60,6,14.15,47,0,17,2017-11-15,0.20199,-0.87227,0.01922,-0.02558,0.11250,-0.16357
AAPL171222C00185000,AAPL,2017-12-22,185.00,call,0.48,0.47,0.44,38,0.51,183,333,2052,2017-11-15,0.20596,0.09316,0.01503,-0.02545,0.08968,0.01549
AAPL171222P00185000,AAPL,2017-12-22,185.00,put,5.48,16.20,15.90,6,16.50,17,0,44,2017-11-15,0.20900,-0.90342,0.01521,-0.02064,0.09210,-0.17126
AAPL171222C00187500,AAPL,2017-12-22,187.50,call,0.32,0.33,0.30,43,0.36,262,33,226,2017-11-15,0.21053,0.06790,0.01157,-0.02044,0.07060,0.01130
AAPL171222P00187500,AAPL,2017-12-22,187.50,put,6.52,18.60,18.25,6,18.95,21,0,1,2017-11-15,0.21998,-0.92287,0.01221,-0.01759,0.07785,-0.17703
AAPL171222C00190000,AAPL,2017-12-22,190.00,call,0.21,0.23,0.20,55,0.25,156,112,1564,2017-11-15,0.21480,0.04903,0.00878,-0.01612,0.05466,0.00817
AAPL171222P00190000,AAPL,2017-12-22,190.00,put,0.00,21.00,20.65,6,21.35,8,0,0,2017-11-15,0.22714,-0.94069,0.00965,-0.01378,0.06355,-0.18252
AAPL171222C00192500,AAPL,2017-12-22,192.50,call,0.16,0.17,0.14,69,0.19,153,13,595,2017-11-15,0.22120,0.03672,0.00675,-0.01312,0.04327,0.00612
AAPL171222P00192500,AAPL,2017-12-22,192.50,put,0.00,23.50,23.15,5,23.85,11,0,0,2017-11-15,0.24742,-0.94436,0.00843,-0.01438,0.06043,-0.18568
AAPL171222C00195000,AAPL,2017-12-22,195.00,call,0.25,0.12,0.09,95,0.14,136,5,480,2017-11-15,0.22562,0.02660,0.00507,-0.01024,0.03314,0.00444
AAPL171222P00195000,AAPL,2017-12-22,195.00,put,10.29,25.93,25.50,8,26.35,8,0,8,2017-11-15,0.25428,-0.95606,0.00679,-0.01124,0.05005,-0.19015
AAPL171222C00197500,AAPL,2017-12-22,197.50,call,0.07,0.08,0.06,100,0.11,142,13,174,2017-11-15,0.22791,0.01837,0.00367,-0.00756,0.02425,0.00307
AAPL171222P00197500,AAPL,2017-12-22,197.50,put,11.83,28.43,28.05,8,28.80,8,0,1,2017-11-15,0.27303,-0.95821,0.00607,-0.01168,0.04806,-0.19305
AAPL171222C00200000,AAPL,2017-12-22,200.00,call,0.07,0.07,0.06,10,0.09,148,91,1268,2017-11-15,0.23903,0.01565,0.00305,-0.00691,0.02114,0.00261
AAPL171222P00200000,AAPL,2017-12-22,200.00,put,12.88,30.95,30.55,10,31.35,8,0,4,2017-11-15,0.29574,-0.95765,0.00567,-0.01329,0.04859,-0.19551
AAPL171222C00202500,AAPL,2017-12-22,202.50,call,0.05,0.05,0.02,134,0.07,45,3,0,2017-11-15,0.24300,0.01138,0.00228,-0.00533,0.01606,0.00190
AAPL171222P00202500,AAPL,2017-12-22,202.50,put,0.00,33.42,33.05,8,33.80,8,0,0,2017-11-15,0.30717,-0.96273,0.00492,-0.01194,0.04379,-0.19889
AAPL171222C00205000,AAPL,2017-12-22,205.00,call,0.00,0.03,0.01,138,0.06,171,0,0,2017-11-15,0.24193,0.00720,0.00153,-0.00355,0.01075,0.00120
AAPL171222P00205000,AAPL,2017-12-22,205.00,put,0.00,35.92,35.55,8,36.30,8,0,0,2017-11-15,0.32486,-0.96402,0.00452,-0.01236,0.04255,-0.20164
AAPL171222C00207500,AAPL,2017-12-22,207.50,call,0.01,0.01,0.00,0,0.05,114,1,0,2017-11-15,0.22760,0.00278,0.00070,-0.00143,0.00459,0.00047
AAPL171222P00207500,AAPL,2017-12-22,207.50,put,0.00,38.42,38.05,8,38.80,8,0,0,2017-11-15,0.34208,-0.96522,0.00417,-0.01272,0.04138,-0.20438
AAPL171222C00210000,AAPL,2017-12-22,210.00,call,0.03,0.01,0.00,0,0.04,11,66,165,2017-11-15,0.23949,0.00264,0.00063,-0.00144,0.00440,0.00044
AAPL171222P00210000,AAPL,2017-12-22,210.00,put,0.00,40.92,40.55,8,41.30,8,0,0,2017-11-15,0.35900,-0.96628,0.00388,-0.01308,0.04034,-0.20710
AAPL171222C00220000,AAPL,2017-12-22,220.00,call,0.02,0.01,0.00,0,0.03,114,0,1,2017-11-15,0.28537,0.00226,0.00046,-0.00148,0.00382,0.00038
AAPL171222P00220000,AAPL,2017-12-22,220.00,put,0.00,50.92,50.55,8,51.30,8,0,0,2017-11-15,0.42424,-0.96945,0.00302,-0.01449,0.03719,-0.21778
AAPL171222C00230000,AAPL,2017-12-22,230.00,call,0.00,0.01,0.00,0,0.03,258,0,0,2017-11-15,0.32836,0.00199,0.00036,-0.00152,0.00340,0.00033
AAPL171222P00230000,AAPL,2017-12-22,230.00,put,0.00,60.92,60.55,8,61.30,8,0,0,2017-11-15,0.48552,-0.97165,0.00248,-0.01577,0.03494,-0.22829
AAPL171229C00146000,AAPL,2017-12-29,146.00,call,0.00,23.73,23.25,26,24.20,18,0,0,2017-11-15,0.28339,0.94003,0.00716,-0.02681,0.06990,0.16299
AAPL171229P00146000,AAPL,2017-12-29,146.00,put,0.36,0.36,0.30,83,0.43,6,12,5,2017-11-15,0.27028,-0.05200,0.00671,-0.01889,0.06246,-0.01103
AAPL171229C00147000,AAPL,2017-12-29,147.00,call,12.76,22.77,22.35,10,23.20,15,0,53,2017-11-15,0.27821,0.93467,0.00779,-0.02792,0.07473,0.16306
AAPL171229P00147000,AAPL,2017-12-29,147.00,put,0.14,0.41,0.33,236,0.49,104,0,76,2017-11-15,0.26784,-0.05864,0.00744,-0.02058,0.06868,-0.01245
AAPL171229C00148000,AAPL,2017-12-29,148.00,call,0.00,21.82,21.40,10,22.25,15,0,0,2017-11-15,0.27394,0.92817,0.00852,-0.02932,0.08040,0.16288
AAPL171229P00148000,AAPL,2017-12-29,148.00,put,0.45,0.46,0.38,256,0.53,122,6,6,2017-11-15,0.26449,-0.06537,0.00820,-0.02210,0.07476,-0.01388
AAPL171229C00149000,AAPL,2017-12-29,149.00,call,0.00,20.88,20.45,11,21.30,19,0,0,2017-11-15,0.27013,0.92070,0.00931,-0.03090,0.08670,0.16249
AAPL171229P00149000,AAPL,2017-12-29,149.00,put,0.46,0.51,0.42,252,0.59,6,1,10,2017-11-15,0.26037,-0.07226,0.00900,-0.02349,0.08077,-0.01534
AAPL171229C00150000,AAPL,2017-12-29,150.00,call,12.74,19.93,19.50,8,20.35,10,0,40,2017-11-15,0.26464,0.91376,0.01013,-0.03205,0.09234,0.16222
AAPL171229P00150000,AAPL,2017-12-29,150.00,put,0.57,0.56,0.48,74,0.65,143,23,35,2017-11-15,0.25580,-0.07952,0.00985,-0.02481,0.08688,-0.01688
AAPL171229C00152500,AAPL,2017-12-29,152.50,call,18.40,17.60,17.15,123,18.05,130,50,0,2017-11-15,0.25321,0.89136,0.01254,-0.03571,0.10940,0.16046
AAPL171229P00152500,AAPL,2017-12-29,152.50,put,0.76,0.74,0.61,61,0.88,304,78,22,2017-11-15,0.24696,-0.10332,0.01240,-0.02903,0.10551,-0.02195
AAPL171229C00155000,AAPL,2017-12-29,155.00,call,15.21,15.32,14.95,109,15.70,159,5,0,2017-11-15,0.24193,0.86297,0.01544,-0.03955,0.12877,0.15742
AAPL171229P00155000,AAPL,2017-12-29,155.00,put,0.96,0.95,0.85,1,1.05,1,244,128,2017-11-15,0.23614,-0.13167,0.01540,-0.03288,0.12529,-0.02798
AAPL171229C00157500,AAPL,2017-12-29,157.50,call,9.20,13.20,12.80,19,13.60,162,0,40,2017-11-15,0.23705,0.82125,0.01877,-0.04531,0.15337,0.15148
AAPL171229P00157500,AAPL,2017-12-29,157.50,put,1.31,1.29,1.14,29,1.44,237,155,178,2017-11-15,0.22974,-0.17185,0.01889,-0.03809,0.14959,-0.03658
AAPL171229C00160000,AAPL,2017-12-29,160.00,call,11.30,11.05,10.85,130,11.25,25,108,12,2017-11-15,0.22425,0.77811,0.02260,-0.04834,0.17467,0.14528
AAPL171229P00160000,AAPL,2017-12-29,160.00,put,1.74,1.75,1.69,17,1.80,56,384,183,2017-11-15,0.22455,-0.22216,0.02259,-0.04335,0.17480,-0.04739
AAPL171229C00162500,AAPL,2017-12-29,162.50,call,9.58,9.15,8.95,89,9.35,83,13,10,2017-11-15,0.21937,0.71823,0.02622,-0.05298,0.19822,0.13536
AAPL171229P00162500,AAPL,2017-12-29,162.50,put,2.35,2.33,2.24,156,2.43,274,77,99,2017-11-15,0.21861,-0.28118,0.02628,-0.04761,0.19802,-0.06012
AAPL171229C00165000,AAPL,2017-12-29,165.00,call,7.65,7.42,7.25,94,7.60,240,97,39,2017-11-15,0.21495,0.64927,0.02938,-0.05641,0.21761,0.12339
AAPL171229P00165000,AAPL,2017-12-29,165.00,put,3.07,3.11,2.97,69,3.25,294,198,302,2017-11-15,0.21510,-0.35081,0.02936,-0.05121,0.21762,-0.07525
AAPL171229C00167500,AAPL,2017-12-29,167.50,call,5.70,5.83,5.65,90,6.00,127,142,25,2017-11-15,0.20916,0.57333,0.03194,-0.05762,0.23023,0.10983
AAPL171229P00167500,AAPL,2017-12-29,167.50,put,4.03,4.05,3.90,56,4.20,410,131,84,2017-11-15,0.21053,-0.42696,0.03174,-0.05266,0.23026,-0.09191
AAPL171229C00170000,AAPL,2017-12-29,170.00,call,4.40,4.47,4.30,54,4.65,164,200,239,2017-11-15,0.20474,0.49157,0.03319,-0.05697,0.23415,0.09481
AAPL171229P00170000,AAPL,2017-12-29,170.00,put,5.05,5.10,4.90,218,5.30,225,231,107,2017-11-15,0.20245,-0.50884,0.03356,-0.05097,0.23414,-0.10986
AAPL171229C00172500,AAPL,2017-12-29,172.50,call,3.35,3.40,3.30,91,3.50,232,242,366,2017-11-15,0.20413,0.41006,0.03244,-0.05503,0.22822,0.07948
AAPL171229P00172500,AAPL,2017-12-29,172.50,put,6.62,6.55,6.30,81,6.80,276,18,132,2017-11-15,0.20275,-0.59072,0.03265,-0.04918,0.22812,-0.12830
AAPL171229C00175000,AAPL,2017-12-29,175.00,call,2.43,2.45,2.33,117,2.57,112,680,473,2017-11-15,0.19986,0.32957,0.03085,-0.04995,0.21249,0.06422
AAPL171229P00175000,AAPL,2017-12-29,175.00,put,8.10,8.18,8.05,14,8.30,202,21,89,2017-11-15,0.20245,-0.66806,0.03054,-0.04517,0.21310,-0.14603
AAPL171229C00177500,AAPL,2017-12-29,177.50,call,1.83,1.76,1.65,155,1.88,186,75,565,2017-11-15,0.19910,0.25841,0.02766,-0.04428,0.18982,0.05055
AAPL171229P00177500,AAPL,2017-12-29,177.50,put,9.75,10.00,9.80,63,10.20,321,9,35,2017-11-15,0.20275,-0.73738,0.02739,-0.03982,0.19140,-0.16235
AAPL171229C00180000,AAPL,2017-12-29,180.00,call,1.23,1.23,1.11,245,1.35,1,312,236,2017-11-15,0.19833,0.19652,0.02379,-0.03767,0.16262,0.03857
AAPL171229P00180000,AAPL,2017-12-29,180.00,put,4.06,11.90,11.50,6,12.30,168,0,11,2017-11-15,0.19833,-0.80348,0.02379,-0.03196,0.16262,-0.17811
AAPL171229C00182500,AAPL,2017-12-29,182.50,call,0.85,0.88,0.75,147,1.00,5,219,433,2017-11-15,0.20077,0.14899,0.01969,-0.03186,0.13626,0.02931
AAPL171229P00182500,AAPL,2017-12-29,182.50,put,0.00,14.05,13.65,1,14.45,199,0,0,2017-11-15,0.20108,-0.85062,0.01970,-0.02617,0.13650,-0.19031
AAPL171229C00185000,AAPL,2017-12-29,185.00,call,0.58,0.59,0.51,78,0.68,99,39,571,2017-11-15,0.20016,0.10750,0.01574,-0.02526,0.10858,0.02120
AAPL171229P00185000,AAPL,2017-12-29,185.00,put,6.50,16.38,16.05,6,16.70,45,0,3,2017-11-15,0.21144,-0.87899,0.01621,-0.02314,0.11813,-0.19890
AAPL171229C00187500,AAPL,2017-12-29,187.50,call,0.43,0.43,0.34,47,0.52,134,18,20,2017-11-15,0.20489,0.08100,0.01248,-0.02093,0.08809,0.01599
AAPL171229P00187500,AAPL,2017-12-29,187.50,put,18.45,18.75,18.35,72,19.15,136,31,0,2017-11-15,0.22181,-0.90079,0.01340,-0.02038,0.10243,-0.20620
AAPL171229C00190000,AAPL,2017-12-29,190.00,call,0.33,0.29,0.23,57,0.36,147,11,68,2017-11-15,0.20611,0.05765,0.00954,-0.01617,0.06777,0.01140
AAPL171229P00190000,AAPL,2017-12-29,190.00,put,20.80,21.08,20.55,24,21.60,48,31,0,2017-11-15,0.22410,-0.92540,0.01072,-0.01543,0.08276,-0.21403
AAPL171229C00192500,AAPL,2017-12-29,192.50,call,0.15,0.21,0.14,65,0.28,80,0,21,2017-11-15,0.21053,0.04280,0.00737,-0.01301,0.05344,0.00847
AAPL171229P00192500,AAPL,2017-12-29,192.50,put,0.00,23.48,22.95,6,24.00,9,0,0,2017-11-15,0.23004,-0.94141,0.00866,-0.01214,0.06864,-0.22019
AAPL171229C00195000,AAPL,2017-12-29,195.00,call,0.15,0.15,0.10,5,0.19,191,32,30,2017-11-15,0.21434,0.03140,0.00562,-0.01027,0.04148,0.00622
AAPL171229P00195000,AAPL,2017-12-29,195.00,put,0.00,25.95,25.40,8,26.50,8,0,0,2017-11-15,0.24376,-0.94807,0.00743,-0.01137,0.06240,-0.22452
AAPL171229C00197500,AAPL,2017-12-29,197.50,call,0.11,0.10,0.03,168,0.16,188,0,388,2017-11-15,0.21571,0.02178,0.00411,-0.00760,0.03055,0.00432
AAPL171229P00197500,AAPL,2017-12-29,197.50,put,0.00,28.45,27.90,10,29.00,10,0,0,2017-11-15,0.26144,-0.95061,0.00665,-0.01180,0.05995,-0.22805
AAPL171229C00200000,AAPL,2017-12-29,200.00,call,0.08,0.09,0.06,50,0.12,215,16,32,2017-11-15,0.22684,0.01898,0.00348,-0.00711,0.02719,0.00376
AAPL171229P00200000,AAPL,2017-12-29,200.00,put,13.13,30.93,30.35,8,31.50,8,0,2,2017-11-15,0.27531,-0.95492,0.00587,-0.01132,0.05573,-0.23192
AAPL171229C00202500,AAPL,2017-12-29,202.50,call,0.10,0.01,0.00,0,0.10,205,0,1,2017-11-15,0.18599,0.00308,0.00086,-0.00118,0.00550,0.00062
AAPL171229P00202500,AAPL,2017-12-29,202.50,put,0.00,33.42,32.85,8,34.00,11,0,0,2017-11-15,0.29040,-0.95770,0.00529,-0.01126,0.05294,-0.23549
AAPL171229C00205000,AAPL,2017-12-29,205.00,call,0.07,0.01,0.00,0,0.15,5,0,2,2017-11-15,0.19742,0.00293,0.00077,-0.00119,0.00525,0.00058
AAPL171229P00205000,AAPL,2017-12-29,205.00,put,0.00,35.92,35.35,8,36.50,8,0,0,2017-11-15,0.30687,-0.95922,0.00486,-0.01163,0.05139,-0.23881
AAPL171229C00207500,AAPL,2017-12-29,207.50,call,0.00,0.01,0.00,0,0.09,52,0,0,2017-11-15,0.20855,0.00278,0.00070,-0.00120,0.00502,0.00056
AAPL171229P00207500,AAPL,2017-12-29,207.50,put,0.00,38.42,37.85,8,39.00,11,0,0,2017-11-15,0.32318,-0.96048,0.00450,-0.01202,0.05010,-0.24208
AAPL171229C00210000,AAPL,2017-12-29,210.00,call,0.00,0.01,0.00,0,0.07,7,0,0,2017-11-15,0.21952,0.00266,0.00064,-0.00122,0.00482,0.00053
AAPL171229P00210000,AAPL,2017-12-29,210.00,put,0.00,40.92,40.40,8,41.45,8,0,0,2017-11-15,0.33903,-0.96168,0.00418,-0.01235,0.04885,-0.24534
AAPL180119C00002500,AAPL,2018-01-19,2.50,call,86.50,166.62,166.20,5,167.05,5,0,0,2017-11-15,3.81623,0.99969,0.00000,-0.00246,0.00081,0.00429
AAPL180119P00002500,AAPL,2018-01-19,2.50,put,0.01,0.01,0.00,0,0.02,18,0,2,2017-11-15,3.36502,-0.00012,0.00000,-0.00085,0.00033,-0.00005
AAPL180119C00005000,AAPL,2018-01-19,5.00,call,85.19,164.18,163.80,5,164.55,5,0,0,2017-11-15,3.46258,0.99916,0.00001,-0.00560,0.00205,0.00847
AAPL180119P00005000,AAPL,2018-01-19,5.00,put,0.01,0.01,0.00,0,0.02,20,0,1,2017-11-15,2.75467,-0.00015,0.00000,-0.00089,0.00042,-0.00006
AAPL180119C00007500,AAPL,2018-01-19,7.50,call,0.00,161.68,161.30,5,162.05,5,0,0,2017-11-15,2.99445,0.99903,0.00002,-0.00562,0.00234,0.01289
AAPL180119P00007500,AAPL,2018-01-19,7.50,put,0.00,0.01,0.00,0,0.02,18,0,0,2017-11-15,2.41429,-0.00018,0.00000,-0.00090,0.00049,-0.00007
AAPL180119C00010000,AAPL,2018-01-19,10.00,call,82.88,159.15,158.75,5,159.55,5,0,0,2017-11-15,2.53517,0.99926,0.00001,-0.00385,0.00181,0.01746
AAPL180119P00010000,AAPL,2018-01-19,10.00,put,0.00,0.01,0.00,0,0.02,18,0,0,2017-11-15,2.17923,-0.00020,0.00000,-0.00092,0.00055,-0.00008
AAPL180119C00012500,AAPL,2018-01-19,12.50,call,0.00,156.65,156.25,5,157.05,5,0,0,2017-11-15,2.29661,0.99925,0.00002,-0.00365,0.00185,0.02191
AAPL180119P00012500,AAPL,2018-01-19,12.50,put,0.00,0.01,0.00,0,0.02,18,0,0,2017-11-15,2.00012,-0.00022,0.00001,-0.00092,0.00060,-0.00009
AAPL180119C00015000,AAPL,2018-01-19,15.00,call,0.00,154.15,153.75,5,154.55,5,0,0,2017-11-15,2.10210,0.99925,0.00002,-0.00343,0.00183,0.02636
AAPL180119P00015000,AAPL,2018-01-19,15.00,put,0.00,0.01,0.00,0,0.02,18,0,0,2017-11-15,1.85576,-0.00024,0.00001,-0.00093,0.00065,-0.00009
AAPL180119C00017500,AAPL,2018-01-19,17.50,call,66.43,151.68,151.25,5,152.10,5,0,1,2017-11-15,2.06826,0.99881,0.00003,-0.00504,0.00282,0.03063
AAPL180119P00017500,AAPL,2018-01-19,17.50,put,0.01,0.01,0.00,0,0.02,18,0,4,2017-11-15,1.73488,-0.00026,0.00001,-0.00093,0.00070,-0.00010
AAPL180119C00020000,AAPL,2018-01-19,20.00,call,0.00,149.22,148.85,5,149.60,5,0,0,2017-11-15,2.04143,0.99820,0.00004,-0.00708,0.00411,0.03482
AAPL180119P00020000,AAPL,2018-01-19,20.00,put,0.00,0.01,0.00,0,0.02,18,0,0,2017-11-15,1.63123,-0.00028,0.00001,-0.00093,0.00075,-0.00010
AAPL180119C00022500,AAPL,2018-01-19,22.50,call,0.00,146.72,146.35,5,147.10,5,0,0,2017-11-15,1.91460,0.99815,0.00004,-0.00691,0.00421,0.03926
AAPL180119P00022500,AAPL,2018-01-19,22.50,put,0.00,0.01,0.00,0,0.02,18,0,0,2017-11-15,1.54022,-0.00030,0.00001,-0.00093,0.00079,-0.00011
AAPL180119C00025000,AAPL,2018-01-19,25.00,call,75.20,144.20,143.80,5,144.60,5,0,0,2017-11-15,1.75058,0.99846,0.00004,-0.00558,0.00357,0.04384
AAPL180119P00025000,AAPL,2018-01-19,25.00,put,0.00,0.01,0.00,0,0.02,18,0,0,2017-11-15,1.45943,-0.00032,0.00001,-0.00094,0.00084,-0.00011
AAPL180119C00030000,AAPL,2018-01-19,30.00,call,0.00,139.20,138.80,5,139.60,5,0,0,2017-11-15,1.55592,0.99849,0.00004,-0.00514,0.00351,0.05276
AAPL180119P00030000,AAPL,2018-01-19,30.00,put,0.01,0.01,0.00,0,0.02,18,0,30,2017-11-15,1.32056,-0.00036,0.00001,-0.00094,0.00092,-0.00012
AAPL180119C00035000,AAPL,2018-01-19,35.00,call,70.25,134.23,133.80,5,134.65,5,0,0,2017-11-15,1.46446,0.99789,0.00006,-0.00645,0.00475,0.06143
AAPL180119P00035000,AAPL,2018-01-19,35.00,put,0.00,0.01,0.00,0,0.02,18,0,0,2017-11-15,1.20395,-0.00039,0.00002,-0.00094,0.00101,-0.00014
AAPL180119C00040000,AAPL,2018-01-19,40.00,call,67.73,129.28,128.90,5,129.65,5,0,0,2017-11-15,1.40852,0.99679,0.00010,-0.00876,0.00693,0.06991
AAPL180119P00040000,AAPL,2018-01-19,40.00,put,0.00,0.01,0.00,0,0.02,18,0,0,2017-11-15,1.10365,-0.00043,0.00002,-0.00093,0.00110,-0.00015
AAPL180119C00042500,AAPL,2018-01-19,42.50,call,65.25,126.75,126.35,5,127.15,5,0,51,2017-11-15,1.29602,0.99746,0.00009,-0.00693,0.00562,0.07462
AAPL180119P00042500,AAPL,2018-01-19,42.50,put,0.01,0.01,0.00,0,0.01,75,0,4681,2017-11-15,1.05822,-0.00045,0.00002,-0.00093,0.00115,-0.00015
AAPL180119C00045000,AAPL,2018-01-19,45.00,call,0.00,124.25,123.85,5,124.65,5,0,0,2017-11-15,1.23489,0.99748,0.00009,-0.00671,0.00557,0.07908
AAPL180119P00045000,AAPL,2018-01-19,45.00,put,0.00,0.01,0.00,0,0.02,18,0,15,2017-11-15,1.01539,-0.00047,0.00002,-0.00093,0.00120,-0.00016
AAPL180119C00047500,AAPL,2018-01-19,47.50,call,64.08,121.78,121.35,5,122.20,5,0,17,2017-11-15,1.22483,0.99672,0.00011,-0.00814,0.00707,0.08325
AAPL180119P00047500,AAPL,2018-01-19,47.50,put,0.01,0.01,0.00,0,0.02,18,0,8680,2017-11-15,0.97514,-0.00049,0.00003,-0.00093,0.00124,-0.00017
AAPL180119C00050000,AAPL,2018-01-19,50.00,call,62.28,119.28,118.85,5,119.70,5,0,800,2017-11-15,1.17026,0.99672,0.00012,-0.00794,0.00708,0.08770
AAPL180119P00050000,AAPL,2018-01-19,50.00,put,0.01,0.01,0.00,0,0.01,15,0,3883,2017-11-15,0.93688,-0.00051,0.00003,-0.00093,0.00129,-0.00017
AAPL180119C00055000,AAPL,2018-01-19,55.00,call,115.22,114.33,113.95,5,114.70,5,4,1058,2017-11-15,1.12865,0.99534,0.00017,-0.01012,0.00968,0.09610
AAPL180119P00055000,AAPL,2018-01-19,55.00,put,0.01,0.01,0.00,0,0.02,20,0,4030,2017-11-15,0.86585,-0.00055,0.00003,-0.00092,0.00139,-0.00018
AAPL180119C00060000,AAPL,2018-01-19,60.00,call,57.70,109.30,108.90,5,109.70,5,0,1429,2017-11-15,1.00213,0.99616,0.00016,-0.00816,0.00814,0.10530
AAPL180119P00060000,AAPL,2018-01-19,60.00,put,0.01,0.01,0.00,0,0.02,18,0,5566,2017-11-15,0.80122,-0.00060,0.00004,-0.00092,0.00150,-0.00020
AAPL180119C00065000,AAPL,2018-01-19,65.00,call,55.25,104.38,104.00,8,104.75,8,0,454,2017-11-15,0.99420,0.99367,0.00025,-0.01175,0.01272,0.11331
AAPL180119P00065000,AAPL,2018-01-19,65.00,put,0.00,0.01,0.00,0,0.02,29,0,9451,2017-11-15,0.74177,-0.00065,0.00004,-0.00091,0.00161,-0.00021
AAPL180119C00070000,AAPL,2018-01-19,70.00,call,99.83,99.35,98.95,32,99.75,8,166,1241,2017-11-15,0.88978,0.99449,0.00025,-0.00989,0.01125,0.12252
AAPL180119P00070000,AAPL,2018-01-19,70.00,put,0.01,0.01,0.00,0,0.02,29,0,11544,2017-11-15,0.68689,-0.00070,0.00005,-0.00091,0.00173,-0.00023
AAPL180119C00075000,AAPL,2018-01-19,75.00,call,50.25,94.38,93.95,16,94.80,8,0,1406,2017-11-15,0.84054,0.99334,0.00031,-0.01095,0.01331,0.13102
AAPL180119P00075000,AAPL,2018-01-19,75.00,put,0.01,0.01,0.00,0,0.02,29,0,19984,2017-11-15,0.63567,-0.00076,0.00006,-0.00090,0.00186,-0.00025
AAPL180119C00080000,AAPL,2018-01-19,80.00,call,90.50,89.38,89.05,9,89.70,3,1,1739,2017-11-15,0.77134,0.99321,0.00034,-0.01053,0.01354,0.13989
AAPL180119P00080000,AAPL,2018-01-19,80.00,put,0.03,0.01,0.00,0,0.02,20,5,14711,2017-11-15,0.58781,-0.00082,0.00007,-0.00090,0.00200,-0.00026
AAPL180119C00082500,AAPL,2018-01-19,82.50,call,46.68,86.90,86.50,8,87.30,8,0,26,2017-11-15,0.75244,0.99235,0.00039,-0.01127,0.01504,0.14404
AAPL180119P00082500,AAPL,2018-01-19,82.50,put,0.01,0.01,0.00,0,0.02,9,22,6348,2017-11-15,0.56494,-0.00085,0.00007,-0.00090,0.00207,-0.00027
AAPL180119C00085000,AAPL,2018-01-19,85.00,call,44.50,84.42,84.05,8,84.80,8,0,2968,2017-11-15,0.73308,0.99145,0.00044,-0.01200,0.01659,0.14819
AAPL180119P00085000,AAPL,2018-01-19,85.00,put,0.01,0.01,0.00,0,0.03,14,0,21008,2017-11-15,0.54269,-0.00088,0.00008,-0.00089,0.00215,-0.00028
AAPL180119C00087500,AAPL,2018-01-19,87.50,call,43.95,81.90,81.50,8,82.30,8,0,384,2017-11-15,0.68933,0.99218,0.00044,-0.01086,0.01534,0.15290
AAPL180119P00087500,AAPL,2018-01-19,87.50,put,0.01,0.01,0.00,0,0.03,16,0,11040,2017-11-15,0.52119,-0.00092,0.00008,-0.00089,0.00223,-0.00030
AAPL180119C00090000,AAPL,2018-01-19,90.00,call,79.75,79.40,79.00,8,79.80,8,3,4613,2017-11-15,0.65915,0.99210,0.00046,-0.01065,0.01547,0.15733
AAPL180119P00090000,AAPL,2018-01-19,90.00,put,0.02,0.01,0.00,0,0.03,25,200,34556,2017-11-15,0.50016,-0.00096,0.00009,-0.00088,0.00231,-0.00031
AAPL180119C00092500,AAPL,2018-01-19,92.50,call,77.20,76.92,76.50,8,77.35,8,1,637,2017-11-15,0.64207,0.99109,0.00053,-0.01137,0.01720,0.16144
AAPL180119P00092500,AAPL,2018-01-19,92.50,put,0.01,0.01,0.00,0,0.03,25,0,10558,2017-11-15,0.47973,-0.00100,0.00010,-0.00088,0.00240,-0.00032
AAPL180119C00095000,AAPL,2018-01-19,95.00,call,39.13,74.42,74.00,8,74.85,8,0,3238,2017-11-15,0.61342,0.99097,0.00056,-0.01117,0.01739,0.16585
AAPL180119P00095000,AAPL,2018-01-19,95.00,put,0.01,0.01,0.00,0,0.05,255,0,28774,2017-11-15,0.45991,-0.00104,0.00011,-0.00088,0.00249,-0.00033
AAPL180119C00097500,AAPL,2018-01-19,97.50,call,37.54,71.97,71.60,8,72.35,8,0,998,2017-11-15,0.61113,0.98845,0.00069,-0.01316,0.02157,0.16946
AAPL180119P00097500,AAPL,2018-01-19,97.50,put,0.01,0.03,0.01,17,0.04,16,0,14569,2017-11-15,0.48903,-0.00271,0.00024,-0.00223,0.00596,-0.00087
AAPL180119C00100000,AAPL,2018-01-19,100.00,call,69.00,69.38,69.05,106,69.70,3,17,15066,2017-11-15,0.53308,0.99298,0.00051,-0.00885,0.01394,0.17543
AAPL180119P00100000,AAPL,2018-01-19,100.00,put,0.02,0.01,0.01,1,0.02,60,102,40274,2017-11-15,0.42165,-0.00114,0.00013,-0.00087,0.00270,-0.00036
AAPL180119C00105000,AAPL,2018-01-19,105.00,call,64.85,64.38,64.05,42,64.70,13,13,2756,2017-11-15,0.48110,0.99302,0.00057,-0.00842,0.01387,0.18435
AAPL180119P00105000,AAPL,2018-01-19,105.00,put,0.02,0.01,0.01,35,0.02,250,100,45174,2017-11-15,0.38507,-0.00124,0.00015,-0.00086,0.00293,-0.00039
AAPL180119C00110000,AAPL,2018-01-19,110.00,call,59.67,59.52,59.15,8,59.90,8,29,5952,2017-11-15,0.49970,0.98437,0.00110,-0.01416,0.02799,0.19040
AAPL180119P00110000,AAPL,2018-01-19,110.00,put,0.03,0.03,0.02,19,0.03,25,60,44098,2017-11-15,0.38964,-0.00337,0.00037,-0.00215,0.00725,-0.00107
AAPL180119C00115000,AAPL,2018-01-19,115.00,call,54.58,54.53,54.10,38,54.95,8,29,4073,2017-11-15,0.45412,0.98291,0.00131,-0.01411,0.03022,0.19885
AAPL180119P00115000,AAPL,2018-01-19,115.00,put,0.04,0.04,0.03,54,0.04,3,5089,37143,2017-11-15,0.36418,-0.00468,0.00053,-0.00270,0.00974,-0.00148
AAPL180119C00120000,AAPL,2018-01-19,120.00,call,49.20,49.55,49.15,40,49.95,8,18,7546,2017-11-15,0.41312,0.98058,0.00160,-0.01440,0.03370,0.20701
AAPL180119P00120000,AAPL,2018-01-19,120.00,put,0.06,0.07,0.05,59,0.08,75,77,51204,2017-11-15,0.35046,-0.00806,0.00088,-0.00420,0.01574,-0.00255
AAPL180119C00125000,AAPL,2018-01-19,125.00,call,44.55,44.52,44.30,73,44.75,9,3,3291,2017-11-15,0.35885,0.98142,0.00178,-0.01282,0.03245,0.21622
AAPL180119P00125000,AAPL,2018-01-19,125.00,put,0.11,0.10,0.09,33,0.12,78,173,31268,2017-11-15,0.32851,-0.01182,0.00131,-0.00549,0.02199,-0.00374
AAPL180119C00130000,AAPL,2018-01-19,130.00,call,40.00,39.65,39.30,112,40.00,92,140,7042,2017-11-15,0.34696,0.97011,0.00274,-0.01687,0.04840,0.22149
AAPL180119P00130000,AAPL,2018-01-19,130.00,put,0.17,0.17,0.16,4,0.18,25,71,33272,2017-11-15,0.31495,-0.01972,0.00213,-0.00816,0.03413,-0.00624
AAPL180119C00135000,AAPL,2018-01-19,135.00,call,34.93,34.73,34.50,84,34.95,92,363,21215,2017-11-15,0.31723,0.96112,0.00372,-0.01872,0.06008,0.22755
AAPL180119P00135000,AAPL,2018-01-19,135.00,put,0.24,0.24,0.23,21,0.26,1,1106,32901,2017-11-15,0.29254,-0.02860,0.00313,-0.01034,0.04665,-0.00904
AAPL180119C00140000,AAPL,2018-01-19,140.00,call,29.83,29.90,29.65,100,30.15,95,119,61693,2017-11-15,0.29650,0.94379,0.00535,-0.02254,0.08075,0.23093
AAPL180119P00140000,AAPL,2018-01-19,140.00,put,0.40,0.40,0.38,17,0.41,14,350,44727,2017-11-15,0.27897,-0.04652,0.00489,-0.01464,0.06947,-0.01472
AAPL180119C00145000,AAPL,2018-01-19,145.00,call,25.00,25.12,24.90,98,25.35,87,80,21769,2017-11-15,0.27364,0.92016,0.00760,-0.02644,0.10592,0.23233
AAPL180119P00145000,AAPL,2018-01-19,145.00,put,0.65,0.64,0.61,14,0.66,43,390,24159,2017-11-15,0.26388,-0.07298,0.00736,-0.01967,0.09892,-0.02312
AAPL180119C00150000,AAPL,2018-01-19,150.00,call,20.40,20.60,20.40,66,20.80,100,419,45645,2017-11-15,0.26266,0.87581,0.01093,-0.03359,0.14621,0.22702
AAPL180119P00150000,AAPL,2018-01-19,150.00,put,1.04,1.02,0.99,56,1.05,74,2657,31831,2017-11-15,0.24909,-0.11289,0.01078,-0.02555,0.13668,-0.03581
AAPL180119C00155000,AAPL,2018-01-19,155.00,call,16.10,16.18,16.00,78,16.35,54,341,27750,2017-11-15,0.24391,0.82023,0.01507,-0.03899,0.18707,0.21816
AAPL180119P00155000,AAPL,2018-01-19,155.00,put,1.66,1.65,1.62,33,1.67,10,1511,23056,2017-11-15,0.23690,-0.17351,0.01517,-0.03235,0.18293,-0.05519
AAPL180119C00160000,AAPL,2018-01-19,160.00,call,12.05,12.30,12.20,19,12.40,85,1566,43029,2017-11-15,0.23675,0.73340,0.01945,-0.04624,0.23442,0.19892
AAPL180119P00160000,AAPL,2018-01-19,160.00,put,2.63,2.64,2.62,18,2.66,6,2277,21747,2017-11-15,0.22608,-0.25852,0.02005,-0.03866,0.23076,-0.08254
AAPL180119C00165000,AAPL,2018-01-19,165.00,call,8.56,8.77,8.70,72,8.85,11,1620,36445,2017-11-15,0.22486,0.62803,0.02357,-0.04977,0.26986,0.17348
AAPL180119P00165000,AAPL,2018-01-19,165.00,put,4.25,4.15,4.10,95,4.20,48,1612,14021,2017-11-15,0.21754,-0.36901,0.02430,-0.04293,0.26916,-0.11850
AAPL180119C00170000,AAPL,2018-01-19,170.00,call,5.99,5.95,5.90,30,6.00,66,7591,98889,2017-11-15,0.21861,0.50387,0.02558,-0.05038,0.28464,0.14112
AAPL180119P00170000,AAPL,2018-01-19,170.00,put,6.45,6.33,6.25,79,6.40,168,1305,17158,2017-11-15,0.21190,-0.49716,0.02639,-0.04352,0.28464,-0.16096
AAPL180119C00175000,AAPL,2018-01-19,175.00,call,3.69,3.80,3.75,30,3.85,222,6365,101568,2017-11-15,0.21388,0.37704,0.02489,-0.04649,0.27102,0.10676
AAPL180119P00175000,AAPL,2018-01-19,175.00,put,9.42,9.18,9.10,131,9.25,16,494,9408,2017-11-15,0.20733,-0.62778,0.02557,-0.03938,0.26992,-0.20538
AAPL180119C00180000,AAPL,2018-01-19,180.00,call,2.27,2.29,2.28,15,2.31,30,9942,74577,2017-11-15,0.21083,0.26248,0.02167,-0.03906,0.23257,0.07496
AAPL180119P00180000,AAPL,2018-01-19,180.00,put,12.40,12.70,12.60,115,12.80,34,176,8498,2017-11-15,0.20489,-0.74432,0.02200,-0.03176,0.22944,-0.24673
AAPL180119C00185000,AAPL,2018-01-19,185.00,call,1.34,1.34,1.32,16,1.36,13,5523,80222,2017-11-15,0.21083,0.17267,0.01699,-0.03046,0.18236,0.04961
AAPL180119P00185000,AAPL,2018-01-19,185.00,put,16.70,16.85,16.65,173,17.05,63,85,1742,2017-11-15,0.20931,-0.82925,0.01699,-0.02416,0.18107,-0.27969
AAPL180119C00190000,AAPL,2018-01-19,190.00,call,0.79,0.80,0.78,2,0.81,77,3496,45258,2017-11-15,0.21510,0.11181,0.01240,-0.02304,0.13574,0.03224
AAPL180119P00190000,AAPL,2018-01-19,190.00,put,20.78,21.40,21.20,61,21.60,110,75,1998,2017-11-15,0.22028,-0.88222,0.01256,-0.01845,0.14086,-0.30375
AAPL180119C00195000,AAPL,2018-01-19,195.00,call,0.45,0.46,0.44,112,0.49,11,444,25923,2017-11-15,0.21815,0.06932,0.00856,-0.01631,0.09509,0.02005
AAPL180119P00195000,AAPL,2018-01-19,195.00,put,25.83,26.12,25.90,77,26.35,78,1,519,2017-11-15,0.23217,-0.91707,0.00922,-0.01371,0.10899,-0.32265
AAPL180119C00200000,AAPL,2018-01-19,200.00,call,0.30,0.29,0.28,33,0.30,13,1211,16769,2017-11-15,0.22592,0.04530,0.00591,-0.01205,0.06800,0.01312
AAPL180119P00200000,AAPL,2018-01-19,200.00,put,30.70,31.08,30.80,2,31.35,63,65,1390,2017-11-15,0.25977,-0.92764,0.00743,-0.01367,0.09828,-0.33466
AAPL180119C00205000,AAPL,2018-01-19,205.00,call,0.18,0.18,0.17,21,0.20,73,113,6505,2017-11-15,0.23248,0.02915,0.00401,-0.00863,0.04740,0.00846
AAPL180119P00205000,AAPL,2018-01-19,205.00,put,15.04,35.92,35.50,8,36.35,8,0,1,2017-11-15,0.27120,-0.94608,0.00566,-0.01008,0.07814,-0.34883
AAPL180119C00210000,AAPL,2018-01-19,210.00,call,0.10,0.11,0.11,30,0.12,1,23,8547,2017-11-15,0.23797,0.01842,0.00266,-0.00599,0.03222,0.00535
AAPL180119P00210000,AAPL,2018-01-19,210.00,put,40.22,40.90,40.50,6,41.30,6,5,29,2017-11-15,0.29635,-0.95094,0.00480,-0.01011,0.07248,-0.35916
AAPL180119C00215000,AAPL,2018-01-19,215.00,call,0.03,0.08,0.07,35,0.08,49,0,4406,2017-11-15,0.24879,0.01333,0.00193,-0.00474,0.02442,0.00387
AAPL180119P00215000,AAPL,2018-01-19,215.00,put,20.23,45.90,45.50,8,46.30,8,0,3,2017-11-15,0.32333,-0.95328,0.00423,-0.01075,0.06970,-0.36877
AAPL180119C00220000,AAPL,2018-01-19,220.00,call,0.00,0.04,0.03,72,0.04,10,0,5026,2017-11-15,0.24742,0.00716,0.00113,-0.00274,0.01418,0.00208
AAPL180119P00220000,AAPL,2018-01-19,220.00,put,51.25,50.90,50.50,8,51.30,8,3,11,2017-11-15,0.34924,-0.95530,0.00378,-0.01132,0.06727,-0.37828
AAPL180119C00225000,AAPL,2018-01-19,225.00,call,0.02,0.01,0.00,0,0.03,13,0,2638,2017-11-15,0.23111,0.00212,0.00041,-0.00086,0.00477,0.00062
AAPL180119P00225000,AAPL,2018-01-19,225.00,put,25.67,55.92,55.50,10,56.35,8,0,0,2017-11-15,0.37760,-0.95548,0.00349,-0.01256,0.06705,-0.38728
AAPL180119C00230000,AAPL,2018-01-19,230.00,call,0.02,0.01,0.00,0,0.01,73,0,5219,2017-11-15,0.24711,0.00200,0.00036,-0.00087,0.00452,0.00058
AAPL180119P00230000,AAPL,2018-01-19,230.00,put,61.22,60.92,60.50,8,61.35,8,1,8,2017-11-15,0.40214,-0.95694,0.00319,-0.01311,0.06527,-0.39662
AAPL180119C00235000,AAPL,2018-01-19,235.00,call,0.01,0.01,0.00,0,0.01,134,0,7438,2017-11-15,0.26266,0.00189,0.00032,-0.00088,0.00430,0.00055
AAPL180119P00235000,AAPL,2018-01-19,235.00,put,30.47,65.95,65.55,8,66.35,9,0,0,2017-11-15,0.43065,-0.95630,0.00301,-0.01465,0.06605,-0.40539
AAPL180119C00240000,AAPL,2018-01-19,240.00,call,0.01,0.01,0.00,0,0.01,250,100,21544,2017-11-15,0.27775,0.00179,0.00029,-0.00089,0.00410,0.00052
AAPL180119P00240000,AAPL,2018-01-19,240.00,put,34.17,70.95,70.55,8,71.35,10,0,2,2017-11-15,0.45412,-0.95739,0.00280,-0.01521,0.06472,-0.41462
AAPL180119C00245000,AAPL,2018-01-19,245.00,call,0.02,0.01,0.00,0,0.01,62,0,1859,2017-11-15,0.29254,0.00172,0.00026,-0.00090,0.00394,0.00050
AAPL180119P00245000,AAPL,2018-01-19,245.00,put,35.36,75.95,75.55,8,76.35,8,0,1,2017-11-15,0.47683,-0.95839,0.00262,-0.01572,0.06349,-0.42383
AAPL180119C00250000,AAPL,2018-01-19,250.00,call,0.01,0.01,0.00,0,0.01,38,0,3064,2017-11-15,0.30687,0.00164,0.00024,-0.00090,0.00379,0.00048
AAPL180119P00250000,AAPL,2018-01-19,250.00,put,37.65,80.92,80.55,8,81.30,8,0,0,2017-11-15,0.49421,-0.96088,0.00240,-0.01522,0.06038,-0.43343
AAPL180119C00255000,AAPL,2018-01-19,255.00,call,0.01,0.01,0.00,0,0.04,33,0,999,2017-11-15,0.32089,0.00158,0.00022,-0.00091,0.00365,0.00046
AAPL180119P00255000,AAPL,2018-01-19,255.00,put,0.00,85.95,85.55,10,86.35,8,0,0,2017-11-15,0.52089,-0.95994,0.00232,-0.01678,0.06156,-0.44210
AAPL180119C00260000,AAPL,2018-01-19,260.00,call,0.01,0.01,0.00,0,0.01,12,0,1694,2017-11-15,0.33446,0.00152,0.00021,-0.00091,0.00352,0.00044
AAPL180119P00260000,AAPL,2018-01-19,260.00,put,52.08,90.95,90.55,8,91.35,8,0,0,2017-11-15,0.54208,-0.96060,0.00220,-0.01727,0.06074,-0.45120
AAPL180119C00265000,AAPL,2018-01-19,265.00,call,0.01,0.01,0.00,0,0.03,33,0,432,2017-11-15,0.34787,0.00147,0.00019,-0.00092,0.00342,0.00043
AAPL180119P00265000,AAPL,2018-01-19,265.00,put,0.00,95.95,95.55,8,96.35,8,0,0,2017-11-15,0.56281,-0.96118,0.00209,-0.01776,0.06001,-0.46028
AAPL180119C00270000,AAPL,2018-01-19,270.00,call,0.02,0.01,0.00,0,0.03,21,0,337,2017-11-15,0.36083,0.00142,0.00018,-0.00093,0.00332,0.00041
AAPL180119P00270000,AAPL,2018-01-19,270.00,put,0.00,100.92,100.55,8,101.30,8,0,0,2017-11-15,0.57805,-0.96314,0.00195,-0.01720,0.05753,-0.46972
AAPL180119C00275000,AAPL,2018-01-19,275.00,call,0.01,0.01,0.00,0,0.02,25,0,580,2017-11-15,0.37363,0.00138,0.00017,-0.00094,0.00323,0.00040
AAPL180119P00275000,AAPL,2018-01-19,275.00,put,0.00,105.95,105.55,8,106.35,8,0,0,2017-11-15,0.60305,-0.96213,0.00192,-0.01874,0.05881,-0.47838
AAPL180119C00280000,AAPL,2018-01-19,280.00,call,0.02,0.01,0.00,0,0.02,21,0,1081,2017-11-15,0.38598,0.00134,0.00016,-0.00094,0.00314,0.00039
AAPL180119P00280000,AAPL,2018-01-19,280.00,put,65.23,110.95,110.55,10,111.35,11,0,0,2017-11-15,0.62256,-0.96252,0.00184,-0.01922,0.05831,-0.48740
AAPL180119C00285000,AAPL,2018-01-19,285.00,call,0.01,0.01,0.00,0,0.02,20,0,205,2017-11-15,0.39818,0.00130,0.00015,-0.00094,0.00306,0.00037
AAPL180119P00285000,AAPL,2018-01-19,285.00,put,0.00,115.95,115.55,8,116.35,8,0,0,2017-11-15,0.64177,-0.96286,0.00177,-0.01972,0.05788,-0.49640
AAPL180119C00290000,AAPL,2018-01-19,290.00,call,0.01,0.01,0.00,0,0.02,20,0,216,2017-11-15,0.41007,0.00127,0.00014,-0.00095,0.00298,0.00036
AAPL180119P00290000,AAPL,2018-01-19,290.00,put,68.10,120.95,120.55,8,121.35,8,0,0,2017-11-15,0.66052,-0.96317,0.00171,-0.02018,0.05748,-0.50540
AAPL180119C00295000,AAPL,2018-01-19,295.00,call,0.01,0.01,0.00,0,0.02,20,0,116,2017-11-15,0.42180,0.00124,0.00014,-0.00095,0.00292,0.00035
AAPL180119P00295000,AAPL,2018-01-19,295.00,put,0.00,125.95,125.55,10,126.35,8,0,0,2017-11-15,0.67896,-0.96345,0.00165,-0.02066,0.05713,-0.51439
AAPL180119C00300000,AAPL,2018-01-19,300.00,call,0.01,0.01,0.00,0,0.02,25,0,467,2017-11-15,0.43324,0.00121,0.00013,-0.00096,0.00286,0.00035
AAPL180119P00300000,AAPL,2018-01-19,300.00,put,130.58,130.95,130.55,8,131.35,23,50,0,2017-11-15,0.69695,-0.96372,0.00160,-0.02110,0.05678,-0.52337
AAPL180119C00305000,AAPL,2018-01-19,305.00,call,0.02,0.01,0.00,0,0.02,20,0,72,2017-11-15,0.44452,0.00118,0.00012,-0.00096,0.00280,0.00034
AAPL180119P00305000,AAPL,2018-01-19,305.00,put,72.16,135.95,135.55,8,136.35,8,0,0,2017-11-15,0.71478,-0.96392,0.00155,-0.02158,0.05652,-0.53234
AAPL180216C00080000,AAPL,2018-02-16,80.00,call,47.84,89.40,89.05,8,89.75,6,0,6,2017-11-15,0.60884,0.99532,0.00026,-0.00632,0.01164,0.20100
AAPL180216P00080000,AAPL,2018-02-16,80.00,put,0.02,0.01,0.00,0,0.06,254,200,2545,2017-11-15,0.49192,-0.00082,0.00007,-0.00063,0.00239,-0.00038
AAPL180216C00085000,AAPL,2018-02-16,85.00,call,45.37,84.47,84.15,10,84.80,6,0,1,2017-11-15,0.60000,0.99249,0.00040,-0.00836,0.01769,0.21235
AAPL180216P00085000,AAPL,2018-02-16,85.00,put,0.02,0.01,0.00,0,0.07,224,0,1124,2017-11-15,0.45427,-0.00088,0.00008,-0.00062,0.00257,-0.00041
AAPL180216C00090000,AAPL,2018-02-16,90.00,call,42.81,79.47,79.10,11,79.85,6,0,0,2017-11-15,0.54634,0.99256,0.00044,-0.00797,0.01756,0.22511
AAPL180216P00090000,AAPL,2018-02-16,90.00,put,0.02,0.01,0.00,0,0.05,58,100,2319,2017-11-15,0.41876,-0.00096,0.00009,-0.00062,0.00276,-0.00044
AAPL180216C00095000,AAPL,2018-02-16,95.00,call,40.33,74.53,74.20,10,74.85,6,0,0,2017-11-15,0.52531,0.98977,0.00061,-0.00950,0.02320,0.23650
AAPL180216P00095000,AAPL,2018-02-16,95.00,put,0.02,0.01,0.00,0,0.05,161,100,1071,2017-11-15,0.38507,-0.00104,0.00011,-0.00061,0.00298,-0.00047
AAPL180216C00100000,AAPL,2018-02-16,100.00,call,35.89,69.53,69.15,6,69.90,6,0,228,2017-11-15,0.47714,0.98965,0.00067,-0.00912,0.02344,0.24919
AAPL180216P00100000,AAPL,2018-02-16,100.00,put,0.01,0.05,0.01,35,0.09,177,0,2138,2017-11-15,0.41433,-0.00427,0.00036,-0.00236,0.01072,-0.00197
AAPL180216C00105000,AAPL,2018-02-16,105.00,call,35.18,64.58,64.25,8,64.90,6,0,1,2017-11-15,0.45046,0.98686,0.00088,-0.01024,0.02884,0.26060
AAPL180216P00105000,AAPL,2018-02-16,105.00,put,0.03,0.07,0.03,67,0.11,166,0,2530,2017-11-15,0.39437,-0.00608,0.00051,-0.00308,0.01468,-0.00280
AAPL180216C00110000,AAPL,2018-02-16,110.00,call,32.80,59.62,59.30,8,59.95,6,0,58,2017-11-15,0.41921,0.98427,0.00110,-0.01098,0.03366,0.27212
AAPL180216P00110000,AAPL,2018-02-16,110.00,put,0.10,0.08,0.05,185,0.11,18,4,1283,2017-11-15,0.36556,-0.00738,0.00065,-0.00338,0.01743,-0.00339
AAPL180216C00115000,AAPL,2018-02-16,115.00,call,30.10,54.65,54.30,11,55.00,6,0,278,2017-11-15,0.38522,0.98190,0.00135,-0.01140,0.03796,0.28376
AAPL180216P00115000,AAPL,2018-02-16,115.00,put,0.14,0.14,0.11,40,0.17,74,23,3419,2017-11-15,0.35748,-0.01246,0.00106,-0.00522,0.02754,-0.00572
AAPL180216C00120000,AAPL,2018-02-16,120.00,call,49.40,49.75,49.40,30,50.10,12,12,1235,2017-11-15,0.36693,0.97499,0.00187,-0.01350,0.04989,0.29327
AAPL180216P00120000,AAPL,2018-02-16,120.00,put,0.20,0.21,0.18,148,0.24,13,8,2605,2017-11-15,0.34299,-0.01858,0.00155,-0.00705,0.03881,-0.00854
AAPL180216C00125000,AAPL,2018-02-16,125.00,call,44.77,44.90,44.50,11,45.30,11,2,514,2017-11-15,0.35199,0.96451,0.00260,-0.01638,0.06671,0.30111
AAPL180216P00125000,AAPL,2018-02-16,125.00,put,0.33,0.31,0.27,44,0.34,43,2,4924,2017-11-15,0.32851,-0.02728,0.00224,-0.00932,0.05367,-0.01254
AAPL180216C00130000,AAPL,2018-02-16,130.00,call,40.10,40.00,39.65,23,40.35,28,34,1462,2017-11-15,0.32501,0.95564,0.00338,-0.01784,0.07997,0.30978
AAPL180216P00130000,AAPL,2018-02-16,130.00,put,0.45,0.46,0.44,11,0.48,11,8,5120,2017-11-15,0.31495,-0.03994,0.00320,-0.01221,0.07346,-0.01838
AAPL180216C00135000,AAPL,2018-02-16,135.00,call,35.10,35.27,35.00,6,35.55,6,27,913,2017-11-15,0.31297,0.93607,0.00469,-0.02188,0.10683,0.31340
AAPL180216P00135000,AAPL,2018-02-16,135.00,put,0.67,0.68,0.64,183,0.72,34,85,6589,2017-11-15,0.30214,-0.05803,0.00450,-0.01575,0.09903,-0.02673
AAPL180216C00140000,AAPL,2018-02-16,140.00,call,30.45,30.58,30.30,20,30.85,92,116,3144,2017-11-15,0.29635,0.91248,0.00629,-0.02556,0.13574,0.31519
AAPL180216P00140000,AAPL,2018-02-16,140.00,put,1.05,1.04,1.01,6,1.06,10,80,9269,2017-11-15,0.29284,-0.08524,0.00624,-0.02046,0.13309,-0.03937
AAPL180216C00145000,AAPL,2018-02-16,145.00,call,26.00,26.08,25.85,128,26.30,129,44,4633,2017-11-15,0.28476,0.87724,0.00836,-0.03045,0.17348,0.31147
AAPL180216P00145000,AAPL,2018-02-16,145.00,put,1.53,1.53,1.50,15,1.56,7,783,16388,2017-11-15,0.28233,-0.12098,0.00835,-0.02537,0.17171,-0.05602
AAPL180216C00150000,AAPL,2018-02-16,150.00,call,21.55,21.83,21.60,98,22.05,158,596,8496,2017-11-15,0.27623,0.82886,0.01078,-0.03597,0.21690,0.30146
AAPL180216P00150000,AAPL,2018-02-16,150.00,put,2.26,2.28,2.24,29,2.31,128,395,9265,2017-11-15,0.27501,-0.17023,0.01079,-0.03097,0.21616,-0.07915
AAPL180216C00155000,AAPL,2018-02-16,155.00,call,17.80,17.80,17.70,10,17.90,4,175,11814,2017-11-15,0.26617,0.76923,0.01339,-0.04072,0.25964,0.28603
AAPL180216P00155000,AAPL,2018-02-16,155.00,put,3.25,3.28,3.20,310,3.35,130,1024,12426,2017-11-15,0.26678,-0.23119,0.01337,-0.03593,0.25990,-0.10795
AAPL180216C00160000,AAPL,2018-02-16,160.00,call,13.93,14.20,14.10,4,14.30,10,1180,22671,2017-11-15,0.25992,0.69457,0.01580,-0.04508,0.29914,0.26305
AAPL180216P00160000,AAPL,2018-02-16,160.00,put,4.76,4.72,4.70,5,4.75,93,665,9448,2017-11-15,0.26236,-0.30666,0.01568,-0.04047,0.29967,-0.14414
AAPL180216C00165000,AAPL,2018-02-16,165.00,call,10.84,10.98,10.90,10,11.05,4,1139,18688,2017-11-15,0.25336,0.60951,0.01775,-0.04755,0.32757,0.23460
AAPL180216P00165000,AAPL,2018-02-16,165.00,put,6.66,6.53,6.45,10,6.60,185,219,8790,2017-11-15,0.25687,-0.39127,0.01752,-0.04295,0.32776,-0.18520
AAPL180216C00170000,AAPL,2018-02-16,170.00,call,8.10,8.30,8.25,1,8.35,101,2946,16337,2017-11-15,0.24970,0.51732,0.01870,-0.04818,0.34016,0.20172
AAPL180216P00170000,AAPL,2018-02-16,170.00,put,9.00,8.80,8.70,126,8.90,23,217,3472,2017-11-15,0.25214,-0.48236,0.01852,-0.04324,0.34015,-0.23023
AAPL180216C00175000,AAPL,2018-02-16,175.00,call,5.94,6.07,6.05,1,6.10,5,2252,23957,2017-11-15,0.24589,0.42411,0.01866,-0.04628,0.33431,0.16724
AAPL180216P00175000,AAPL,2018-02-16,175.00,put,11.90,11.68,11.60,1,11.75,46,120,3904,2017-11-15,0.25199,-0.57288,0.01824,-0.04191,0.33479,-0.27656
AAPL180216C00180000,AAPL,2018-02-16,180.00,call,4.25,4.35,4.30,1,4.40,178,2411,20000,2017-11-15,0.24422,0.33648,0.01751,-0.04257,0.31147,0.13387
AAPL180216P00180000,AAPL,2018-02-16,180.00,put,15.12,14.95,14.85,2,15.05,39,73,1200,2017-11-15,0.25092,-0.65816,0.01714,-0.03826,0.31336,-0.32163
AAPL180216C00185000,AAPL,2018-02-16,185.00,call,2.90,3.00,2.96,58,3.05,3,1105,10470,2017-11-15,0.24147,0.25686,0.01564,-0.03700,0.27510,0.10301
AAPL180216P00185000,AAPL,2018-02-16,185.00,put,18.65,18.68,18.60,2,18.75,38,14,525,2017-11-15,0.25245,-0.73212,0.01529,-0.03362,0.28108,-0.36300
AAPL180216C00190000,AAPL,2018-02-16,190.00,call,2.07,2.12,2.09,3,2.14,59,2893,11916,2017-11-15,0.24406,0.19454,0.01322,-0.03181,0.23497,0.07841
AAPL180216P00190000,AAPL,2018-02-16,190.00,put,22.60,22.77,22.60,79,22.95,169,5,692,2017-11-15,0.25611,-0.79242,0.01310,-0.02866,0.24430,-0.39939
AAPL180216C00195000,AAPL,2018-02-16,195.00,call,1.45,1.44,1.42,37,1.47,3,238,3527,2017-11-15,0.24452,0.14233,0.01079,-0.02597,0.19210,0.05765
AAPL180216P00195000,AAPL,2018-02-16,195.00,put,26.11,27.10,26.85,78,27.35,185,2,226,2017-11-15,0.26037,-0.84062,0.01092,-0.02362,0.20713,-0.43120
AAPL180216C00200000,AAPL,2018-02-16,200.00,call,1.00,1.01,0.98,39,1.04,8,1115,15183,2017-11-15,0.24833,0.10500,0.00858,-0.02125,0.15520,0.04266
AAPL180216P00200000,AAPL,2018-02-16,200.00,put,31.50,31.67,31.40,200,31.95,134,1,140,2017-11-15,0.26815,-0.87519,0.00899,-0.01959,0.17550,-0.45773
AAPL180216C00205000,AAPL,2018-02-16,205.00,call,0.71,0.71,0.68,37,0.73,10,189,1957,2017-11-15,0.25230,0.07697,0.00670,-0.01711,0.12322,0.03135
AAPL180216P00205000,AAPL,2018-02-16,205.00,put,15.20,36.35,36.05,6,36.65,14,0,31,2017-11-15,0.27623,-0.90159,0.00736,-0.01598,0.14803,-0.48103
AAPL180216C00210000,AAPL,2018-02-16,210.00,call,0.52,0.50,0.48,38,0.52,6,132,1509,2017-11-15,0.25641,0.05626,0.00517,-0.01361,0.09665,0.02296
AAPL180216P00210000,AAPL,2018-02-16,210.00,put,19.19,41.12,40.80,6,41.45,6,0,413,2017-11-15,0.28522,-0.92116,0.00604,-0.01299,0.12549,-0.50161
AAPL180216C00215000,AAPL,2018-02-16,215.00,call,0.39,0.36,0.33,78,0.40,63,2,663,2017-11-15,0.26144,0.04161,0.00399,-0.01089,0.07595,0.01701
AAPL180216P00215000,AAPL,2018-02-16,215.00,put,45.10,46.00,45.65,11,46.35,8,2,1,2017-11-15,0.29925,-0.93261,0.00511,-0.01143,0.11128,-0.51898
AAPL180216C00220000,AAPL,2018-02-16,220.00,call,0.28,0.26,0.23,98,0.29,11,12,779,2017-11-15,0.26632,0.03080,0.00306,-0.00866,0.05936,0.01261
AAPL180216P00220000,AAPL,2018-02-16,220.00,put,29.18,50.95,50.55,6,51.35,11,0,100,2017-11-15,0.31784,-0.93849,0.00448,-0.01105,0.10366,-0.53413
AAPL180216C00225000,AAPL,2018-02-16,225.00,call,0.21,0.20,0.16,137,0.23,71,1,892,2017-11-15,0.27348,0.02389,0.00241,-0.00718,0.04801,0.00978
AAPL180216P00225000,AAPL,2018-02-16,225.00,put,32.73,55.95,55.55,6,56.35,7,0,0,2017-11-15,0.34025,-0.94069,0.00407,-0.01160,0.10076,-0.54781
AAPL180216C00230000,AAPL,2018-02-16,230.00,call,0.18,0.15,0.13,17,0.18,74,25,706,2017-11-15,0.27912,0.01820,0.00188,-0.00582,0.03813,0.00746
AAPL180216P00230000,AAPL,2018-02-16,230.00,put,28.74,60.95,60.55,11,61.35,10,0,27,2017-11-15,0.36190,-0.94259,0.00373,-0.01210,0.09820,-0.56137
AAPL180216C00235000,AAPL,2018-02-16,235.00,call,0.10,0.11,0.08,103,0.13,21,0,1000,2017-11-15,0.28339,0.01358,0.00144,-0.00459,0.02967,0.00557
AAPL180216P00235000,AAPL,2018-02-16,235.00,put,0.00,65.95,65.55,11,66.35,8,0,0,2017-11-15,0.38309,-0.94414,0.00344,-0.01263,0.09611,-0.57478
AAPL180216C00240000,AAPL,2018-02-16,240.00,call,0.08,0.08,0.06,101,0.10,23,0,880,2017-11-15,0.28705,0.01005,0.00109,-0.00358,0.02284,0.00413
AAPL180216P00240000,AAPL,2018-02-16,240.00,put,36.90,70.95,70.55,11,71.35,11,0,1,2017-11-15,0.40366,-0.94549,0.00321,-0.01312,0.09427,-0.58810
AAPL180216C00245000,AAPL,2018-02-16,245.00,call,0.07,0.06,0.03,215,0.09,73,0,394,2017-11-15,0.29162,0.00764,0.00085,-0.00285,0.01796,0.00314
AAPL180216P00245000,AAPL,2018-02-16,245.00,put,0.00,75.95,75.55,11,76.35,8,0,0,2017-11-15,0.42363,-0.94670,0.00300,-0.01359,0.09261,-0.60136
AAPL180216C00250000,AAPL,2018-02-16,250.00,call,0.05,0.05,0.02,74,0.08,74,0,4412,2017-11-15,0.29940,0.00634,0.00070,-0.00248,0.01524,0.00260
AAPL180216P00250000,AAPL,2018-02-16,250.00,put,47.35,80.95,80.55,11,81.35,7,0,0,2017-11-15,0.44330,-0.94767,0.00283,-0.01409,0.09127,-0.61452
AAPL180420C00002500,AAPL,2018-04-20,2.50,call,0.00,166.62,166.20,5,167.05,5,0,0,2017-11-15,2.40331,0.99974,0.00000,-0.00090,0.00107,0.01033
AAPL180420P00002500,AAPL,2018-04-20,2.50,put,0.01,0.01,0.00,0,0.02,16,0,1,2017-11-15,2.17374,-0.00012,0.00000,-0.00035,0.00051,-0.00013
AAPL180420C00005000,AAPL,2018-04-20,5.00,call,0.00,164.18,163.75,5,164.60,5,0,0,2017-11-15,2.18899,0.99926,0.00001,-0.00213,0.00281,0.02041
AAPL180420P00005000,AAPL,2018-04-20,5.00,put,0.00,0.01,0.00,0,0.02,16,0,0,2017-11-15,1.77970,-0.00015,0.00000,-0.00037,0.00065,-0.00015
AAPL180420C00007500,AAPL,2018-04-20,7.50,call,0.00,161.65,161.25,5,162.05,5,0,0,2017-11-15,1.74281,0.99953,0.00001,-0.00127,0.00185,0.03142
AAPL180420P00007500,AAPL,2018-04-20,7.50,put,0.00,0.01,0.00,0,0.02,16,0,0,2017-11-15,1.56004,-0.00018,0.00000,-0.00038,0.00075,-0.00017
AAPL180420C00010000,AAPL,2018-04-20,10.00,call,0.00,159.15,158.75,5,159.55,5,0,0,2017-11-15,1.50074,0.99963,0.00001,-0.00102,0.00147,0.04218
AAPL180420P00010000,AAPL,2018-04-20,10.00,put,0.00,0.01,0.00,0,0.02,16,0,0,2017-11-15,1.40821,-0.00020,0.00000,-0.00038,0.00085,-0.00019
AAPL180420C00012500,AAPL,2018-04-20,12.50,call,0.00,156.73,156.30,5,157.15,5,0,0,2017-11-15,1.60211,0.99872,0.00002,-0.00279,0.00468,0.05186
AAPL180420P00012500,AAPL,2018-04-20,12.50,put,0.00,0.01,0.00,0,0.02,16,0,0,2017-11-15,1.29251,-0.00022,0.00001,-0.00038,0.00093,-0.00020
AAPL180420C00015000,AAPL,2018-04-20,15.00,call,0.00,154.18,153.75,5,154.60,5,0,0,2017-11-15,1.30456,0.99947,0.00001,-0.00134,0.00208,0.06330
AAPL180420P00015000,AAPL,2018-04-20,15.00,put,0.00,0.01,0.00,0,0.02,16,0,0,2017-11-15,1.19938,-0.00024,0.00001,-0.00039,0.00101,-0.00022
AAPL180420C00017500,AAPL,2018-04-20,17.50,call,0.00,151.73,151.30,5,152.15,5,0,0,2017-11-15,1.33581,0.99882,0.00003,-0.00241,0.00435,0.07330
AAPL180420P00017500,AAPL,2018-04-20,17.50,put,0.00,0.01,0.00,0,0.02,16,0,0,2017-11-15,1.12133,-0.00026,0.00001,-0.00039,0.00108,-0.00023
AAPL180420C00020000,AAPL,2018-04-20,20.00,call,0.00,149.20,148.80,5,149.60,5,0,0,2017-11-15,1.12484,0.99948,0.00001,-0.00137,0.00205,0.08459
AAPL180420P00020000,AAPL,2018-04-20,20.00,put,0.00,0.01,0.00,0,0.02,16,0,0,2017-11-15,1.05441,-0.00028,0.00001,-0.00039,0.00115,-0.00025
AAPL180420C00022500,AAPL,2018-04-20,22.50,call,74.73,146.70,146.30,5,147.10,5,0,5,2017-11-15,0.98475,0.99973,0.00001,-0.00106,0.00110,0.09546
AAPL180420P00022500,AAPL,2018-04-20,22.50,put,0.00,0.01,0.00,0,0.02,16,0,0,2017-11-15,0.99572,-0.00030,0.00001,-0.00039,0.00122,-0.00026
AAPL180420C00025000,AAPL,2018-04-20,25.00,call,0.00,144.27,143.85,5,144.70,5,0,0,2017-11-15,1.12788,0.99850,0.00004,-0.00273,0.00539,0.10495
AAPL180420P00025000,AAPL,2018-04-20,25.00,put,0.00,0.01,0.00,0,0.02,16,0,0,2017-11-15,0.94344,-0.00032,0.00001,-0.00039,0.00129,-0.00027
AAPL180420C00030000,AAPL,2018-04-20,30.00,call,0.00,139.27,138.85,8,139.70,8,0,0,2017-11-15,0.97179,0.99885,0.00004,-0.00226,0.00425,0.12657
AAPL180420P00030000,AAPL,2018-04-20,30.00,put,0.00,0.01,0.00,0,0.02,16,0,0,2017-11-15,0.85381,-0.00035,0.00001,-0.00039,0.00143,-0.00030
AAPL180420C00035000,AAPL,2018-04-20,35.00,call,0.00,134.25,133.85,8,134.65,8,0,0,2017-11-15,0.08107,1.00000,0.00000,-0.00111,0.00000,0.14885
AAPL180420P00035000,AAPL,2018-04-20,35.00,put,0.00,0.01,0.00,0,0.02,16,0,0,2017-11-15,0.77866,-0.00039,0.00002,-0.00039,0.00157,-0.00033
AAPL180420C00040000,AAPL,2018-04-20,40.00,call,67.70,129.27,128.85,8,129.70,8,0,0,2017-11-15,0.07804,1.00000,0.00000,-0.00126,0.00000,0.17011
AAPL180420P00040000,AAPL,2018-04-20,40.00,put,0.00,0.01,0.00,0,0.02,16,0,0,2017-11-15,0.71372,-0.00043,0.00002,-0.00039,0.00171,-0.00035
AAPL180420C00045000,AAPL,2018-04-20,45.00,call,0.00,124.30,123.90,8,124.70,8,0,0,2017-11-15,0.07502,1.00000,0.00000,-0.00142,0.00000,0.19138
AAPL180420P00045000,AAPL,2018-04-20,45.00,put,0.00,0.01,0.00,0,0.02,16,0,0,2017-11-15,0.65686,-0.00047,0.00002,-0.00039,0.00185,-0.00038
AAPL180420C00050000,AAPL,2018-04-20,50.00,call,62.57,119.38,118.95,8,119.80,8,0,173,2017-11-15,0.70762,0.99798,0.00008,-0.00317,0.00706,0.21096
AAPL180420P00050000,AAPL,2018-04-20,50.00,put,0.01,0.01,0.00,0,0.02,19,0,2,2017-11-15,0.60610,-0.00051,0.00003,-0.00039,0.00200,-0.00041
AAPL180420C00055000,AAPL,2018-04-20,55.00,call,60.19,114.35,113.95,8,114.75,8,0,0,2017-11-15,0.06898,1.00000,0.00000,-0.00174,0.00000,0.23391
AAPL180420P00055000,AAPL,2018-04-20,55.00,put,0.01,0.01,0.00,0,0.03,20,0,166,2017-11-15,0.56037,-0.00055,0.00003,-0.00038,0.00216,-0.00044
AAPL180420C00060000,AAPL,2018-04-20,60.00,call,0.00,109.42,109.00,8,109.85,8,0,0,2017-11-15,0.59390,0.99798,0.00010,-0.00323,0.00707,0.25353
AAPL180420P00060000,AAPL,2018-04-20,60.00,put,0.01,0.01,0.00,0,0.03,20,0,248,2017-11-15,0.51860,-0.00060,0.00004,-0.00038,0.00232,-0.00047
AAPL180420C00065000,AAPL,2018-04-20,65.00,call,0.00,104.45,104.05,8,104.85,8,0,0,2017-11-15,0.55701,0.99761,0.00012,-0.00351,0.00825,0.27450
AAPL180420P00065000,AAPL,2018-04-20,65.00,put,0.01,0.01,0.00,0,0.05,19,0,621,2017-11-15,0.48019,-0.00065,0.00004,-0.00038,0.00249,-0.00051
AAPL180420C00070000,AAPL,2018-04-20,70.00,call,52.69,99.40,99.00,8,99.80,8,0,4,2017-11-15,0.05991,1.00000,0.00000,-0.00221,0.00000,0.29770
AAPL180420P00070000,AAPL,2018-04-20,70.00,put,0.02,0.01,0.00,0,0.07,19,0,473,2017-11-15,0.44482,-0.00070,0.00005,-0.00038,0.00268,-0.00055
AAPL180420C00075000,AAPL,2018-04-20,75.00,call,0.00,94.42,94.00,8,94.85,8,0,0,2017-11-15,0.05688,1.00000,0.00000,-0.00237,0.00000,0.31896
AAPL180420P00075000,AAPL,2018-04-20,75.00,put,0.02,0.01,0.00,0,0.05,92,150,1618,2017-11-15,0.41174,-0.00075,0.00006,-0.00037,0.00287,-0.00059
AAPL180420C00080000,AAPL,2018-04-20,80.00,call,0.00,89.45,89.05,8,89.85,9,0,0,2017-11-15,0.05386,1.00000,0.00000,-0.00253,0.00000,0.34023
AAPL180420P00080000,AAPL,2018-04-20,80.00,put,0.02,0.01,0.00,0,0.09,202,0,328,2017-11-15,0.38080,-0.00082,0.00007,-0.00037,0.00308,-0.00063
AAPL180420C00085000,AAPL,2018-04-20,85.00,call,45.30,84.55,84.15,8,84.95,8,0,1,2017-11-15,0.41068,0.99668,0.00022,-0.00413,0.01108,0.35888
AAPL180420P00085000,AAPL,2018-04-20,85.00,put,0.03,0.01,0.00,0,0.10,201,0,302,2017-11-15,0.35168,-0.00088,0.00008,-0.00037,0.00331,-0.00068
AAPL180420C00090000,AAPL,2018-04-20,90.00,call,42.75,79.50,79.10,8,79.90,8,0,6,2017-11-15,0.04781,1.00000,0.00000,-0.00285,0.00000,0.38276
AAPL180420P00090000,AAPL,2018-04-20,90.00,put,0.09,0.01,0.00,0,0.11,6,0,341,2017-11-15,0.32425,-0.00095,0.00009,-0.00037,0.00357,-0.00073
AAPL180420C00095000,AAPL,2018-04-20,95.00,call,40.24,74.55,74.15,8,74.95,8,0,0,2017-11-15,0.22577,0.99997,0.00001,-0.00301,0.00014,0.40400
AAPL180420P00095000,AAPL,2018-04-20,95.00,put,0.04,0.07,0.03,38,0.10,76,0,549,2017-11-15,0.36312,-0.00511,0.00037,-0.00187,0.01631,-0.00399
AAPL180420C00100000,AAPL,2018-04-20,100.00,call,70.50,69.60,69.20,8,70.00,8,7,204,2017-11-15,0.29864,0.99755,0.00023,-0.00396,0.00843,0.42340
AAPL180420P00100000,AAPL,2018-04-20,100.00,put,0.04,0.10,0.06,74,0.13,74,0,740,2017-11-15,0.34879,-0.00736,0.00053,-0.00248,0.02252,-0.00575
AAPL180420C00105000,AAPL,2018-04-20,105.00,call,35.25,64.65,64.25,8,65.05,8,0,3,2017-11-15,0.29422,0.99532,0.00042,-0.00471,0.01506,0.44295
AAPL180420P00105000,AAPL,2018-04-20,105.00,put,0.06,0.15,0.12,192,0.17,16,0,440,2017-11-15,0.33735,-0.01093,0.00077,-0.00338,0.03183,-0.00854
AAPL180420C00110000,AAPL,2018-04-20,110.00,call,31.20,59.75,59.35,8,60.15,8,0,51,2017-11-15,0.30077,0.98955,0.00083,-0.00637,0.03061,0.45972
AAPL180420P00110000,AAPL,2018-04-20,110.00,put,0.22,0.21,0.19,16,0.24,16,1,594,2017-11-15,0.32379,-0.01538,0.00108,-0.00435,0.04277,-0.01201
AAPL180420C00115000,AAPL,2018-04-20,115.00,call,29.20,54.85,54.45,8,55.25,8,0,75,2017-11-15,0.29254,0.98370,0.00126,-0.00776,0.04496,0.47644
AAPL180420P00115000,AAPL,2018-04-20,115.00,put,0.13,0.32,0.27,195,0.36,60,0,860,2017-11-15,0.31525,-0.02290,0.00156,-0.00593,0.06000,-0.01792
AAPL180420C00120000,AAPL,2018-04-20,120.00,call,51.00,50.02,49.65,8,50.40,8,3,739,2017-11-15,0.28934,0.97341,0.00192,-0.00995,0.06802,0.48964
AAPL180420P00120000,AAPL,2018-04-20,120.00,put,0.54,0.47,0.43,10,0.51,15,2,1783,2017-11-15,0.30595,-0.03295,0.00217,-0.00778,0.08129,-0.02583
AAPL180420C00125000,AAPL,2018-04-20,125.00,call,23.83,45.30,44.95,8,45.65,8,0,293,2017-11-15,0.28934,0.95707,0.00285,-0.01306,0.10087,0.49801
AAPL180420P00125000,AAPL,2018-04-20,125.00,put,0.73,0.68,0.65,9,0.70,4,20,1216,2017-11-15,0.29681,-0.04655,0.00297,-0.00997,0.10767,-0.03654
AAPL180420C00130000,AAPL,2018-04-20,130.00,call,40.82,40.55,40.25,6,40.85,88,22,1085,2017-11-15,0.27745,0.94145,0.00381,-0.01526,0.12917,0.50703
AAPL180420P00130000,AAPL,2018-04-20,130.00,put,0.98,0.98,0.95,7,1.02,20,63,2162,2017-11-15,0.28873,-0.06513,0.00398,-0.01261,0.14037,-0.05125
AAPL180420C00135000,AAPL,2018-04-20,135.00,call,35.80,35.98,35.70,11,36.25,6,3,811,2017-11-15,0.27196,0.91664,0.00510,-0.01856,0.16951,0.50863
AAPL180420P00135000,AAPL,2018-04-20,135.00,put,1.36,1.41,1.37,6,1.44,40,103,3511,2017-11-15,0.28217,-0.09023,0.00522,-0.01574,0.17984,-0.07123
AAPL180420C00140000,AAPL,2018-04-20,140.00,call,31.60,31.58,31.35,6,31.80,171,23,1403,2017-11-15,0.26739,0.88404,0.00661,-0.02224,0.21583,0.50387
AAPL180420P00140000,AAPL,2018-04-20,140.00,put,1.92,1.96,1.93,11,2.00,10,53,6798,2017-11-15,0.27440,-0.12112,0.00664,-0.01886,0.22257,-0.09591
AAPL180420C00145000,AAPL,2018-04-20,145.00,call,27.62,27.38,27.15,83,27.60,177,15,1412,2017-11-15,0.26297,0.84339,0.00825,-0.02601,0.26520,0.49245
AAPL180420P00145000,AAPL,2018-04-20,145.00,put,2.74,2.72,2.67,97,2.78,39,215,7334,2017-11-15,0.26815,-0.16052,0.00823,-0.02221,0.26952,-0.12762
AAPL180420C00150000,AAPL,2018-04-20,150.00,call,23.20,23.38,23.20,166,23.55,57,282,3375,2017-11-15,0.25748,0.79530,0.00997,-0.02943,0.31379,0.47480
AAPL180420P00150000,AAPL,2018-04-20,150.00,put,3.71,3.70,3.65,322,3.75,2,35,6888,2017-11-15,0.26205,-0.20796,0.00989,-0.02537,0.31674,-0.16610
AAPL180420C00155000,AAPL,2018-04-20,155.00,call,19.55,19.70,19.55,93,19.85,87,119,5226,2017-11-15,0.25367,0.73797,0.01161,-0.03261,0.35998,0.44909
AAPL180420P00155000,AAPL,2018-04-20,155.00,put,5.10,5.03,4.95,83,5.10,104,95,5043,2017-11-15,0.25855,-0.26492,0.01146,-0.02841,0.36200,-0.21294
AAPL180420C00160000,AAPL,2018-04-20,160.00,call,16.20,16.35,16.25,10,16.45,4,912,7097,2017-11-15,0.25016,0.67350,0.01304,-0.03506,0.39859,0.41683
AAPL180420P00160000,AAPL,2018-04-20,160.00,put,6.70,6.62,6.55,190,6.70,133,572,4740,2017-11-15,0.25382,-0.32798,0.01288,-0.03051,0.39932,-0.26532
AAPL180420C00165000,AAPL,2018-04-20,165.00,call,13.40,13.35,13.25,10,13.45,148,283,5312,2017-11-15,0.24711,0.60360,0.01411,-0.03656,0.42603,0.37912
AAPL180420P00165000,AAPL,2018-04-20,165.00,put,8.71,8.60,8.50,188,8.70,110,1408,2119,2017-11-15,0.25047,-0.39692,0.01393,-0.03181,0.42618,-0.32359
AAPL180420C00170000,AAPL,2018-04-20,170.00,call,10.60,10.73,10.65,10,10.80,103,2108,13270,2017-11-15,0.24437,0.53067,0.01473,-0.03695,0.43968,0.33763
AAPL180420P00170000,AAPL,2018-04-20,170.00,put,10.92,10.97,10.85,164,11.10,245,472,3412,2017-11-15,0.24803,-0.46884,0.01451,-0.03208,0.43963,-0.38568
AAPL180420C00175000,AAPL,2018-04-20,175.00,call,8.40,8.48,8.40,10,8.55,136,1218,8301,2017-11-15,0.24208,0.45740,0.01482,-0.03621,0.43846,0.29428
AAPL180420P00175000,AAPL,2018-04-20,175.00,put,13.52,13.72,13.60,109,13.85,109,269,1482,2017-11-15,0.24620,-0.54083,0.01458,-0.03127,0.43867,-0.44946
AAPL180420C00180000,AAPL,2018-04-20,180.00,call,6.60,6.58,6.50,128,6.65,4,1995,8761,2017-11-15,0.23964,0.38610,0.01444,-0.03435,0.42288,0.25089
AAPL180420P00180000,AAPL,2018-04-20,180.00,put,17.05,16.88,16.75,39,17.00,143,44,675,2017-11-15,0.24605,-0.60943,0.01411,-0.02965,0.42428,-0.51255
AAPL180420C00185000,AAPL,2018-04-20,185.00,call,5.00,5.05,5.00,13,5.10,3,224,6054,2017-11-15,0.23827,0.31991,0.01358,-0.03174,0.39525,0.20960
AAPL180420P00185000,AAPL,2018-04-20,185.00,put,20.00,20.32,20.15,93,20.50,109,20,154,2017-11-15,0.24498,-0.67394,0.01331,-0.02701,0.39837,-0.57387
AAPL180420C00190000,AAPL,2018-04-20,190.00,call,3.80,3.85,3.80,12,3.90,11,349,4847,2017-11-15,0.23797,0.26103,0.01236,-0.02868,0.35928,0.17219
AAPL180420P00190000,AAPL,2018-04-20,190.00,put,10.67,24.15,23.95,62,24.35,154,0,68,2017-11-15,0.24681,-0.72959,0.01213,-0.02425,0.36577,-0.63044
AAPL180420C00195000,AAPL,2018-04-20,195.00,call,2.85,2.90,2.86,7,2.94,7,81,4252,2017-11-15,0.23781,0.20962,0.01095,-0.02529,0.31823,0.13909
AAPL180420P00195000,AAPL,2018-04-20,195.00,put,12.15,28.25,28.05,48,28.45,164,0,45,2017-11-15,0.25001,-0.77655,0.01081,-0.02139,0.33022,-0.68190
AAPL180420C00200000,AAPL,2018-04-20,200.00,call,2.17,2.18,2.15,9,2.21,3,651,6395,2017-11-15,0.23842,0.16659,0.00948,-0.02192,0.27610,0.11108
AAPL180420P00200000,AAPL,2018-04-20,200.00,put,14.63,32.55,32.30,31,32.80,101,0,107,2017-11-15,0.25382,-0.81574,0.00949,-0.01853,0.29432,-0.72860
AAPL180420C00205000,AAPL,2018-04-20,205.00,call,1.70,1.65,1.60,137,1.69,7,42,1168,2017-11-15,0.24025,0.13213,0.00806,-0.01887,0.23648,0.08843
AAPL180420P00205000,AAPL,2018-04-20,205.00,put,16.78,37.05,36.80,160,37.30,25,0,21,2017-11-15,0.26007,-0.84586,0.00826,-0.01615,0.26243,-0.76961
AAPL180420C00210000,AAPL,2018-04-20,210.00,call,1.27,1.25,1.22,8,1.27,3,16,1692,2017-11-15,0.24224,0.10418,0.00675,-0.01604,0.19985,0.06995
AAPL180420P00210000,AAPL,2018-04-20,210.00,put,0.00,41.67,41.40,6,41.95,6,0,0,2017-11-15,0.26708,-0.86983,0.00717,-0.01404,0.23405,-0.80667
AAPL180420C00215000,AAPL,2018-04-20,215.00,call,0.95,0.98,0.93,16,1.03,9,5,762,2017-11-15,0.24650,0.08386,0.00565,-0.01387,0.17027,0.05641
AAPL180420P00215000,AAPL,2018-04-20,215.00,put,20.30,46.40,46.10,6,46.70,6,0,55,2017-11-15,0.27592,-0.88768,0.00626,-0.01241,0.21098,-0.83979
AAPL180420C00220000,AAPL,2018-04-20,220.00,call,0.76,0.76,0.71,10,0.80,36,5,1398,2017-11-15,0.24970,0.06672,0.00469,-0.01178,0.14303,0.04497
AAPL180420P00220000,AAPL,2018-04-20,220.00,put,50.10,51.17,50.85,101,51.50,6,30,166,2017-11-15,0.28431,-0.90264,0.00548,-0.01086,0.19023,-0.87098
AAPL180420C00225000,AAPL,2018-04-20,225.00,call,0.64,0.58,0.54,140,0.63,7,1,969,2017-11-15,0.25214,0.05252,0.00385,-0.00984,0.11856,0.03547
AAPL180420P00225000,AAPL,2018-04-20,225.00,put,24.90,56.08,55.70,8,56.45,8,0,8,2017-11-15,0.29848,-0.91009,0.00492,-0.01049,0.17938,-0.89735
AAPL180420C00230000,AAPL,2018-04-20,230.00,call,0.50,0.46,0.42,132,0.50,8,2,480,2017-11-15,0.25611,0.04231,0.00319,-0.00840,0.09969,0.02861
AAPL180420P00230000,AAPL,2018-04-20,230.00,put,33.95,60.97,60.55,8,61.40,8,0,50,2017-11-15,0.31037,-0.91783,0.00442,-0.00981,0.16769,-0.92384
AAPL180420C00235000,AAPL,2018-04-20,235.00,call,0.37,0.38,0.34,46,0.41,8,10,117,2017-11-15,0.26175,0.03520,0.00268,-0.00738,0.08581,0.02381
AAPL180420P00235000,AAPL,2018-04-20,235.00,put,36.98,65.92,65.55,8,66.30,8,0,2,2017-11-15,0.32501,-0.92217,0.00405,-0.00971,0.16094,-0.94814
AAPL180420C00240000,AAPL,2018-04-20,240.00,call,0.32,0.31,0.26,139,0.36,107,2,716,2017-11-15,0.26632,0.02896,0.00224,-0.00638,0.07305,0.01961
AAPL180420P00240000,AAPL,2018-04-20,240.00,put,0.00,70.90,70.50,8,71.30,8,0,0,2017-11-15,0.34101,-0.92470,0.00377,-0.00993,0.15695,-0.97126
AAPL180420C00245000,AAPL,2018-04-20,245.00,call,0.27,0.25,0.21,142,0.29,58,65,223,2017-11-15,0.27013,0.02364,0.00187,-0.00546,0.06164,0.01602
AAPL180420P00245000,AAPL,2018-04-20,245.00,put,0.00,75.78,74.20,6,77.35,6,0,0,2017-11-15,0.34970,-0.93140,0.00342,-0.00897,0.14613,-0.99695
AAPL180420C00250000,AAPL,2018-04-20,250.00,call,0.00,0.20,0.17,48,0.23,13,0,632,2017-11-15,0.27348,0.01921,0.00155,-0.00463,0.05173,0.01303
AAPL180420P00250000,AAPL,2018-04-20,250.00,put,0.00,80.72,79.10,11,82.35,1,0,0,2017-11-15,0.36159,-0.93514,0.00317,-0.00863,0.13991,-1.02077
AAPL180420C00255000,AAPL,2018-04-20,255.00,call,0.14,0.17,0.14,24,0.19,13,0,223,2017-11-15,0.27882,0.01635,0.00132,-0.00411,0.04506,0.01108
AAPL180420P00255000,AAPL,2018-04-20,255.00,put,47.58,85.95,85.55,8,86.35,8,0,10,2017-11-15,0.39315,-0.92659,0.00320,-0.01169,0.15393,-1.03694
AAPL180420C00260000,AAPL,2018-04-20,260.00,call,0.12,0.14,0.12,15,0.16,15,0,353,2017-11-15,0.28263,0.01356,0.00111,-0.00355,0.03839,0.00920
AAPL180420P00260000,AAPL,2018-04-20,260.00,put,0.00,90.95,90.55,8,91.35,8,0,0,2017-11-15,0.40869,-0.92763,0.00305,-0.01207,0.15226,-1.05906
AAPL180420C00265000,AAPL,2018-04-20,265.00,call,0.06,0.13,0.09,56,0.17,154,0,133,2017-11-15,0.29056,0.01240,0.00100,-0.00337,0.03552,0.00840
AAPL180420P00265000,AAPL,2018-04-20,265.00,put,0.00,95.95,95.55,8,96.35,8,0,0,2017-11-15,0.42394,-0.92852,0.00291,-0.01245,0.15082,-1.08107
AAPL180420C00270000,AAPL,2018-04-20,270.00,call,0.05,0.11,0.08,20,0.14,122,0,121,2017-11-15,0.29467,0.01051,0.00085,-0.00296,0.03077,0.00713
AAPL180420P00270000,AAPL,2018-04-20,270.00,put,0.00,100.95,99.55,1,102.35,1,0,0,2017-11-15,0.43888,-0.92930,0.00279,-0.01284,0.14956,-1.10300
AAPL180420C00275000,AAPL,2018-04-20,275.00,call,0.08,0.08,0.05,206,0.12,74,0,417,2017-11-15,0.29345,0.00790,0.00067,-0.00229,0.02396,0.00537
AAPL180420P00275000,AAPL,2018-04-20,275.00,put,0.00,105.95,104.55,1,107.35,1,0,0,2017-11-15,0.45351,-0.92997,0.00268,-0.01322,0.14846,-1.12486
AAPL180420C00280000,AAPL,2018-04-20,280.00,call,0.03,0.07,0.04,74,0.11,28,0,645,2017-11-15,0.29833,0.00688,0.00058,-0.00206,0.02122,0.00467
AAPL180420P00280000,AAPL,2018-04-20,280.00,put,0.00,110.90,110.50,8,111.30,8,0,0,2017-11-15,0.46449,-0.93228,0.00255,-0.01300,0.14468,-1.14769
AAPL180420C00285000,AAPL,2018-04-20,285.00,call,0.07,0.07,0.04,13,0.11,74,0,111,2017-11-15,0.30748,0.00671,0.00055,-0.00208,0.02076,0.00455
AAPL180420P00285000,AAPL,2018-04-20,285.00,put,0.00,115.90,115.50,8,116.30,8,0,0,2017-11-15,0.47851,-0.93277,0.00246,-0.01337,0.14386,-1.16942
AAPL180420C00290000,AAPL,2018-04-20,290.00,call,0.05,0.06,0.01,230,0.10,7,0,485,2017-11-15,0.31114,0.00576,0.00048,-0.00184,0.01814,0.00391
AAPL180420P00290000,AAPL,2018-04-20,290.00,put,0.00,120.95,120.55,8,121.35,8,0,0,2017-11-15,0.49574,-0.93154,0.00241,-0.01433,0.14590,-1.19011
AAPL180420C00295000,AAPL,2018-04-20,295.00,call,0.05,0.01,0.00,0,0.12,223,0,250,2017-11-15,0.27105,0.00124,0.00014,-0.00040,0.00455,0.00086
AAPL180420P00295000,AAPL,2018-04-20,295.00,put,0.00,125.95,124.55,1,127.35,1,0,0,2017-11-15,0.50915,-0.93200,0.00233,-0.01467,0.14513,-1.21181
AAPL180420C00300000,AAPL,2018-04-20,300.00,call,0.03,0.01,0.00,0,0.09,9,0,268,2017-11-15,0.27836,0.00121,0.00013,-0.00040,0.00444,0.00083
AAPL180420P00300000,AAPL,2018-04-20,300.00,put,0.00,130.95,130.55,8,131.35,8,0,0,2017-11-15,0.52241,-0.93237,0.00226,-0.01503,0.14453,-1.23344
AAPL180420C00305000,AAPL,2018-04-20,305.00,call,0.04,0.01,0.00,0,0.09,20,0,263,2017-11-15,0.28568,0.00119,0.00012,-0.00041,0.00436,0.00082
AAPL180420P00305000,AAPL,2018-04-20,305.00,put,0.00,135.95,135.55,8,136.35,8,0,0,2017-11-15,0.53552,-0.93265,0.00220,-0.01539,0.14406,-1.25502
AAPL180420C00310000,AAPL,2018-04-20,310.00,call,0.04,0.04,0.01,12,0.08,20,0,184,2017-11-15,0.33080,0.00377,0.00031,-0.00134,0.01242,0.00255
AAPL180420P00310000,AAPL,2018-04-20,310.00,put,0.00,140.95,140.55,8,141.35,8,0,0,2017-11-15,0.54833,-0.93293,0.00214,-0.01574,0.14359,-1.27660
AAPL180420C00315000,AAPL,2018-04-20,315.00,call,0.00,0.04,0.01,1,0.07,26,0,0,2017-11-15,0.33857,0.00370,0.00030,-0.00135,0.01222,0.00251
AAPL180420P00315000,AAPL,2018-04-20,315.00,put,0.00,145.75,144.15,5,147.35,1,0,0,2017-11-15,0.54634,-0.93937,0.00199,-0.01357,0.13275,-1.30176
AAPL180420C00320000,AAPL,2018-04-20,320.00,call,0.00,0.01,0.00,0,0.07,28,0,0,2017-11-15,0.30656,0.00111,0.00011,-0.00041,0.00411,0.00076
AAPL180420P00320000,AAPL,2018-04-20,320.00,put,0.00,150.95,149.55,1,152.35,1,0,0,2017-11-15,0.57332,-0.93337,0.00204,-0.01644,0.14286,-1.31965
AAPL180615C00070000,AAPL,2018-06-15,70.00,call,52.80,99.47,98.95,8,100.00,8,0,14,2017-11-15,0.04416,1.00000,0.00000,-0.00221,0.00000,0.40385
AAPL180615P00070000,AAPL,2018-06-15,70.00,put,0.03,0.05,0.01,6,0.09,20,0,1877,2017-11-15,0.44513,-0.00264,0.00014,-0.00109,0.01052,-0.00289
AAPL180615C00075000,AAPL,2018-06-15,75.00,call,50.23,94.47,93.95,8,95.00,8,0,2,2017-11-15,0.04193,1.00000,0.00000,-0.00237,0.00000,0.43269
AAPL180615P00075000,AAPL,2018-06-15,75.00,put,0.04,0.01,0.00,0,0.08,5,0,883,2017-11-15,0.35397,-0.00075,0.00006,-0.00028,0.00335,-0.00080
AAPL180615C00080000,AAPL,2018-06-15,80.00,call,47.70,89.53,89.00,8,90.05,8,0,10,2017-11-15,0.03970,1.00000,0.00000,-0.00253,0.00000,0.46154
AAPL180615P00080000,AAPL,2018-06-15,80.00,put,0.03,0.01,0.00,0,0.12,14,0,1092,2017-11-15,0.32745,-0.00081,0.00007,-0.00027,0.00359,-0.00086
AAPL180615C00085000,AAPL,2018-06-15,85.00,call,45.30,84.55,84.00,8,85.10,8,0,5,2017-11-15,0.03747,1.00000,0.00000,-0.00268,0.00000,0.49038
AAPL180615P00085000,AAPL,2018-06-15,85.00,put,0.05,0.07,0.02,74,0.13,74,0,1394,2017-11-15,0.36693,-0.00436,0.00027,-0.00140,0.01647,-0.00468
AAPL180615C00090000,AAPL,2018-06-15,90.00,call,42.90,79.60,79.05,8,80.15,8,0,146,2017-11-15,0.03524,1.00000,0.00000,-0.00284,0.00000,0.51923
AAPL180615P00090000,AAPL,2018-06-15,90.00,put,0.05,0.12,0.08,18,0.16,74,0,1488,2017-11-15,0.36220,-0.00721,0.00043,-0.00216,0.02577,-0.00778
AAPL180615C00095000,AAPL,2018-06-15,95.00,call,40.38,74.65,74.10,8,75.20,8,0,20,2017-11-15,0.03301,1.00000,0.00000,-0.00300,0.00000,0.54808
AAPL180615P00095000,AAPL,2018-06-15,95.00,put,0.17,0.15,0.13,73,0.16,1,10,1808,2017-11-15,0.34406,-0.00925,0.00056,-0.00255,0.03209,-0.00996
AAPL180615C00100000,AAPL,2018-06-15,100.00,call,37.65,69.72,69.20,8,70.25,8,0,665,2017-11-15,0.03079,1.00000,0.00000,-0.00316,0.00000,0.57692
AAPL180615P00100000,AAPL,2018-06-15,100.00,put,0.10,0.23,0.20,34,0.25,15,0,3573,2017-11-15,0.33659,-0.01384,0.00081,-0.00353,0.04552,-0.01492
AAPL180615C00105000,AAPL,2018-06-15,105.00,call,34.83,64.88,64.35,8,65.40,8,0,127,2017-11-15,0.27318,0.99234,0.00060,-0.00502,0.02718,0.59770
AAPL180615P00105000,AAPL,2018-06-15,105.00,put,0.33,0.32,0.30,10,0.35,9,28,2214,2017-11-15,0.32562,-0.01918,0.00111,-0.00451,0.06021,-0.02069
AAPL180615C00110000,AAPL,2018-06-15,110.00,call,59.67,59.92,59.45,8,60.40,11,13,602,2017-11-15,0.25153,0.99119,0.00074,-0.00525,0.03074,0.62537
AAPL180615P00110000,AAPL,2018-06-15,110.00,put,0.48,0.48,0.43,50,0.53,93,33,2682,2017-11-15,0.31982,-0.02786,0.00155,-0.00605,0.08245,-0.03015
AAPL180615C00115000,AAPL,2018-06-15,115.00,call,55.30,55.15,54.65,8,55.65,8,1,1211,2017-11-15,0.26815,0.97837,0.00150,-0.00772,0.06667,0.64049
AAPL180615P00115000,AAPL,2018-06-15,115.00,put,0.25,0.68,0.61,97,0.74,136,0,3189,2017-11-15,0.31205,-0.03853,0.00208,-0.00770,0.10772,-0.04179
AAPL180615C00120000,AAPL,2018-06-15,120.00,call,26.25,50.50,50.00,8,51.00,8,0,2482,2017-11-15,0.27760,0.96065,0.00238,-0.01073,0.10956,0.65010
AAPL180615P00120000,AAPL,2018-06-15,120.00,put,0.91,0.93,0.87,15,0.99,59,61,2972,2017-11-15,0.30336,-0.05178,0.00271,-0.00947,0.13666,-0.05626
AAPL180615C00125000,AAPL,2018-06-15,125.00,call,25.32,45.83,45.40,9,46.25,6,0,2855,2017-11-15,0.27287,0.94395,0.00321,-0.01298,0.14550,0.66082
AAPL180615P00125000,AAPL,2018-06-15,125.00,put,0.52,1.29,1.21,127,1.36,132,0,18250,2017-11-15,0.29681,-0.06967,0.00350,-0.01165,0.17239,-0.07592
AAPL180615C00130000,AAPL,2018-06-15,130.00,call,41.20,41.30,40.90,87,41.70,34,12,2738,2017-11-15,0.26983,0.92128,0.00422,-0.01568,0.18924,0.66487
AAPL180615P00130000,AAPL,2018-06-15,130.00,put,1.75,1.75,1.67,124,1.83,136,1000,8255,2017-11-15,0.28995,-0.09169,0.00441,-0.01396,0.21216,-0.10021
AAPL180615C00135000,AAPL,2018-06-15,135.00,call,37.30,36.85,36.55,96,37.15,6,113,2333,2017-11-15,0.26388,0.89496,0.00535,-0.01822,0.23438,0.66486
AAPL180615P00135000,AAPL,2018-06-15,135.00,put,2.40,2.35,2.28,110,2.43,121,228,11360,2017-11-15,0.28370,-0.11893,0.00544,-0.01642,0.25614,-0.13044
AAPL180615C00140000,AAPL,2018-06-15,140.00,call,32.60,32.73,32.35,151,33.10,169,161,11731,2017-11-15,0.26419,0.85803,0.00660,-0.02161,0.28954,0.65253
AAPL180615P00140000,AAPL,2018-06-15,140.00,put,3.20,3.12,3.05,133,3.20,126,329,12867,2017-11-15,0.27806,-0.15189,0.00656,-0.01895,0.30296,-0.16729
AAPL180615C00145000,AAPL,2018-06-15,145.00,call,28.20,28.73,28.45,13,29.00,6,10,2820,2017-11-15,0.26083,0.81758,0.00787,-0.02446,0.34097,0.63605
AAPL180615P00145000,AAPL,2018-06-15,145.00,put,4.02,4.12,4.05,142,4.20,91,258,7730,2017-11-15,0.27379,-0.19135,0.00773,-0.02152,0.35120,-0.21186
AAPL180615C00150000,AAPL,2018-06-15,150.00,call,24.74,24.95,24.70,95,25.20,110,131,20239,2017-11-15,0.25733,0.77125,0.00913,-0.02703,0.39009,0.61248
AAPL180615P00150000,AAPL,2018-06-15,150.00,put,5.40,5.33,5.25,3,5.40,36,89,9982,2017-11-15,0.26922,-0.23607,0.00888,-0.02377,0.39698,-0.26280
AAPL180615C00155000,AAPL,2018-06-15,155.00,call,21.36,21.45,21.25,103,21.65,152,65,6191,2017-11-15,0.25428,0.71915,0.01029,-0.02923,0.43440,0.58165
AAPL180615P00155000,AAPL,2018-06-15,155.00,put,6.78,6.83,6.75,110,6.90,100,82,8718,2017-11-15,0.26571,-0.28642,0.00994,-0.02572,0.43851,-0.32094
AAPL180615C00160000,AAPL,2018-06-15,160.00,call,18.18,18.25,18.15,16,18.35,3,586,8980,2017-11-15,0.25169,0.66232,0.01127,-0.03093,0.47091,0.54441
AAPL180615P00160000,AAPL,2018-06-15,160.00,put,8.50,8.60,8.50,121,8.70,140,34,3329,2017-11-15,0.26236,-0.34100,0.01085,-0.02714,0.47268,-0.38485
AAPL180615C00165000,AAPL,2018-06-15,165.00,call,15.30,15.43,15.25,28,15.60,142,105,5108,2017-11-15,0.25062,0.60205,0.01195,-0.03213,0.49716,0.50164
AAPL180615P00165000,AAPL,2018-06-15,165.00,put,10.80,10.68,10.55,183,10.80,122,565,2943,2017-11-15,0.25946,-0.39879,0.01155,-0.02796,0.49744,-0.45367
AAPL180615C00170000,AAPL,2018-06-15,170.00,call,12.70,12.82,12.65,58,13.00,204,603,10617,2017-11-15,0.24772,0.54036,0.01243,-0.03238,0.51144,0.45621
AAPL180615P00170000,AAPL,2018-06-15,170.00,put,13.05,13.10,12.95,144,13.25,214,23,3060,2017-11-15,0.25763,-0.45825,0.01195,-0.02819,0.51125,-0.52613
AAPL180615C00175000,AAPL,2018-06-15,175.00,call,10.50,10.55,10.45,13,10.65,20,1094,9462,2017-11-15,0.24559,0.47835,0.01259,-0.03197,0.51331,0.40849
AAPL180615P00175000,AAPL,2018-06-15,175.00,put,7.25,15.80,15.65,56,15.95,127,0,2490,2017-11-15,0.25550,-0.51786,0.01211,-0.02766,0.51356,-0.60036
AAPL180615C00180000,AAPL,2018-06-15,180.00,call,8.60,8.60,8.50,174,8.70,10,476,6799,2017-11-15,0.24391,0.41781,0.01242,-0.03091,0.50312,0.36037
AAPL180615P00180000,AAPL,2018-06-15,180.00,put,18.75,18.88,18.70,152,19.05,92,20,1675,2017-11-15,0.25519,-0.57531,0.01192,-0.02670,0.50488,-0.67464
AAPL180615C00185000,AAPL,2018-06-15,185.00,call,7.06,6.97,6.90,9,7.05,33,67,4138,2017-11-15,0.24315,0.36070,0.01195,-0.02938,0.48241,0.31373
AAPL180615P00185000,AAPL,2018-06-15,185.00,put,9.31,22.23,22.05,22,22.40,131,0,1624,2017-11-15,0.25504,-0.62972,0.01149,-0.02518,0.48665,-0.74751
AAPL180615C00190000,AAPL,2018-06-15,190.00,call,5.70,5.60,5.50,60,5.70,229,485,7376,2017-11-15,0.24239,0.30761,0.01126,-0.02738,0.45307,0.26957
AAPL180615P00190000,AAPL,2018-06-15,190.00,put,25.75,25.85,25.65,32,26.05,131,5,3238,2017-11-15,0.25565,-0.67965,0.01086,-0.02332,0.46102,-0.81759
AAPL180615C00195000,AAPL,2018-06-15,195.00,call,4.55,4.45,4.35,237,4.55,190,3127,5037,2017-11-15,0.24163,0.25918,0.01040,-0.02503,0.41729,0.22867
AAPL180615P00195000,AAPL,2018-06-15,195.00,put,13.08,29.70,29.50,122,29.90,147,0,4136,2017-11-15,0.25672,-0.72466,0.01009,-0.02121,0.43023,-0.88417
AAPL180615C00200000,AAPL,2018-06-15,200.00,call,3.55,3.58,3.50,13,3.65,211,466,30850,2017-11-15,0.24284,0.21814,0.00942,-0.02280,0.37968,0.19342
AAPL180615P00200000,AAPL,2018-06-15,200.00,put,15.35,33.80,33.50,146,34.10,138,0,3821,2017-11-15,0.25931,-0.76329,0.00923,-0.01914,0.39757,-0.94590
AAPL180615C00205000,AAPL,2018-06-15,205.00,call,2.74,2.85,2.80,10,2.90,14,71,1527,2017-11-15,0.24345,0.18163,0.00841,-0.02041,0.34004,0.16182
AAPL180615P00205000,AAPL,2018-06-15,205.00,put,37.65,38.08,37.75,139,38.40,6,1,1,2017-11-15,0.26297,-0.79599,0.00836,-0.01715,0.36507,-1.00290
AAPL180615C00210000,AAPL,2018-06-15,210.00,call,2.30,2.27,2.20,109,2.34,127,27,3664,2017-11-15,0.24452,0.15064,0.00742,-0.01811,0.30130,0.13475
AAPL180615P00210000,AAPL,2018-06-15,210.00,put,18.55,42.53,42.20,6,42.85,9,0,209,2017-11-15,0.26800,-0.82279,0.00752,-0.01539,0.33482,-1.05503
AAPL180615C00215000,AAPL,2018-06-15,215.00,call,1.96,1.82,1.75,33,1.89,101,1,1257,2017-11-15,0.24620,0.12491,0.00649,-0.01601,0.26512,0.11210
AAPL180615P00215000,AAPL,2018-06-15,215.00,put,21.08,47.20,46.90,123,47.50,139,0,9,2017-11-15,0.27745,-0.84103,0.00678,-0.01441,0.31220,-1.10008
AAPL180615C00220000,AAPL,2018-06-15,220.00,call,1.56,1.48,1.40,136,1.55,146,1031,6730,2017-11-15,0.24894,0.10434,0.00564,-0.01421,0.23324,0.09387
AAPL180615P00220000,AAPL,2018-06-15,220.00,put,30.00,51.75,51.30,6,52.20,16,0,106,2017-11-15,0.28080,-0.86251,0.00608,-0.01248,0.28330,-1.14759
AAPL180615C00225000,AAPL,2018-06-15,225.00,call,1.27,1.19,1.13,136,1.26,86,229,903,2017-11-15,0.25077,0.08625,0.00487,-0.01242,0.20271,0.07780
AAPL180615P00225000,AAPL,2018-06-15,225.00,put,0.00,56.47,56.05,6,56.90,10,0,0,2017-11-15,0.28812,-0.87713,0.00548,-0.01130,0.26208,-1.18938
AAPL180615C00230000,AAPL,2018-06-15,230.00,call,0.92,0.98,0.92,42,1.03,14,300,1476,2017-11-15,0.25397,0.07240,0.00421,-0.01099,0.17755,0.06541
AAPL180615P00230000,AAPL,2018-06-15,230.00,put,34.08,61.30,60.85,6,61.75,10,0,50,2017-11-15,0.29833,-0.88687,0.00499,-0.01068,0.24721,-1.22700
AAPL180615C00235000,AAPL,2018-06-15,235.00,call,0.88,0.80,0.75,178,0.86,14,1,653,2017-11-15,0.25656,0.06040,0.00362,-0.00964,0.15429,0.05466
AAPL180615P00235000,AAPL,2018-06-15,235.00,put,0.00,66.07,65.55,8,66.60,8,0,0,2017-11-15,0.30473,-0.89839,0.00452,-0.00952,0.22880,-1.26601
AAPL180615C00240000,AAPL,2018-06-15,240.00,call,0.43,0.67,0.61,142,0.73,15,0,1008,2017-11-15,0.26022,0.05123,0.00314,-0.00857,0.13550,0.04642
AAPL180615P00240000,AAPL,2018-06-15,240.00,put,0.00,70.97,70.45,10,71.50,10,0,0,2017-11-15,0.31586,-0.90434,0.00417,-0.00919,0.21890,-1.30032
AAPL180615C00245000,AAPL,2018-06-15,245.00,call,0.60,0.56,0.51,142,0.62,15,20,739,2017-11-15,0.26342,0.04331,0.00271,-0.00757,0.11844,0.03929
AAPL180615P00245000,AAPL,2018-06-15,245.00,put,0.00,75.93,75.40,8,76.45,8,0,0,2017-11-15,0.32912,-0.90764,0.00390,-0.00927,0.21331,-1.33236
AAPL180615C00250000,AAPL,2018-06-15,250.00,call,0.53,0.46,0.42,156,0.50,5,11,4108,2017-11-15,0.26571,0.03619,0.00232,-0.00659,0.10233,0.03287
AAPL180615P00250000,AAPL,2018-06-15,250.00,put,0.00,80.90,80.35,8,81.45,8,0,0,2017-11-15,0.34254,-0.91017,0.00367,-0.00942,0.20897,-1.36372
AAPL180615C00260000,AAPL,2018-06-15,260.00,call,0.38,0.36,0.30,133,0.42,80,20,70,2017-11-15,0.27623,0.02827,0.00182,-0.00558,0.08347,0.02568
AAPL180615P00260000,AAPL,2018-06-15,260.00,put,0.00,90.93,90.40,8,91.45,8,0,0,2017-11-15,0.37241,-0.91157,0.00334,-0.01035,0.20654,-1.42335
AAPL180921C00075000,AAPL,2018-09-21,75.00,call,0.00,94.45,93.65,53,95.25,9,0,0,2017-11-15,0.02872,1.00000,0.00000,-0.00236,0.00000,0.63074
AAPL180921P00075000,AAPL,2018-09-21,75.00,put,0.05,0.12,0.06,20,0.18,14,0,738,2017-11-15,0.37897,-0.00570,0.00028,-0.00151,0.02531,-0.00920
AAPL180921C00080000,AAPL,2018-09-21,80.00,call,38.08,89.47,88.70,74,90.25,8,0,20,2017-11-15,0.02719,1.00000,0.00000,-0.00252,0.00000,0.67279
AAPL180921P00080000,AAPL,2018-09-21,80.00,put,0.00,0.11,0.02,214,0.21,7,0,296,2017-11-15,0.34757,-0.00575,0.00030,-0.00140,0.02551,-0.00919
AAPL180921C00085000,AAPL,2018-09-21,85.00,call,0.00,84.53,83.75,74,85.30,8,0,0,2017-11-15,0.02566,1.00000,0.00000,-0.00267,0.00000,0.71484
AAPL180921P00085000,AAPL,2018-09-21,85.00,put,0.16,0.16,0.05,187,0.27,6,0,563,2017-11-15,0.33781,-0.00828,0.00043,-0.00187,0.03520,-0.01325
AAPL180921C00090000,AAPL,2018-09-21,90.00,call,42.90,79.57,78.85,8,80.30,67,0,17,2017-11-15,0.02414,1.00000,0.00000,-0.00283,0.00000,0.75689
AAPL180921P00090000,AAPL,2018-09-21,90.00,put,0.10,0.22,0.16,236,0.27,1,0,567,2017-11-15,0.32668,-0.01137,0.00059,-0.00238,0.04645,-0.01820
AAPL180921C00095000,AAPL,2018-09-21,95.00,call,27.83,74.62,73.95,7,75.30,60,0,20,2017-11-15,0.02261,1.00000,0.00000,-0.00299,0.00000,0.79894
AAPL180921P00095000,AAPL,2018-09-21,95.00,put,0.14,0.36,0.27,234,0.45,43,0,3662,2017-11-15,0.32562,-0.01769,0.00086,-0.00346,0.06796,-0.02846
AAPL180921C00100000,AAPL,2018-09-21,100.00,call,70.10,69.80,69.10,10,70.50,67,10,613,2017-11-15,0.02109,1.00000,0.00000,-0.00315,0.00000,0.84099
AAPL180921P00100000,AAPL,2018-09-21,100.00,put,0.45,0.49,0.42,103,0.56,43,1,955,2017-11-15,0.31647,-0.02383,0.00114,-0.00432,0.08748,-0.03838
AAPL180921C00105000,AAPL,2018-09-21,105.00,call,24.00,65.08,64.40,10,65.75,67,0,6,2017-11-15,0.01956,1.00000,0.00000,-0.00330,0.00000,0.88304
AAPL180921P00105000,AAPL,2018-09-21,105.00,put,0.71,0.70,0.60,139,0.80,3,2,360,2017-11-15,0.31144,-0.03305,0.00152,-0.00557,0.11487,-0.05341
AAPL180921C00110000,AAPL,2018-09-21,110.00,call,32.67,60.33,59.65,10,61.00,67,0,16,2017-11-15,0.22516,0.98689,0.00096,-0.00529,0.05254,0.90480
AAPL180921P00110000,AAPL,2018-09-21,110.00,put,0.41,0.96,0.84,185,1.07,7,0,550,2017-11-15,0.30519,-0.04418,0.00196,-0.00690,0.14553,-0.07159
AAPL180921C00115000,AAPL,2018-09-21,115.00,call,30.44,55.72,55.15,6,56.30,107,0,17,2017-11-15,0.24589,0.96839,0.00185,-0.00782,0.11071,0.91739
AAPL180921P00115000,AAPL,2018-09-21,115.00,put,1.30,1.29,1.19,46,1.40,151,66,1451,2017-11-15,0.29894,-0.05791,0.00249,-0.00835,0.18052,-0.09411
AAPL180921C00120000,AAPL,2018-09-21,120.00,call,27.12,51.17,50.65,9,51.70,107,0,394,2017-11-15,0.25169,0.94915,0.00267,-0.01009,0.16287,0.92840
AAPL180921P00120000,AAPL,2018-09-21,120.00,put,1.72,1.72,1.59,23,1.85,152,23,3362,2017-11-15,0.29345,-0.07500,0.00310,-0.00998,0.22058,-0.12230
AAPL180921C00125000,AAPL,2018-09-21,125.00,call,47.15,46.70,46.30,119,47.10,151,14,849,2017-11-15,0.25230,0.92754,0.00351,-0.01224,0.21483,0.93534
AAPL180921P00125000,AAPL,2018-09-21,125.00,put,2.28,2.27,2.14,128,2.40,152,73,2008,2017-11-15,0.28858,-0.09581,0.00378,-0.01175,0.26502,-0.15685
AAPL180921C00130000,AAPL,2018-09-21,130.00,call,42.30,42.48,42.10,8,42.85,198,2,386,2017-11-15,0.25595,0.89866,0.00444,-0.01488,0.27612,0.92972
AAPL180921P00130000,AAPL,2018-09-21,130.00,put,3.00,2.96,2.82,81,3.10,342,141,3349,2017-11-15,0.28431,-0.12065,0.00453,-0.01361,0.31289,-0.19841
AAPL180921C00135000,AAPL,2018-09-21,135.00,call,21.50,38.38,37.95,164,38.80,178,0,943,2017-11-15,0.25626,0.86713,0.00538,-0.01727,0.33464,0.91928
AAPL180921P00135000,AAPL,2018-09-21,135.00,put,3.85,3.80,3.65,68,3.95,324,7,5171,2017-11-15,0.27989,-0.14921,0.00533,-0.01542,0.36203,-0.24652
AAPL180921C00140000,AAPL,2018-09-21,140.00,call,34.40,34.62,34.10,8,35.15,156,1,1957,2017-11-15,0.25992,0.82864,0.00628,-0.01997,0.39633,0.89589
AAPL180921P00140000,AAPL,2018-09-21,140.00,put,4.90,4.80,4.65,247,4.95,8,13,4725,2017-11-15,0.27547,-0.18163,0.00615,-0.01714,0.41119,-0.30157
AAPL180921C00145000,AAPL,2018-09-21,145.00,call,31.60,30.90,30.45,9,31.35,148,4,1438,2017-11-15,0.25839,0.78977,0.00716,-0.02199,0.44937,0.87166
AAPL180921P00145000,AAPL,2018-09-21,145.00,put,5.99,6.05,5.90,66,6.20,260,7,3295,2017-11-15,0.27272,-0.21883,0.00695,-0.01886,0.45996,-0.36565
AAPL180921C00150000,AAPL,2018-09-21,150.00,call,27.20,27.38,27.00,16,27.75,134,177,1556,2017-11-15,0.25626,0.74755,0.00800,-0.02372,0.49772,0.84095
AAPL180921P00150000,AAPL,2018-09-21,150.00,put,7.50,7.47,7.35,63,7.60,51,124,3769,2017-11-15,0.26906,-0.25895,0.00772,-0.02026,0.50437,-0.43532
AAPL180921C00155000,AAPL,2018-09-21,155.00,call,24.35,24.05,23.85,7,24.25,93,13,1481,2017-11-15,0.25336,0.70240,0.00877,-0.02507,0.53981,0.80438
AAPL180921P00155000,AAPL,2018-09-21,155.00,put,9.00,9.18,9.00,207,9.35,177,342,2444,2017-11-15,0.26678,-0.30270,0.00840,-0.02149,0.54397,-0.51265
AAPL180921C00160000,AAPL,2018-09-21,160.00,call,21.36,21.00,20.75,20,21.25,135,24,2668,2017-11-15,0.25108,0.65425,0.00943,-0.02612,0.57457,0.76120
AAPL180921P00160000,AAPL,2018-09-21,160.00,put,11.05,11.12,10.95,53,11.30,249,21,2636,2017-11-15,0.26449,-0.34873,0.00898,-0.02236,0.57640,-0.59523
AAPL180921C00165000,AAPL,2018-09-21,165.00,call,18.15,18.25,18.05,6,18.45,8,33,1497,2017-11-15,0.24986,0.60411,0.00990,-0.02686,0.60035,0.71249
AAPL180921P00165000,AAPL,2018-09-21,165.00,put,5.95,13.27,13.10,183,13.45,94,0,1374,2017-11-15,0.26175,-0.39639,0.00945,-0.02280,0.60055,-0.68192
AAPL180921C00170000,AAPL,2018-09-21,170.00,call,15.75,15.75,15.60,1,15.90,139,654,4015,2017-11-15,0.24833,0.55321,0.01022,-0.02715,0.61610,0.66069
AAPL180921P00170000,AAPL,2018-09-21,170.00,put,15.75,15.70,15.55,89,15.85,116,51,1054,2017-11-15,0.25977,-0.44505,0.00976,-0.02291,0.61573,-0.77247
AAPL180921C00175000,AAPL,2018-09-21,175.00,call,13.51,13.52,13.35,3,13.70,145,317,8162,2017-11-15,0.24727,0.50245,0.01035,-0.02706,0.62163,0.60674
AAPL180921P00175000,AAPL,2018-09-21,175.00,put,8.45,18.43,18.25,89,18.60,45,0,973,2017-11-15,0.25870,-0.49354,0.00990,-0.02270,0.62156,-0.86528
AAPL180921C00180000,AAPL,2018-09-21,180.00,call,11.45,11.50,11.35,3,11.65,156,150,2555,2017-11-15,0.24574,0.45240,0.01034,-0.02653,0.61721,0.55199
AAPL180921P00180000,AAPL,2018-09-21,180.00,put,21.47,21.38,21.15,27,21.60,90,1,636,2017-11-15,0.25748,-0.54125,0.00989,-0.02209,0.61831,-0.95883
AAPL180921C00185000,AAPL,2018-09-21,185.00,call,9.93,9.70,9.55,153,9.85,145,29,1128,2017-11-15,0.24406,0.40369,0.01018,-0.02562,0.60343,0.49730
AAPL180921P00185000,AAPL,2018-09-21,185.00,put,24.64,24.55,24.35,137,24.75,6,2,205,2017-11-15,0.25626,-0.58754,0.00975,-0.02114,0.60661,-1.05221
AAPL180921C00190000,AAPL,2018-09-21,190.00,call,8.15,8.20,8.05,3,8.35,110,155,2597,2017-11-15,0.24361,0.35813,0.00984,-0.02453,0.58190,0.44465
AAPL180921P00190000,AAPL,2018-09-21,190.00,put,27.90,28.00,27.75,1,28.25,118,1,179,2017-11-15,0.25626,-0.63087,0.00945,-0.02002,0.58788,-1.14371
AAPL180921C00195000,AAPL,2018-09-21,195.00,call,7.09,6.90,6.80,3,7.00,207,32,1574,2017-11-15,0.24330,0.31560,0.00938,-0.02322,0.55398,0.39462
AAPL180921P00195000,AAPL,2018-09-21,195.00,put,13.80,31.70,31.45,97,31.95,117,0,60,2017-11-15,0.25748,-0.67036,0.00902,-0.01882,0.56406,-1.23188
AAPL180921C00200000,AAPL,2018-09-21,200.00,call,6.10,5.75,5.65,3,5.85,188,45,1674,2017-11-15,0.24254,0.27575,0.00884,-0.02167,0.52063,0.34713
AAPL180921P00200000,AAPL,2018-09-21,200.00,put,35.15,35.50,35.25,6,35.75,7,25,30,2017-11-15,0.25748,-0.70802,0.00856,-0.01729,0.53508,-1.31824
AAPL180921C00205000,AAPL,2018-09-21,205.00,call,4.77,4.78,4.70,24,4.85,15,43,1027,2017-11-15,0.24193,0.23937,0.00823,-0.02001,0.48371,0.30317
AAPL180921P00205000,AAPL,2018-09-21,205.00,put,39.63,39.62,39.20,175,40.05,149,1,0,2017-11-15,0.26083,-0.73898,0.00800,-0.01608,0.50644,-1.39772
AAPL180921C00210000,AAPL,2018-09-21,210.00,call,4.25,4.03,3.90,1,4.15,241,30,2509,2017-11-15,0.24315,0.20862,0.00758,-0.01854,0.44734,0.26538
AAPL180921P00210000,AAPL,2018-09-21,210.00,put,43.81,43.83,43.35,151,44.30,9,1,5,2017-11-15,0.26358,-0.76738,0.00744,-0.01473,0.47615,-1.47425
AAPL180921C00215000,AAPL,2018-09-21,215.00,call,3.40,3.38,3.30,1,3.45,169,3,843,2017-11-15,0.24406,0.18090,0.00692,-0.01701,0.41016,0.23107
AAPL180921P00215000,AAPL,2018-09-21,215.00,put,0.00,48.30,47.90,180,48.70,9,0,0,2017-11-15,0.26983,-0.78880,0.00688,-0.01384,0.45058,-1.54297
AAPL180921C00220000,AAPL,2018-09-21,220.00,call,2.85,2.82,2.71,1,2.93,268,24,1340,2017-11-15,0.24467,0.15599,0.00628,-0.01546,0.37287,0.20006
AAPL180921P00220000,AAPL,2018-09-21,220.00,put,24.04,52.70,52.35,137,53.05,178,0,0,2017-11-15,0.27272,-0.81126,0.00636,-0.01249,0.42111,-1.61258
AAPL180921C00225000,AAPL,2018-09-21,225.00,call,1.45,2.35,2.23,120,2.48,138,0,530,2017-11-15,0.24528,0.13406,0.00565,-0.01397,0.33670,0.17256
AAPL180921P00225000,AAPL,2018-09-21,225.00,put,0.00,57.30,56.90,117,57.70,183,0,0,2017-11-15,0.27882,-0.82771,0.00587,-0.01162,0.39770,-1.67526
AAPL180921C00230000,AAPL,2018-09-21,230.00,call,1.14,1.96,1.85,124,2.07,91,0,170,2017-11-15,0.24605,0.11503,0.00506,-0.01256,0.30251,0.14855
AAPL180921P00230000,AAPL,2018-09-21,230.00,put,0.00,61.77,61.25,6,62.30,107,0,0,2017-11-15,0.28019,-0.84717,0.00541,-0.01011,0.36785,-1.74120
AAPL180921C00235000,AAPL,2018-09-21,235.00,call,0.95,1.66,1.56,158,1.76,87,0,337,2017-11-15,0.24788,0.09960,0.00453,-0.01138,0.27267,0.12893
AAPL180921P00235000,AAPL,2018-09-21,235.00,put,0.00,66.65,66.10,79,67.20,10,0,0,2017-11-15,0.29132,-0.85436,0.00504,-0.01003,0.35621,-1.79294
AAPL180921C00240000,AAPL,2018-09-21,240.00,call,1.40,1.41,1.31,121,1.50,77,1,765,2017-11-15,0.24970,0.08625,0.00404,-0.01029,0.24514,0.11188
AAPL180921P00240000,AAPL,2018-09-21,240.00,put,0.00,71.45,70.85,6,72.05,12,0,0,2017-11-15,0.29955,-0.86326,0.00469,-0.00958,0.34130,-1.84648
AAPL180921C00245000,AAPL,2018-09-21,245.00,call,0.61,1.20,1.11,119,1.29,3,0,239,2017-11-15,0.25153,0.07471,0.00360,-0.00929,0.21993,0.09710
AAPL180921P00245000,AAPL,2018-09-21,245.00,put,0.00,76.22,75.50,6,76.95,74,0,0,2017-11-15,0.30626,-0.87245,0.00437,-0.00896,0.32531,-1.90020
AAPL180921C00250000,AAPL,2018-09-21,250.00,call,1.03,1.06,1.00,3,1.13,40,11,5774,2017-11-15,0.25519,0.06636,0.00324,-0.00859,0.20077,0.08631
AAPL180921P00250000,AAPL,2018-09-21,250.00,put,38.05,81.10,80.35,8,81.85,74,0,150,2017-11-15,0.31571,-0.87796,0.00411,-0.00877,0.31543,-1.94957
AAPL180921C00260000,AAPL,2018-09-21,260.00,call,0.77,0.78,0.69,132,0.87,6,11,374,2017-11-15,0.25916,0.05039,0.00257,-0.00701,0.16172,0.06573
AAPL180921P00260000,AAPL,2018-09-21,260.00,put,0.00,90.97,90.20,8,91.75,53,0,0,2017-11-15,0.33675,-0.88487,0.00370,-0.00880,0.30270,-2.04330
AAPL190118C00042500,AAPL,2019-01-18,42.50,call,66.55,126.85,125.60,8,128.10,8,0,13,2017-11-15,0.02794,1.00000,0.00000,-0.00133,0.00000,0.49276
AAPL190118P00042500,AAPL,2019-01-18,42.50,put,0.03,0.05,0.03,100,0.07,14,0,2539,2017-11-15,0.48186,-0.00169,0.00006,-0.00055,0.00998,-0.00395
AAPL190118C00047500,AAPL,2019-01-18,47.50,call,64.20,121.85,120.60,8,123.10,8,0,7,2017-11-15,0.02684,1.00000,0.00000,-0.00149,0.00000,0.55073
AAPL190118P00047500,AAPL,2019-01-18,47.50,put,0.02,0.06,0.02,1,0.10,17,0,1009,2017-11-15,0.45305,-0.00213,0.00008,-0.00064,0.01230,-0.00494
AAPL190118C00055000,AAPL,2019-01-18,55.00,call,115.42,114.40,113.15,8,115.65,8,2,43,2017-11-15,0.02518,1.00000,0.00000,-0.00172,0.00000,0.63768
AAPL190118P00055000,AAPL,2019-01-18,55.00,put,0.03,0.10,0.05,105,0.14,13,0,1052,2017-11-15,0.42714,-0.00361,0.00014,-0.00096,0.01983,-0.00836
AAPL190118C00060000,AAPL,2019-01-18,60.00,call,109.67,109.38,108.15,8,110.60,70,200,840,2017-11-15,0.02408,1.00000,0.00000,-0.00188,0.00000,0.69566
AAPL190118P00060000,AAPL,2019-01-18,60.00,put,0.06,0.11,0.07,5,0.14,14,0,1345,2017-11-15,0.40046,-0.00421,0.00017,-0.00103,0.02273,-0.00966
AAPL190118C00065000,AAPL,2019-01-18,65.00,call,55.13,104.45,103.20,8,105.70,8,0,51,2017-11-15,0.02298,1.00000,0.00000,-0.00204,0.00000,0.75363
AAPL190118P00065000,AAPL,2019-01-18,65.00,put,0.15,0.11,0.05,197,0.16,91,20,1424,2017-11-15,0.37165,-0.00455,0.00020,-0.00103,0.02439,-0.01034
AAPL190118C00070000,AAPL,2019-01-18,70.00,call,51.05,99.45,98.20,10,100.70,10,0,229,2017-11-15,0.02187,1.00000,0.00000,-0.00219,0.00000,0.81160
AAPL190118P00070000,AAPL,2019-01-18,70.00,put,0.18,0.15,0.10,111,0.21,90,150,1803,2017-11-15,0.35854,-0.00624,0.00027,-0.00131,0.03228,-0.01416
AAPL190118C00075000,AAPL,2019-01-18,75.00,call,48.60,94.55,93.40,67,95.70,67,0,202,2017-11-15,0.02077,1.00000,0.00000,-0.00235,0.00000,0.86957
AAPL190118P00075000,AAPL,2019-01-18,75.00,put,0.08,0.18,0.10,73,0.26,70,0,2231,2017-11-15,0.34101,-0.00775,0.00034,-0.00151,0.03907,-0.01752
AAPL190118C00080000,AAPL,2019-01-18,80.00,call,89.75,89.55,88.35,8,90.75,94,50,1566,2017-11-15,0.01967,1.00000,0.00000,-0.00251,0.00000,0.92754
AAPL190118P00080000,AAPL,2019-01-18,80.00,put,0.28,0.29,0.24,26,0.34,84,104,2910,2017-11-15,0.33873,-0.01195,0.00050,-0.00218,0.05707,-0.02717
AAPL190118C00085000,AAPL,2019-01-18,85.00,call,45.20,84.70,83.60,67,85.80,67,0,210,2017-11-15,0.01856,1.00000,0.00000,-0.00266,0.00000,0.98551
AAPL190118P00085000,AAPL,2019-01-18,85.00,put,0.36,0.37,0.33,61,0.41,3,10,2618,2017-11-15,0.32623,-0.01539,0.00065,-0.00260,0.07097,-0.03493
AAPL190118C00090000,AAPL,2019-01-18,90.00,call,79.40,79.88,78.80,67,80.95,67,2,1519,2017-11-15,0.01746,1.00000,0.00000,-0.00282,0.00000,1.04348
AAPL190118P00090000,AAPL,2019-01-18,90.00,put,0.50,0.47,0.39,205,0.55,3,26,4440,2017-11-15,0.31464,-0.01974,0.00083,-0.00310,0.08779,-0.04477
AAPL190118C00095000,AAPL,2019-01-18,95.00,call,40.33,75.10,74.00,67,76.20,8,0,2636,2017-11-15,0.01635,1.00000,0.00000,-0.00298,0.00000,1.10146
AAPL190118P00095000,AAPL,2019-01-18,95.00,put,0.24,0.69,0.61,87,0.77,54,0,8821,2017-11-15,0.31190,-0.02779,0.00112,-0.00408,0.11704,-0.06333
AAPL190118C00097500,AAPL,2019-01-18,97.50,call,38.60,72.75,71.70,67,73.80,67,0,334,2017-11-15,0.01580,1.00000,0.00000,-0.00306,0.00000,1.13044
AAPL190118P00097500,AAPL,2019-01-18,97.50,put,0.29,0.78,0.71,104,0.86,3,0,2033,2017-11-15,0.30717,-0.03140,0.00125,-0.00444,0.12953,-0.07157
AAPL190118C00100000,AAPL,2019-01-18,100.00,call,70.00,70.03,69.60,66,70.45,8,35,11186,2017-11-15,0.01525,1.00000,0.00000,-0.00314,0.00000,1.15943
AAPL190118P00100000,AAPL,2019-01-18,100.00,put,0.94,0.91,0.81,136,1.00,14,35,14088,2017-11-15,0.30458,-0.03617,0.00142,-0.00494,0.14552,-0.08258
AAPL190118C00105000,AAPL,2019-01-18,105.00,call,65.78,65.75,64.65,11,66.85,67,5,1884,2017-11-15,0.22257,0.98428,0.00097,-0.00507,0.07226,1.18325
AAPL190118P00105000,AAPL,2019-01-18,105.00,put,1.25,1.24,1.15,101,1.33,52,5,7221,2017-11-15,0.30047,-0.04773,0.00180,-0.00608,0.18217,-0.10942
AAPL190118C00110000,AAPL,2019-01-18,110.00,call,61.29,60.83,60.35,101,61.30,4,3,4025,2017-11-15,0.20535,0.98229,0.00116,-0.00526,0.08002,1.23712
AAPL190118P00110000,AAPL,2019-01-18,110.00,put,1.60,1.61,1.55,93,1.67,1,5,10109,2017-11-15,0.29452,-0.06073,0.00223,-0.00719,0.22042,-0.13960
AAPL190118C00115000,AAPL,2019-01-18,115.00,call,56.52,56.95,56.05,95,57.85,8,8,5470,2017-11-15,0.25717,0.94188,0.00246,-0.00963,0.21297,1.20242
AAPL190118P00115000,AAPL,2019-01-18,115.00,put,2.11,2.13,2.01,113,2.25,62,8,10720,2017-11-15,0.29117,-0.07750,0.00272,-0.00854,0.26604,-0.17903
AAPL190118C00120000,AAPL,2019-01-18,120.00,call,52.50,52.50,51.70,1,53.30,94,64,14080,2017-11-15,0.25443,0.92370,0.00308,-0.01109,0.26290,1.21860
AAPL190118P00120000,AAPL,2019-01-18,120.00,put,2.75,2.72,2.64,6,2.80,15,5,12373,2017-11-15,0.28659,-0.09632,0.00325,-0.00985,0.31299,-0.22342
AAPL190118C00125000,AAPL,2019-01-18,125.00,call,48.50,48.25,47.50,179,49.00,2,4,6941,2017-11-15,0.25413,0.90036,0.00376,-0.01281,0.32085,1.22218
AAPL190118P00125000,AAPL,2019-01-18,125.00,put,3.34,3.50,3.35,30,3.65,289,23,11516,2017-11-15,0.28400,-0.11915,0.00382,-0.01132,0.36484,-0.27794
AAPL190118C00130000,AAPL,2019-01-18,130.00,call,44.30,44.33,44.10,50,44.55,4,234,8090,2017-11-15,0.25809,0.87034,0.00446,-0.01491,0.38707,1.20857
AAPL190118P00130000,AAPL,2019-01-18,130.00,put,4.24,4.35,4.20,114,4.50,87,29,10338,2017-11-15,0.27958,-0.14374,0.00442,-0.01262,0.41533,-0.33680
AAPL190118C00135000,AAPL,2019-01-18,135.00,call,40.54,40.40,40.00,1,40.80,80,26,6491,2017-11-15,0.25641,0.84081,0.00516,-0.01652,0.44453,1.19611
AAPL190118P00135000,AAPL,2019-01-18,135.00,put,5.35,5.38,5.20,146,5.55,85,228,8515,2017-11-15,0.27592,-0.17166,0.00503,-0.01392,0.46675,-0.40435
AAPL190118C00140000,AAPL,2019-01-18,140.00,call,36.50,36.67,36.25,111,37.10,112,187,22834,2017-11-15,0.25519,0.80779,0.00584,-0.01808,0.50097,1.17430
AAPL190118P00140000,AAPL,2019-01-18,140.00,put,6.65,6.62,6.45,71,6.80,231,40,17441,2017-11-15,0.27333,-0.20297,0.00564,-0.01519,0.51773,-0.48114
AAPL190118C00145000,AAPL,2019-01-18,145.00,call,33.05,33.12,32.60,124,33.65,100,173,33039,2017-11-15,0.25352,0.77218,0.00650,-0.01946,0.55364,1.14529
AAPL190118P00145000,AAPL,2019-01-18,145.00,put,8.00,8.03,7.90,15,8.15,51,1032,14315,2017-11-15,0.27059,-0.23672,0.00622,-0.01631,0.56557,-0.56480
AAPL190118C00150000,AAPL,2019-01-18,150.00,call,29.90,29.85,29.50,99,30.20,116,112,17500,2017-11-15,0.25321,0.73339,0.00708,-0.02077,0.60225,1.10661
AAPL190118P00150000,AAPL,2019-01-18,150.00,put,9.60,9.62,9.45,82,9.80,180,379,10056,2017-11-15,0.26784,-0.27276,0.00677,-0.01725,0.60917,-0.65517
AAPL190118C00155000,AAPL,2019-01-18,155.00,call,26.55,26.75,26.45,97,27.05,67,36,7675,2017-11-15,0.25214,0.69309,0.00760,-0.02180,0.64386,1.06290
AAPL190118P00155000,AAPL,2019-01-18,155.00,put,11.30,11.47,11.35,14,11.60,165,95,5604,2017-11-15,0.26602,-0.31102,0.00725,-0.01804,0.64761,-0.75291
AAPL190118C00160000,AAPL,2019-01-18,160.00,call,23.84,23.98,23.75,42,24.20,90,140,15380,2017-11-15,0.25260,0.65109,0.00799,-0.02270,0.67818,1.01204
AAPL190118P00160000,AAPL,2019-01-18,160.00,put,13.50,13.48,13.30,60,13.65,137,1854,6336,2017-11-15,0.26358,-0.35058,0.00767,-0.01856,0.67937,-0.85513
AAPL190118C00165000,AAPL,2019-01-18,165.00,call,21.14,21.33,21.10,44,21.55,71,266,8282,2017-11-15,0.25153,0.60869,0.00833,-0.02323,0.70397,0.95899
AAPL190118P00165000,AAPL,2019-01-18,165.00,put,15.70,15.72,15.50,96,15.95,73,26,4576,2017-11-15,0.26159,-0.39127,0.00801,-0.01886,0.70395,-0.96233
AAPL190118C00170000,AAPL,2019-01-18,170.00,call,18.75,18.88,18.75,6,19.00,93,743,14017,2017-11-15,0.25047,0.56592,0.00857,-0.02350,0.72128,0.90267
AAPL190118P00170000,AAPL,2019-01-18,170.00,put,18.26,18.10,17.95,102,18.25,19,42,1859,2017-11-15,0.25870,-0.43270,0.00829,-0.01883,0.72085,-1.07259
AAPL190118C00175000,AAPL,2019-01-18,175.00,call,16.50,16.70,16.50,6,16.90,207,287,5700,2017-11-15,0.25001,0.52347,0.00869,-0.02355,0.73002,0.84402
AAPL190118P00175000,AAPL,2019-01-18,175.00,put,20.86,20.82,20.70,40,20.95,18,40,1415,2017-11-15,0.25778,-0.47394,0.00842,-0.01872,0.72972,-1.18648
AAPL190118C00180000,AAPL,2019-01-18,180.00,call,14.40,14.57,14.50,6,14.65,39,1427,11044,2017-11-15,0.24757,0.48079,0.00878,-0.02320,0.73043,0.78424
AAPL190118P00180000,AAPL,2019-01-18,180.00,put,23.80,23.73,23.60,13,23.85,27,1068,2828,2017-11-15,0.25687,-0.51457,0.00847,-0.01836,0.73079,-1.30149
AAPL190118C00185000,AAPL,2019-01-18,185.00,call,12.87,12.68,12.50,56,12.85,47,59,3218,2017-11-15,0.24574,0.43905,0.00875,-0.02266,0.72273,0.72353
AAPL190118P00185000,AAPL,2019-01-18,185.00,put,27.00,26.95,26.70,18,27.20,83,228,544,2017-11-15,0.25763,-0.55318,0.00837,-0.01793,0.72477,-1.41609
AAPL190118C00190000,AAPL,2019-01-18,190.00,call,11.01,11.03,10.90,18,11.15,16,274,7142,2017-11-15,0.24467,0.39908,0.00861,-0.02198,0.70775,0.66348
AAPL190118P00190000,AAPL,2019-01-18,190.00,put,30.35,30.33,30.05,16,30.60,101,50,686,2017-11-15,0.25809,-0.59029,0.00822,-0.01730,0.71247,-1.52949
AAPL190118C00195000,AAPL,2019-01-18,195.00,call,9.60,9.57,9.45,55,9.70,22,24,2722,2017-11-15,0.24391,0.36107,0.00838,-0.02115,0.68648,0.60506
AAPL190118P00195000,AAPL,2019-01-18,195.00,put,15.51,33.85,33.55,52,34.15,99,0,688,2017-11-15,0.25839,-0.62567,0.00800,-0.01648,0.69469,-1.64123
AAPL190118C00200000,AAPL,2019-01-18,200.00,call,8.35,8.32,8.20,47,8.45,59,1533,14631,2017-11-15,0.24376,0.32571,0.00806,-0.02025,0.66033,0.54952
AAPL190118P00200000,AAPL,2019-01-18,200.00,put,37.15,37.58,37.25,64,37.90,122,5,1730,2017-11-15,0.25946,-0.65834,0.00772,-0.01562,0.67290,-1.74995
AAPL190118C00205000,AAPL,2019-01-18,205.00,call,7.15,7.17,7.05,180,7.30,11,63,1024,2017-11-15,0.24300,0.29193,0.00771,-0.01917,0.62941,0.49586
AAPL190118P00205000,AAPL,2019-01-18,205.00,put,26.13,41.42,41.10,118,41.75,100,0,12,2017-11-15,0.26037,-0.68899,0.00740,-0.01463,0.64760,-1.85609
AAPL190118C00210000,AAPL,2019-01-18,210.00,call,6.20,6.22,6.10,50,6.35,69,45,5364,2017-11-15,0.24330,0.26170,0.00730,-0.01813,0.59658,0.44693
AAPL190118P00210000,AAPL,2019-01-18,210.00,put,45.60,45.38,44.95,67,45.80,111,17,278,2017-11-15,0.26114,-0.71764,0.00706,-0.01356,0.61955,-1.95957
AAPL190118C00215000,AAPL,2019-01-18,215.00,call,5.60,5.38,5.25,81,5.50,65,79,815,2017-11-15,0.24345,0.23371,0.00687,-0.01702,0.56158,0.40117
AAPL190118P00215000,AAPL,2019-01-18,215.00,put,23.18,49.58,49.05,140,50.10,104,0,14,2017-11-15,0.26403,-0.74171,0.00668,-0.01267,0.59256,-2.05671
AAPL190118C00220000,AAPL,2019-01-18,220.00,call,4.70,4.67,4.55,49,4.80,83,107,1935,2017-11-15,0.24406,0.20865,0.00642,-0.01594,0.52629,0.35973
AAPL190118P00220000,AAPL,2019-01-18,220.00,put,24.28,53.85,53.20,169,54.50,65,0,261,2017-11-15,0.26678,-0.76377,0.00630,-0.01175,0.56493,-2.15078
AAPL190118C00225000,AAPL,2019-01-18,225.00,call,4.05,4.08,3.95,15,4.20,101,25,1496,2017-11-15,0.24528,0.18666,0.00597,-0.01494,0.49202,0.32297
AAPL190118P00225000,AAPL,2019-01-18,225.00,put,26.92,58.30,57.50,152,59.10,77,0,124,2017-11-15,0.27135,-0.78167,0.00593,-0.01104,0.54039,-2.23865
AAPL190118C00230000,AAPL,2019-01-18,230.00,call,3.47,3.52,3.40,15,3.65,83,71,1391,2017-11-15,0.24544,0.16549,0.00553,-0.01382,0.45590,0.28751
AAPL190118P00230000,AAPL,2019-01-18,230.00,put,32.22,62.55,61.95,160,63.15,61,0,34,2017-11-15,0.27089,-0.80358,0.00558,-0.00972,0.50762,-2.33215
AAPL190118C00235000,AAPL,2019-01-18,235.00,call,3.16,3.07,2.93,53,3.20,77,1,967,2017-11-15,0.24650,0.14749,0.00510,-0.01284,0.42260,0.25704
AAPL190118P00235000,AAPL,2019-01-18,235.00,put,0.00,67.20,66.55,139,67.85,63,0,0,2017-11-15,0.27699,-0.81614,0.00524,-0.00921,0.48742,-2.41168
AAPL190118C00240000,AAPL,2019-01-18,240.00,call,2.70,2.66,2.54,64,2.78,75,2,810,2017-11-15,0.24711,0.13080,0.00469,-0.01183,0.38943,0.22870
AAPL190118P00240000,AAPL,2019-01-18,240.00,put,33.60,71.97,71.00,105,72.95,15,0,152,2017-11-15,0.28507,-0.82503,0.00493,-0.00898,0.47246,-2.48546
AAPL190118C00245000,AAPL,2019-01-18,245.00,call,1.45,2.35,2.22,80,2.47,91,0,972,2017-11-15,0.24909,0.11744,0.00431,-0.01104,0.36114,0.20574
AAPL190118P00245000,AAPL,2019-01-18,245.00,put,0.00,76.70,75.70,93,77.70,10,0,0,2017-11-15,0.29162,-0.83445,0.00465,-0.00858,0.45601,-2.55976
AAPL190118C00250000,AAPL,2019-01-18,250.00,call,2.02,1.99,1.93,66,2.05,5,149,7306,2017-11-15,0.24818,0.10234,0.00392,-0.00995,0.32716,0.18000
AAPL190118P00250000,AAPL,2019-01-18,250.00,put,81.00,81.45,80.40,60,82.50,8,2,174,2017-11-15,0.29803,-0.84296,0.00440,-0.00819,0.44058,-2.63249
AAPL190118C00260000,AAPL,2019-01-18,260.00,call,1.62,1.55,1.47,120,1.63,14,80,463,2017-11-15,0.25153,0.08202,0.00329,-0.00853,0.27768,0.14477
AAPL190118P00260000,AAPL,2019-01-18,260.00,put,0.00,91.07,90.05,67,92.10,67,0,0,2017-11-15,0.31220,-0.85584,0.00397,-0.00765,0.41616,-2.77120
AAPL200117C00080000,AAPL,2020-01-17,80.00,call,46.30,90.75,89.00,5,92.50,16,0,216,2017-11-15,0.01065,1.00000,0.00000,-0.00248,0.00000,1.69483
AAPL200117P00080000,AAPL,2020-01-17,80.00,put,0.67,0.64,0.60,5,0.67,10,21,1918,2017-11-15,0.28751,-0.02081,0.00070,-0.00213,0.12481,-0.09037
AAPL200117C00085000,AAPL,2020-01-17,85.00,call,45.80,85.25,83.00,1,87.50,22,0,32,2017-11-15,0.01005,1.00000,0.00000,-0.00263,0.00000,1.80075
AAPL200117P00085000,AAPL,2020-01-17,85.00,put,0.42,0.81,0.26,134,1.35,140,0,283,2017-11-15,0.27912,-0.02628,0.00088,-0.00251,0.15187,-0.11411
AAPL200117C00090000,AAPL,2020-01-17,90.00,call,80.50,81.00,79.00,1,83.00,22,1,146,2017-11-15,0.00945,1.00000,0.00000,-0.00279,0.00000,1.90668
AAPL200117P00090000,AAPL,2020-01-17,90.00,put,0.52,1.15,1.00,5,1.29,30,0,789,2017-11-15,0.27851,-0.03572,0.00113,-0.00321,0.19582,-0.15624
AAPL200117C00095000,AAPL,2020-01-17,95.00,call,77.50,75.33,73.50,11,77.15,5,1,267,2017-11-15,0.00886,1.00000,0.00000,-0.00294,0.00000,2.01261
AAPL200117P00095000,AAPL,2020-01-17,95.00,put,0.65,1.48,1.26,67,1.69,31,0,271,2017-11-15,0.27348,-0.04511,0.00139,-0.00379,0.23671,-0.19791
AAPL200117C00100000,AAPL,2020-01-17,100.00,call,71.69,71.72,71.00,1,72.45,5,39,2248,2017-11-15,0.16907,0.99018,0.00062,-0.00374,0.06536,2.07918
AAPL200117P00100000,AAPL,2020-01-17,100.00,put,2.00,1.86,1.73,79,2.00,2,1,944,2017-11-15,0.26800,-0.05582,0.00169,-0.00438,0.28049,-0.24549
AAPL200117C00105000,AAPL,2020-01-17,105.00,call,36.60,68.25,66.00,1,70.50,23,0,113,2017-11-15,0.23766,0.94598,0.00185,-0.00701,0.27332,1.99218
AAPL200117P00105000,AAPL,2020-01-17,105.00,put,2.63,2.58,2.40,10,2.75,50,61,314,2017-11-15,0.27074,-0.07263,0.00205,-0.00540,0.34422,-0.32289
AAPL200117C00110000,AAPL,2020-01-17,110.00,call,65.60,64.28,62.05,11,66.50,23,1,510,2017-11-15,0.24727,0.92377,0.00233,-0.00849,0.35718,1.99688
AAPL200117P00110000,AAPL,2020-01-17,110.00,put,3.30,3.13,2.76,119,3.50,3,5,480,2017-11-15,0.26510,-0.08691,0.00239,-0.00602,0.39431,-0.38731
AAPL200117C00115000,AAPL,2020-01-17,115.00,call,31.15,60.25,58.00,1,62.50,70,0,333,2017-11-15,0.24909,0.90354,0.00275,-0.00963,0.42597,2.01012
AAPL200117P00115000,AAPL,2020-01-17,115.00,put,4.01,4.00,3.75,59,4.25,3,20,1587,2017-11-15,0.26480,-0.10615,0.00278,-0.00693,0.45676,-0.47687
AAPL200117C00120000,AAPL,2020-01-17,120.00,call,55.87,56.75,55.00,57,58.50,71,2,1256,2017-11-15,0.25809,0.87652,0.00317,-0.01118,0.50864,1.98684
AAPL200117P00120000,AAPL,2020-01-17,120.00,put,5.20,5.03,4.75,23,5.30,1,43,2993,2017-11-15,0.26480,-0.12751,0.00316,-0.00784,0.52020,-0.57774
AAPL200117C00125000,AAPL,2020-01-17,125.00,call,27.13,53.00,51.00,68,55.00,72,0,892,2017-11-15,0.25763,0.85352,0.00357,-0.01219,0.57191,1.98396
AAPL200117P00125000,AAPL,2020-01-17,125.00,put,6.15,6.17,5.85,29,6.50,9,61,2855,2017-11-15,0.26388,-0.15013,0.00355,-0.00867,0.58142,-0.68547
AAPL200117C00130000,AAPL,2020-01-17,130.00,call,48.70,48.88,48.00,1,49.75,44,6,1304,2017-11-15,0.24894,0.83359,0.00402,-0.01269,0.62205,2.00017
AAPL200117P00130000,AAPL,2020-01-17,130.00,put,7.40,7.45,7.15,21,7.75,1,54,6353,2017-11-15,0.26297,-0.17440,0.00392,-0.00945,0.64102,-0.80252
AAPL200117C00135000,AAPL,2020-01-17,135.00,call,23.86,45.52,44.05,71,47.00,71,0,522,2017-11-15,0.25031,0.80590,0.00441,-0.01370,0.68520,1.97146
AAPL200117P00135000,AAPL,2020-01-17,135.00,put,9.00,8.88,8.65,23,9.10,28,24,1711,2017-11-15,0.26190,-0.20006,0.00429,-0.01017,0.69785,-0.92785
AAPL200117C00140000,AAPL,2020-01-17,140.00,call,42.27,42.08,41.65,20,42.50,8,70,2684,2017-11-15,0.24803,0.77875,0.00481,-0.01443,0.74033,1.94654
AAPL200117P00140000,AAPL,2020-01-17,140.00,put,10.40,10.40,10.20,58,10.60,10,157,4417,2017-11-15,0.25992,-0.22664,0.00465,-0.01075,0.75052,-1.05844
AAPL200117C00145000,AAPL,2020-01-17,145.00,call,39.55,39.17,37.90,10,40.45,11,27,760,2017-11-15,0.25062,0.74820,0.00511,-0.01534,0.79498,1.89747
AAPL200117P00145000,AAPL,2020-01-17,145.00,put,12.10,12.28,11.90,62,12.65,99,166,624,2017-11-15,0.26068,-0.25541,0.00495,-0.01140,0.80094,-1.20510
AAPL200117C00150000,AAPL,2020-01-17,150.00,call,36.00,36.53,36.10,1,36.95,7,229,13947,2017-11-15,0.25397,0.71713,0.00534,-0.01619,0.84306,1.84077
AAPL200117P00150000,AAPL,2020-01-17,150.00,put,14.25,14.10,13.95,21,14.25,10,212,2211,2017-11-15,0.25855,-0.28404,0.00526,-0.01180,0.84474,-1.34974
AAPL200117C00155000,AAPL,2020-01-17,155.00,call,33.80,33.38,32.95,32,33.80,13,8,11334,2017-11-15,0.24940,0.68754,0.00570,-0.01651,0.88225,1.80034
AAPL200117P00155000,AAPL,2020-01-17,155.00,put,17.15,16.27,16.00,13,16.55,33,31,1349,2017-11-15,0.25870,-0.31392,0.00550,-0.01222,0.88402,-1.50658
AAPL200117C00160000,AAPL,2020-01-17,160.00,call,30.75,30.88,30.45,1,31.30,34,99,3914,2017-11-15,0.25031,0.65630,0.00590,-0.01702,0.91692,1.74003
AAPL200117P00160000,AAPL,2020-01-17,160.00,put,18.00,18.48,18.15,19,18.80,34,22,1726,2017-11-15,0.25763,-0.34399,0.00573,-0.01246,0.91722,-1.66528
AAPL200117C00165000,AAPL,2020-01-17,165.00,call,28.65,28.60,28.25,1,28.95,1,48,2186,2017-11-15,0.25184,0.62525,0.00604,-0.01745,0.94483,1.67544
AAPL200117P00165000,AAPL,2020-01-17,165.00,put,20.90,20.98,20.45,84,21.50,101,3,265,2017-11-15,0.25778,-0.37426,0.00590,-0.01267,0.94444,-1.83053
AAPL200117C00170000,AAPL,2020-01-17,170.00,call,26.40,26.50,26.00,8,27.00,96,72,1578,2017-11-15,0.25352,0.59474,0.00614,-0.01780,0.96607,1.60892
AAPL200117P00170000,AAPL,2020-01-17,170.00,put,23.50,23.45,23.00,82,23.90,102,21,361,2017-11-15,0.25611,-0.40473,0.00607,-0.01268,0.96575,-1.99607
AAPL200117C00175000,AAPL,2020-01-17,175.00,call,24.10,24.30,23.95,10,24.65,60,70,2388,2017-11-15,0.25245,0.56407,0.00626,-0.01788,0.98139,1.54422
AAPL200117P00175000,AAPL,2020-01-17,175.00,put,25.97,26.17,25.70,83,26.65,104,2,661,2017-11-15,0.25565,-0.43488,0.00618,-0.01264,0.98097,-2.16618
AAPL200117C00180000,AAPL,2020-01-17,180.00,call,21.82,22.10,21.80,10,22.40,47,73,2752,2017-11-15,0.25001,0.53300,0.00638,-0.01778,0.99084,1.47789
AAPL200117P00180000,AAPL,2020-01-17,180.00,put,29.25,29.02,28.45,24,29.60,112,2,153,2017-11-15,0.25489,-0.46480,0.00626,-0.01250,0.99037,-2.33789
AAPL200117C00185000,AAPL,2020-01-17,185.00,call,20.05,20.00,19.50,67,20.50,10,21,2830,2017-11-15,0.24727,0.50179,0.00647,-0.01756,0.99423,1.40872
AAPL200117P00185000,AAPL,2020-01-17,185.00,put,31.67,32.05,31.50,83,32.60,119,1,184,2017-11-15,0.25458,-0.49402,0.00629,-0.01228,0.99413,-2.51098
AAPL200117C00190000,AAPL,2020-01-17,190.00,call,18.50,17.90,17.10,160,18.70,42,29,886,2017-11-15,0.24300,0.46961,0.00657,-0.01714,0.99136,1.33635
AAPL200117P00190000,AAPL,2020-01-17,190.00,put,16.17,35.25,34.65,68,35.85,123,0,128,2017-11-15,0.25473,-0.52226,0.00627,-0.01202,0.99269,-2.68431
AAPL200117C00195000,AAPL,2020-01-17,195.00,call,16.79,16.55,16.00,112,17.10,44,29,473,2017-11-15,0.24513,0.44262,0.00646,-0.01706,0.98394,1.26640
AAPL200117P00195000,AAPL,2020-01-17,195.00,put,17.78,38.58,38.00,78,39.15,43,0,33,2017-11-15,0.25489,-0.54962,0.00623,-0.01168,0.98654,-2.85711
AAPL200117C00200000,AAPL,2020-01-17,200.00,call,15.40,15.30,15.00,1,15.60,47,58,4610,2017-11-15,0.24711,0.41692,0.00634,-0.01691,0.97261,1.19900
AAPL200117P00200000,AAPL,2020-01-17,200.00,put,41.50,42.00,40.70,112,43.30,124,1,114,2017-11-15,0.25489,-0.57617,0.00617,-0.01126,0.97607,-3.02913
AAPL200117C00210000,AAPL,2020-01-17,210.00,call,12.55,12.72,12.50,1,12.95,22,39,1861,2017-11-15,0.24666,0.36503,0.00611,-0.01613,0.93679,1.06456
AAPL200117P00210000,AAPL,2020-01-17,210.00,put,22.96,49.00,47.00,124,51.00,124,0,77,2017-11-15,0.25291,-0.62832,0.00600,-0.01009,0.94235,-3.37271
AAPL200117C00220000,AAPL,2020-01-17,220.00,call,10.75,10.32,9.95,72,10.70,22,19,597,2017-11-15,0.24376,0.31458,0.00584,-0.01496,0.88482,0.93139
AAPL200117P00220000,AAPL,2020-01-17,220.00,put,26.65,56.80,56.35,19,57.25,5,0,790,2017-11-15,0.25534,-0.67159,0.00568,-0.00909,0.90079,-3.70105
AAPL200117C00230000,AAPL,2020-01-17,230.00,call,9.00,8.53,8.05,57,9.00,78,4,1257,2017-11-15,0.24376,0.27205,0.00546,-0.01390,0.82715,0.81393
AAPL200117P00230000,AAPL,2020-01-17,230.00,put,30.60,64.88,64.40,58,65.35,5,0,55,2017-11-15,0.25748,-0.71042,0.00533,-0.00796,0.85250,-4.01935
AAPL200117C00240000,AAPL,2020-01-17,240.00,call,7.10,7.20,7.05,11,7.35,22,67,1913,2017-11-15,0.24574,0.23690,0.00504,-0.01296,0.76925,0.71384
AAPL200117P00240000,AAPL,2020-01-17,240.00,put,35.78,74.25,72.00,1,76.50,23,0,672,2017-11-15,0.27211,-0.72904,0.00488,-0.00789,0.82549,-4.29126
AAPL200117C00250000,AAPL,2020-01-17,250.00,call,5.75,5.90,5.80,3,6.00,3,54,409,2017-11-15,0.24513,0.20271,0.00462,-0.01177,0.70337,0.61636
AAPL200117P00250000,AAPL,2020-01-17,250.00,put,40.10,82.30,80.10,11,84.50,66,0,154,2017-11-15,0.26830,-0.76653,0.00458,-0.00617,0.76309,-4.60392
AAPL200117C00260000,AAPL,2020-01-17,260.00,call,2.80,5.25,4.60,1,5.90,138,0,116,2017-11-15,0.25108,0.18151,0.00422,-0.01122,0.65740,0.55262
AAPL200117P00260000,AAPL,2020-01-17,260.00,put,0.00,91.75,89.50,71,94.00,70,0,0,2017-11-15,0.28034,-0.78046,0.00423,-0.00592,0.73703,-4.86032
