timestamp,open,high,low,close,volume
2025-03-26,1290.2500,1293.9500,1269.0000,1272.5500,658347
2025-03-25,1307.0000,1307.0000,1283.0000,1285.4000,865836
2025-03-24,1286.4000,1305.3000,1281.0000,1301.3500,861533
2025-03-21,1270.0500,1284.5000,1270.0500,1276.4500,361299
2025-03-20,1254.2000,1272.8000,1250.0000,1268.5500,612659
2025-03-19,1242.0000,1252.7500,1239.3500,1247.7000,295426
2025-03-18,1243.5000,1248.1000,1234.9000,1238.8000,1740575
2025-03-17,1247.0000,1257.2000,1233.2500,1240.4000,422823
2025-03-13,1262.9000,1264.0000,1244.0000,1247.4000,302876
2025-03-12,1256.8500,1261.5500,1244.0000,1256.6000,426299
2025-03-11,1238.0500,1249.5500,1230.0000,1247.4000,305952
2025-03-10,1249.1000,1258.0000,1235.5000,1238.2000,245117
2025-03-07,1214.0500,1254.5000,1212.3000,1249.1000,794738
2025-03-06,1201.0000,1214.0000,1185.5000,1210.5500,652420
2025-03-05,1162.0000,1183.0500,1158.0000,1175.7500,348560
2025-03-04,1165.0000,1174.1000,1159.2500,1161.7000,286826
2025-03-03,1209.8000,1209.8000,1156.0000,1171.1000,542446
2025-02-28,1201.0000,1217.4000,1193.3000,1199.6000,437656
2025-02-27,1213.5500,1215.0000,1201.0000,1207.0500,193166
2025-02-25,1213.9500,1221.0000,1201.0000,1203.9000,881729
2025-02-24,1219.4000,1223.0000,1210.6000,1214.7500,477209
2025-02-21,1229.9500,1239.9500,1222.3500,1227.7000,907589
2025-02-20,1226.2500,1239.4000,1223.0000,1233.0500,206262
2025-02-19,1222.7500,1232.8000,1217.6000,1226.9500,110206
2025-02-18,1225.2500,1229.9500,1216.4000,1224.9500,206583
2025-02-17,1215.7500,1227.2000,1205.1500,1224.7500,207944
2025-02-14,1220.0000,1224.3000,1206.0000,1216.9500,358010
2025-02-13,1218.9500,1227.9500,1212.1500,1216.2000,360188
2025-02-12,1219.9500,1227.8500,1193.6500,1215.7000,596942
2025-02-11,1263.0500,1263.4000,1230.0000,1234.6000,554854
2025-02-10,1263.8000,1266.0000,1245.8500,1253.4000,539885
2025-02-07,1266.4500,1284.7500,1262.0000,1266.8500,375026
2025-02-06,1276.6000,1287.3500,1270.8000,1281.5500,160168
2025-02-05,1284.9500,1290.0000,1276.1500,1278.0500,355650
2025-02-04,1247.0500,1289.0000,1246.6500,1286.0000,397483
2025-02-03,1250.0000,1255.9000,1238.0000,1245.1500,396687
2025-02-01,1265.0000,1269.9500,1241.5000,1264.6500,266300
2025-01-31,1257.4000,1266.0000,1249.5000,1264.9000,412707
2025-01-30,1235.0000,1256.6000,1232.2500,1253.6000,462230
2025-01-29,1237.3000,1242.7500,1228.4500,1235.8000,358148
2025-01-28,1236.6000,1244.1500,1218.9000,1233.8000,364260
2025-01-27,1239.9000,1240.4500,1220.0500,1229.3000,411760
2025-01-24,1266.9000,1273.1000,1244.0000,1245.9000,430797
2025-01-23,1274.7500,1277.2500,1261.5500,1263.8500,235409
2025-01-22,1279.0000,1282.9000,1268.8000,1277.3000,2201402
2025-01-21,1310.0000,1312.8500,1269.5500,1272.9500,1210468
2025-01-20,1319.3500,1319.3500,1300.5500,1305.0000,242236
2025-01-17,1325.1000,1325.1000,1284.7000,1301.3000,1514067
2025-01-16,1260.2000,1275.0000,1251.4000,1268.7000,391749
2025-01-15,1247.0000,1256.7500,1242.1500,1252.3000,287139
2025-01-14,1240.0000,1255.0500,1227.3000,1238.5500,837785
2025-01-13,1230.0000,1245.1500,1225.6000,1240.0500,810470
2025-01-10,1255.9000,1256.7000,1236.1500,1242.3500,498991
2025-01-09,1267.9000,1269.4000,1248.0000,1255.0000,262909
2025-01-08,1251.2000,1270.7000,1245.0000,1264.7000,881916
2025-01-07,1221.6500,1243.4000,1221.4000,1240.9000,512057
2025-01-06,1251.5500,1261.7000,1215.3000,1218.2000,782428
2025-01-03,1247.7500,1262.3000,1235.6000,1251.3500,502895
2025-01-02,1220.7000,1244.5000,1220.2500,1241.6500,529144
2025-01-01,1218.9500,1226.2000,1212.1000,1221.6500,380215
2024-12-31,1210.4000,1219.0500,1206.4000,1215.4500,444246
2024-12-30,1219.6500,1223.3500,1208.6500,1210.9000,314452
2024-12-27,1216.6500,1227.6000,1216.6500,1220.9500,653086
2024-12-26,1224.6500,1228.0000,1214.4500,1216.6000,556935
2024-12-24,1231.9000,1233.4500,1221.4500,1223.5000,268064
2024-12-23,1217.2500,1227.0000,1213.1500,1222.1000,3332773
2024-12-20,1229.9500,1239.7500,1202.1000,1206.0000,1166317
2024-12-19,1239.9500,1244.9500,1229.4000,1230.6000,424104
2024-12-18,1243.4000,1259.9000,1241.7500,1253.0500,260426
2024-12-17,1262.6500,1262.6500,1242.6000,1245.1000,639483
2024-12-16,1275.0000,1281.6000,1266.8500,1268.0500,465483
2024-12-13,1265.0000,1275.1500,1240.0000,1273.3500,1106984
2024-12-12,1275.2000,1278.1000,1261.0500,1263.8500,683512
2024-12-11,1286.5000,1290.0000,1275.3500,1278.1000,594409
2024-12-10,1290.0000,1295.0000,1280.7500,1284.9500,438986
2024-12-09,1303.0000,1315.4500,1292.9000,1295.1500,554024
2024-12-06,1326.9000,1326.9000,1309.8000,1311.8000,412701
2024-12-05,1310.7500,1329.5000,1306.4000,1321.2000,674847
2024-12-04,1326.9500,1329.0000,1305.0000,1309.0000,438492
2024-12-03,1318.8500,1326.7000,1307.2500,1323.3500,344673
2024-12-02,1291.6500,1311.0500,1277.0000,1309.0500,633384
2024-11-29,1280.0000,1299.3000,1274.7500,1292.4500,748891
2024-11-28,1291.9500,1296.8000,1269.2500,1271.3500,481819
2024-11-27,1295.7500,1303.8000,1286.2000,1292.9000,263573
2024-11-26,1296.4500,1297.8500,1284.0000,1295.5500,487024
2024-11-25,1294.8000,1304.3500,1282.6500,1287.8000,962533
2024-11-22,1229.9000,1268.6500,1223.0500,1265.9500,1055840
2024-11-21,1247.0500,1247.0500,1217.7000,1223.2000,491073
2024-11-19,1259.0500,1281.0000,1235.4500,1241.3000,397953
2024-11-18,1266.5500,1273.1000,1244.0000,1260.6500,609245
2024-11-14,1254.5500,1272.5000,1252.2500,1267.7000,799527
2024-11-13,1269.5000,1275.0000,1249.7000,1252.2500,525801
2024-11-12,1275.0000,1289.4000,1269.0000,1273.1000,592220
2024-11-11,1282.6000,1285.9500,1266.3500,1273.0500,695566
2024-11-08,1302.6500,1302.8000,1278.0000,1284.0000,927106
2024-11-07,1322.1500,1324.0000,1303.2000,1305.6500,529604
2024-11-06,1311.8500,1328.4500,1300.3000,1325.5500,873762
2024-11-05,1293.7500,1309.3500,1286.1500,1305.9500,410474
2024-11-04,1337.0000,1338.6000,1285.1000,1302.0000,1351832
2024-11-01,1339.8500,1341.0000,1334.3000,1339.1000,290860
2024-10-31,1341.9000,1342.9000,1326.0500,1332.6000,657958
2024-10-30,1339.8000,1349.9000,1324.8000,1343.9500,324322
2024-10-29,1334.3000,1342.9000,1320.5000,1338.9500,363374
2024-10-28,1338.0000,1353.1500,1322.0000,1334.3000,384134
2024-10-25,1343.8500,1343.8500,1322.5000,1327.7250,1470496
2024-10-24,1337.5000,1343.8000,1323.5000,1339.9750,867390
2024-10-23,1340.5000,1357.5000,1335.5000,1338.8500,849614
2024-10-22,1369.9500,1375.9500,1340.4000,1343.6500,378276
2024-10-21,1369.8250,1374.0000,1358.0250,1369.1250,394020
2024-10-18,1353.3250,1368.0000,1341.6000,1358.7750,1419472
2024-10-17,1369.3500,1369.3500,1352.5000,1356.7250,1662372
2024-10-16,1343.9500,1364.2750,1338.0000,1354.0000,635272
2024-10-15,1359.4750,1372.0000,1340.6250,1343.9500,1287148
2024-10-14,1380.8500,1380.8500,1368.2500,1372.6000,504838
2024-10-11,1371.0000,1383.5250,1369.0000,1371.1000,882564
2024-10-10,1382.1750,1386.0000,1370.0000,1371.0250,730900
2024-10-09,1401.3500,1401.3500,1372.0750,1375.0500,641084
2024-10-08,1380.0000,1401.3750,1364.3000,1398.0250,318502
2024-10-07,1399.9750,1399.9750,1361.4500,1370.4750,1122402
2024-10-04,1407.0000,1417.9700,1383.0000,1386.9000,2240234
2024-10-03,1435.1500,1449.9700,1387.5000,1407.6200,7089762
2024-10-01,1481.3500,1489.0000,1463.0000,1464.9000,1468420
2024-09-30,3036.0000,3044.3000,2950.0000,2953.8000,850746
2024-09-27,3000.0000,3066.9000,2984.0000,3052.4000,902318
2024-09-26,2984.9500,3008.0000,2976.1000,3000.7000,303052
2024-09-25,2969.2500,2993.6000,2960.5000,2987.4500,294796
2024-09-24,2979.9500,3000.0000,2976.4000,2979.2500,463610
2024-09-23,2980.1000,3002.7500,2979.2000,2988.4000,596992
2024-09-20,2949.0000,2991.1500,2943.5500,2973.1000,3406066
2024-09-19,2930.9500,2953.0000,2911.2000,2939.3500,121612
2024-09-18,2940.0000,2964.0000,2922.0000,2926.2500,394690
2024-09-17,2948.7000,2954.0000,2933.8000,2944.6000,360644
2024-09-16,2957.5000,2961.6000,2930.0000,2942.9000,82840
2024-09-13,2954.4000,2966.0000,2938.7000,2944.4500,725070
2024-09-12,2918.7500,2971.0000,2892.3000,2958.4000,689834
2024-09-11,2928.9500,2937.0000,2895.3000,2903.1000,257350
2024-09-10,2924.8000,2943.9500,2916.0000,2923.0000,435046
2024-09-09,2932.1000,2939.0000,2912.5000,2926.0500,436066
2024-09-06,2989.9000,2996.2000,2922.7500,2929.8500,2040084
2024-09-05,3039.4500,3052.0500,2975.0000,2987.1500,624506
2024-09-04,2995.9000,3034.0000,2995.9000,3029.8000,402570
2024-09-03,3041.6500,3045.0000,3015.3000,3019.6000,413754
2024-09-02,3031.6500,3053.3500,3012.8000,3032.8000,600208
2024-08-30,3083.9500,3083.9500,3006.9500,3019.7500,1391808
2024-08-29,3014.9500,3074.8000,2988.0000,3040.8500,1091610
2024-08-28,3013.9500,3015.0000,2985.3500,2995.7500,102196
2024-08-27,3023.0000,3025.1000,2998.0000,3000.4500,145120
2024-08-26,3015.0000,3046.1500,3005.4500,3024.1500,390180
2024-08-23,3015.4000,3022.6500,2996.2000,2999.9500,1050992
2024-08-22,3001.3000,3011.8000,2981.3500,2995.1000,386964
2024-08-21,2985.0000,3015.8500,2980.0000,2996.5500,180722
2024-08-20,2986.2500,3007.6500,2981.0000,2993.3500,623600
2024-08-19,2967.4500,2996.3500,2963.0000,2977.2000,184640
2024-08-16,2933.3500,2961.0000,2916.6500,2956.1500,1246510
2024-08-14,2926.5000,2943.4000,2908.0000,2922.6500,114174
2024-08-13,2925.0000,2939.9000,2915.6000,2926.9000,2972016
2024-08-12,2932.4000,2946.0000,2916.2000,2921.5000,292948
2024-08-09,2927.7000,2954.0500,2912.0500,2948.3000,762512
2024-08-08,2923.0000,2927.2000,2892.2500,2895.5000,354424
2024-08-07,2945.7500,2946.1000,2923.0000,2929.2000,244546
2024-08-06,2901.1500,2955.3500,2901.1500,2911.8000,388270
2024-08-05,2950.0500,2960.1000,2865.8000,2894.7000,494328
2024-08-02,3000.4000,3018.3500,2985.8000,2998.4500,1224924
2024-08-01,3023.8000,3036.9000,3009.8500,3031.7000,139732
2024-07-31,3013.9500,3020.9500,3003.1000,3010.2500,125328
2024-07-30,3034.7500,3049.9000,3021.1500,3025.5500,291482
2024-07-29,3039.9500,3054.0000,3025.4500,3040.7500,119056
2024-07-26,2998.7500,3025.9500,2981.9000,3017.8500,1542328
2024-07-25,2961.0000,3001.1500,2954.7000,2982.6000,174744
2024-07-24,2964.8500,3020.0000,2953.7000,2990.6500,328478
2024-07-23,3004.9500,3012.8500,2927.1000,2975.6500,527728
2024-07-22,3070.1500,3073.3500,2998.8000,3001.1000,380146
2024-07-19,3175.0000,3179.0000,3104.1500,3109.5000,1147710
2024-07-18,3152.0000,3186.6000,3116.1000,3170.3500,312500
2024-07-16,3192.4000,3200.0000,3138.1500,3151.4500,118312
2024-07-15,3200.1500,3211.4500,3171.0000,3193.7000,318492
2024-07-12,3172.8000,3209.9500,3148.6500,3193.4500,1444574
2024-07-11,3178.0000,3207.8500,3140.6500,3163.5000,206364
2024-07-10,3185.0000,3195.0000,3126.7500,3166.9000,141816
2024-07-09,3199.9500,3201.1000,3162.0500,3180.1500,335112
2024-07-08,3179.9000,3217.9000,3165.0000,3202.1000,383740
2024-07-05,3103.8000,3197.6500,3096.1000,3180.0500,1517954
2024-07-04,3116.9500,3134.5000,3102.3000,3107.9000,264962
2024-07-03,3130.3500,3149.5000,3085.2000,3105.3000,343368
2024-07-02,3133.8000,3150.0000,3113.3500,3132.3000,314216
2024-07-01,3129.9500,3157.5500,3110.4000,3120.3500,375212
2024-06-28,3060.9500,3161.4500,3060.9500,3131.8500,2065782
2024-06-27,3021.5000,3075.0000,3012.1000,3061.1000,662220
2024-06-26,2899.9500,3037.0000,2890.1500,3027.4000,1445392
2024-06-25,2895.0000,2912.1000,2883.4000,2908.5000,419452
2024-06-24,2892.0000,2899.0000,2874.4000,2883.0000,125386
2024-06-21,2943.4000,2949.0500,2880.5000,2906.8000,1794940
2024-06-20,2929.9500,2964.9000,2900.7000,2946.4000,198244
2024-06-19,2971.4000,2975.2000,2911.2500,2917.2000,195016
2024-06-18,2970.2000,2974.0000,2941.2000,2961.4000,216044
2024-06-14,2936.1000,2958.7000,2913.4000,2954.5500,372690
2024-06-13,2946.0000,2946.0000,2920.5500,2928.6500,115126
2024-06-12,2913.5000,2952.0000,2911.0000,2926.0500,345148
2024-06-11,2949.9500,2949.9500,2910.0000,2913.5000,251936
2024-06-10,2943.7500,2986.5500,2935.5500,2940.6000,174132
2024-06-07,2858.0000,2944.5000,2852.9500,2939.4500,1904410
2024-06-06,2869.0000,2886.0000,2843.0000,2863.7500,510756
2024-06-05,2848.9500,2861.3500,2768.0500,2842.1500,360172
2024-06-04,3007.9500,3007.9500,2719.1500,2793.6000,2070856
2024-06-03,2974.9000,3029.9000,2918.0000,3021.2500,630462
2024-05-31,2864.6500,2884.2000,2843.2500,2859.6000,1594572
2024-05-30,2884.0000,2884.0000,2841.5000,2850.0000,108264
2024-05-29,2897.0000,2916.1000,2877.0000,2881.4500,130162
2024-05-28,2941.9500,2957.0000,2905.4000,2911.2500,232640
2024-05-27,2960.8000,2967.4500,2924.0000,2932.4500,269142
2024-05-24,2966.0000,2977.0000,2951.2000,2959.8000,913194
2024-05-23,2918.3000,2983.5500,2912.0000,2973.2000,394112
2024-05-22,2872.9000,2936.8000,2872.9000,2920.7500,221684
2024-05-21,2859.0000,2883.0000,2852.9000,2871.3000,261814
2024-05-17,2842.3500,2874.8500,2826.0000,2870.7000,830714
2024-05-16,2835.0000,2854.3000,2796.6000,2850.2000,142242
2024-05-15,2845.0000,2859.4000,2825.5000,2831.1500,103644
2024-05-14,2805.0000,2854.0500,2800.0000,2839.8000,275234
2024-05-13,2798.0500,2813.1500,2768.0500,2805.3000,263134
2024-05-10,2790.1500,2821.3500,2775.2000,2815.1500,765576
2024-05-09,2859.0000,2859.0000,2780.0000,2786.8000,212694
2024-05-08,2795.0000,2866.9500,2795.0000,2836.9500,557738
2024-05-07,2832.0000,2840.7500,2785.0000,2803.9500,339140
2024-05-06,2875.0000,2881.4500,2836.2500,2839.0000,286808
2024-05-03,2938.5500,2949.1000,2832.7000,2868.5000,687108
2024-05-02,2945.3500,2953.9000,2927.6500,2932.1000,249570
2024-04-30,2930.9000,2965.0000,2927.0000,2931.1500,474192
2024-04-29,2902.9500,2935.5500,2900.1000,2930.5000,389292
2024-04-26,2925.1500,2930.0000,2900.0000,2903.0000,901160
2024-04-25,2888.0000,2935.0000,2885.2000,2918.4000,385948
2024-04-24,2922.3000,2936.6500,2898.7000,2900.6000,156772
2024-04-23,2968.5500,2986.0500,2912.5000,2918.5000,546866
2024-04-22,2950.0000,2964.3000,2936.6000,2960.6000,351966
2024-04-19,2918.9500,2947.0000,2886.7500,2941.6000,1061950
2024-04-18,2929.0000,2971.5000,2919.0000,2928.1500,411428
2024-04-16,2909.9500,2942.0000,2902.1000,2934.4500,314104
2024-04-15,2908.6500,2964.5000,2893.1500,2932.9000,603980
2024-04-12,2955.0000,2973.0000,2925.7000,2935.1000,1355896
2024-04-10,2949.9500,2974.0000,2934.5500,2958.6000,328710
2024-04-09,2975.0000,2978.7500,2925.0000,2927.1000,119766
2024-04-08,2923.4000,2980.5000,2923.4000,2971.0000,296784
2024-04-05,2928.0000,2941.5000,2911.9000,2919.9500,862624
2024-04-04,2958.5500,2958.5500,2900.5000,2926.4500,209180
2024-04-03,2966.9000,2966.9000,2938.0000,2942.4000,254218
2024-04-02,2969.5000,2987.9000,2950.0000,2971.3000,237050
2024-04-01,2985.0000,2988.5000,2965.0000,2969.5000,458710
2024-03-28,2994.3500,3011.2500,2959.0000,2976.8000,844526
2024-03-27,2899.6500,2999.9000,2897.9000,2987.8500,942050
2024-03-26,2888.6000,2905.2500,2877.0000,2884.1500,1887730
2024-03-22,2897.0500,2920.0000,2895.3500,2909.9000,1124968
2024-03-21,2891.4000,2915.0000,2889.6500,2901.3000,154182
2024-03-20,2851.0500,2890.2000,2848.0500,2886.8000,305812
2024-03-19,2865.6000,2873.6000,2835.0000,2850.7500,256412
2024-03-18,2837.2000,2883.0000,2833.6500,2878.3500,292820
2024-03-15,2854.9500,2866.4500,2826.9000,2837.2500,792002
2024-03-14,2865.0000,2897.3500,2851.0000,2865.2500,325274
2024-03-13,2955.4500,2965.9500,2855.8500,2864.7000,195914
2024-03-12,2932.0000,2976.3000,2932.0000,2950.2000,167000
2024-03-11,2984.7000,2984.7000,2927.3500,2931.2000,223174
2024-03-07,3002.1500,3005.9000,2951.2500,2958.1000,774104
2024-03-06,2989.4500,3019.0000,2957.0000,3005.9500,220042
2024-03-05,3011.7000,3011.7000,2973.0000,2998.3000,141856
2024-03-04,2981.0000,3024.8000,2975.0500,3011.6000,279590
2024-03-01,2916.7000,2999.0000,2916.7000,2986.0000,1088814
2024-02-29,2931.0500,2958.0000,2909.5500,2924.7500,384752
2024-02-28,2964.9000,2982.0000,2900.5500,2909.0000,128666
2024-02-27,2968.8000,2999.8500,2956.0000,2970.4000,166422
2024-02-26,2989.7500,2989.7500,2964.5500,2974.3500,81748
2024-02-23,2971.4000,2996.1500,2965.2500,2986.3500,1306002
2024-02-22,2937.9500,2969.1000,2916.0000,2963.3500,425194
2024-02-21,2943.8500,2977.0000,2916.1500,2938.2000,206810
2024-02-20,2949.9000,2949.9000,2924.0000,2940.7500,208860
2024-02-19,2921.3500,2958.8000,2907.5500,2946.1500,326882
2024-02-16,2945.0500,2953.3000,2917.3500,2921.3500,1085862
2024-02-15,2963.4000,2968.4000,2932.9000,2941.9000,163762
2024-02-14,2911.4000,2966.6000,2911.4000,2962.6000,245414
2024-02-13,2910.4000,2957.8000,2909.4000,2928.9500,645804
2024-02-12,2922.3000,2922.3500,2885.0000,2902.9500,294412
2024-02-09,2905.0000,2944.1500,2902.6000,2922.3000,1624342
2024-02-08,2895.6000,2919.7500,2856.7000,2902.9500,197698
2024-02-07,2870.0000,2898.0000,2858.4500,2883.4000,641024
2024-02-06,2887.4000,2887.4000,2840.8000,2856.8000,230162
2024-02-05,2921.2000,2940.0000,2864.0000,2877.0500,256144
2024-02-02,2864.4500,2949.9000,2864.4500,2914.7500,1307244
2024-02-01,2871.2000,2885.2500,2836.7000,2852.7000,176548
2024-01-31,2811.4500,2869.4500,2804.9500,2853.2000,217408
2024-01-30,2905.4000,2917.9500,2808.7500,2814.8500,606696
2024-01-29,2713.2000,2905.0000,2713.2000,2896.1500,1647900
2024-01-25,2684.5000,2725.0000,2670.0500,2710.3500,4822230
2024-01-24,2660.0000,2699.0000,2649.0000,2688.7000,546122
2024-01-23,2732.1500,2742.7500,2645.0000,2656.0000,204594
2024-01-19,2753.0000,2753.0000,2716.8500,2735.0500,966014
2024-01-18,2700.0000,2742.0000,2700.0000,2734.9000,317964
2024-01-17,2729.8500,2772.0000,2711.0000,2722.8000,231724
2024-01-16,2781.8500,2792.5000,2741.0000,2747.6500,307608
2024-01-15,2746.9000,2792.6500,2732.0000,2787.5000,243454
2024-01-12,2718.4000,2746.4500,2691.5500,2740.1000,1213012
2024-01-11,2655.7000,2724.9500,2655.7000,2718.4000,688390
2024-01-10,2580.6000,2658.9500,2577.3000,2649.9500,916002
2024-01-09,2597.3500,2607.0500,2576.2500,2580.6000,280844
2024-01-08,2612.4000,2632.0000,2568.3000,2586.1000,175002
2024-01-05,2600.1500,2619.4500,2597.9500,2606.7500,931030
2024-01-04,2589.4000,2609.7500,2580.0000,2597.4000,325168
2024-01-03,2608.1000,2634.0000,2577.1500,2582.9500,215002
2024-01-02,2587.6500,2614.9000,2573.5000,2610.9000,172372
2024-01-01,2581.0500,2606.0000,2573.5500,2589.8500,135282
2023-12-29,2608.0500,2614.8000,2579.1500,2584.8500,1696896
2023-12-28,2587.0000,2611.3500,2587.0000,2605.8000,367620
2023-12-27,2578.5000,2599.3500,2572.2500,2586.3500,207612
2023-12-26,2570.0000,2592.9000,2563.0000,2577.5000,180568
2023-12-22,2562.2000,2580.5500,2548.0000,2564.7000,1049116
2023-12-21,2510.4500,2572.5000,2510.4500,2562.2000,729590
2023-12-20,2560.3000,2597.8500,2520.0000,2527.3500,1298818
2023-12-19,2537.7000,2573.0000,2525.8500,2558.4500,468758
2023-12-18,2494.2000,2534.4000,2491.0500,2519.9500,392356
2023-12-15,2472.1500,2499.9500,2469.0500,2495.2000,1363156
2023-12-14,2453.0000,2475.0000,2442.7000,2464.5000,7295432
2023-12-13,2427.7500,2438.0000,2406.3000,2433.4000,274592
2023-12-12,2458.0000,2464.9000,2420.2500,2423.9500,196210
2023-12-11,2452.1500,2467.4000,2452.1500,2459.0500,339030
2023-12-08,2461.2000,2475.7000,2444.5000,2456.2000,2214218
2023-12-07,2460.7000,2461.0500,2442.0000,2457.6000,5782970
2023-12-06,2443.2500,2473.6000,2440.3000,2460.7000,260700
2023-12-05,2433.0000,2440.5000,2421.3500,2437.5500,781640
2023-12-04,2440.0500,2445.0000,2395.0000,2421.0000,12956730
2023-12-01,2381.0000,2396.9000,2380.0000,2393.4500,5661114
2023-11-30,2398.0000,2400.5000,2371.2500,2376.4000,8752268
2023-11-29,2405.1500,2411.7500,2398.2500,2400.5000,647564
2023-11-28,2393.0000,2398.8000,2375.0000,2394.5500,706244
2023-11-24,2390.2000,2402.4000,2390.2000,2394.3000,1169720
2023-11-23,2387.7500,2401.2500,2387.7500,2395.1500,455050
2023-11-22,2372.7000,2394.7500,2372.4000,2387.7500,126484
2023-11-21,2362.0500,2387.6500,2359.4000,2378.5000,152016
2023-11-20,2349.0000,2358.0000,2336.8500,2349.3000,327648
2023-11-17,2357.3500,2373.0000,2353.0000,2355.8500,1146200
2023-11-16,2349.9500,2373.7000,2346.8000,2363.3500,871212
2023-11-15,2335.5000,2362.3500,2326.8000,2356.9000,209078
2023-11-13,2325.0000,2325.0000,2311.6500,2314.3000,255768
2023-11-10,2308.0000,2317.0000,2298.1500,2314.3000,999592
2023-11-09,2330.5500,2336.5500,2305.0000,2310.6500,423200
2023-11-08,2333.7000,2341.0000,2322.6000,2336.6000,635526
2023-11-07,2337.7500,2339.4500,2320.0000,2324.2000,410732
2023-11-06,2334.9500,2340.0000,2326.0500,2339.0500,653916
2023-11-03,2328.6500,2335.0000,2314.9000,2319.0500,1626662
2023-11-02,2309.0000,2324.0000,2306.5000,2319.8500,169218
2023-11-01,2289.9000,2317.5000,2275.2500,2296.6500,526194
2023-10-31,2332.9500,2332.9500,2282.8000,2288.5500,293678
2023-10-30,2283.9500,2324.6000,2272.0000,2311.3500,543498
2023-10-27,2242.0000,2274.0500,2236.0500,2265.2500,1586372
2023-10-26,2257.9500,2258.0000,2221.0500,2226.2000,1364998
2023-10-25,2252.9500,2281.5000,2242.4000,2258.0000,434962
2023-10-23,2292.0000,2306.7000,2254.2500,2262.6500,500930
2023-10-20,2302.4500,2314.8000,2296.0500,2299.1500,949106
2023-10-19,2314.9500,2321.4000,2301.5500,2305.5500,1180672
2023-10-18,2355.2500,2367.1500,2320.2000,2323.6000,521674
2023-10-17,2352.4500,2360.0000,2342.0000,2355.6000,271286
2023-10-16,2348.0000,2354.0000,2336.0000,2342.9000,417654
2023-10-13,2342.9000,2358.0000,2330.0000,2350.7000,1373428
2023-10-12,2347.6500,2359.0000,2338.0500,2348.8500,616010
2023-10-11,2314.9000,2349.5000,2314.0000,2345.0000,2768192
2023-10-10,2305.0500,2317.9000,2303.4500,2308.5500,175596
2023-10-09,2309.9500,2312.5500,2295.0000,2297.7500,192704
2023-10-06,2322.9500,2325.0000,2312.0000,2317.9000,712234
2023-10-05,2325.0000,2329.0000,2310.0000,2313.8500,389904
2023-10-04,2312.0000,2318.7000,2295.1500,2314.3000,538410
2023-10-03,2337.0000,2337.0000,2316.0000,2318.2500,533780
2023-09-29,2347.9500,2369.5000,2334.1000,2346.5000,304338
2023-09-28,2384.0000,2384.0000,2325.6500,2334.0000,629366
2023-09-27,2349.0000,2371.7000,2339.0000,2369.1000,496260
2023-09-26,2343.7000,2350.0000,2336.1000,2341.5500,278192
2023-09-25,2353.8500,2359.9000,2335.8000,2340.0500,382302
2023-09-22,2368.1500,2383.6500,2350.0000,2354.0500,735120
2023-09-21,2379.9500,2390.0000,2359.0000,2364.5500,716226
2023-09-20,2422.9500,2426.4000,2361.6000,2382.1000,5066954
2023-09-18,2442.0000,2451.5500,2432.6000,2436.0000,278662
2023-09-15,2466.0500,2467.1000,2449.6000,2460.0500,252974
2023-09-14,2456.3500,2465.0000,2445.0000,2451.1000,462886
2023-09-13,2443.5500,2462.5000,2415.6000,2452.7500,285892
2023-09-12,2489.7000,2489.7000,2435.2000,2437.9500,314114
2023-09-11,2455.9500,2476.0000,2452.0500,2474.4000,733192
2023-09-08,2436.4000,2455.6500,2423.4000,2449.0500,890656
2023-09-07,2425.8500,2438.0000,2411.4000,2431.5000,202216
2023-09-06,2422.9500,2436.0000,2418.0000,2428.1000,350500
2023-09-05,2418.2500,2433.9500,2411.0000,2423.9500,403438
2023-09-04,2410.0500,2423.0000,2406.0000,2410.1500,487826
2023-09-01,2408.0000,2425.7000,2401.3000,2413.0500,1446414
2023-08-31,2420.0500,2425.9000,2400.0000,2406.9000,483982
2023-08-30,2430.3000,2443.2500,2415.0500,2418.3000,1847756
2023-08-29,2447.0000,2452.1500,2408.4500,2420.2500,440308
2023-08-28,2474.0000,2483.5000,2432.0000,2442.5500,698806
2023-08-25,2454.0000,2505.0000,2443.9500,2469.9500,2425806
2023-08-24,2542.0000,2542.0000,2471.6000,2478.6500,605208
2023-08-23,2527.9500,2542.4000,2518.0500,2523.1500,314658
2023-08-22,2518.2500,2537.4500,2498.5500,2519.0000,231980
2023-08-21,2531.0000,2554.9000,2513.5500,2518.2500,312152
2023-08-18,2532.0000,2577.0000,2508.5000,2556.7000,2288622
2023-08-17,2568.0000,2577.9500,2532.2000,2537.7500,279228
2023-08-16,2556.6500,2582.1500,2550.6500,2574.9000,175742
2023-08-14,2533.0500,2582.0000,2524.2000,2576.7500,815800
2023-08-11,2535.4500,2558.3000,2512.1000,2548.0000,594940
2023-08-10,2527.0000,2550.0000,2508.8000,2535.6500,401654
2023-08-09,2507.0000,2529.4000,2481.0000,2523.5500,425596
2023-08-08,2525.3000,2534.6000,2499.4500,2505.6500,303510
2023-08-07,2515.0000,2528.3500,2505.0500,2523.4500,586260
2023-08-04,2485.0000,2517.2000,2472.0000,2510.1500,1419590
2023-08-03,2471.4500,2499.9000,2458.0000,2474.9500,421894
2023-08-02,2500.0000,2511.8000,2463.2000,2486.3500,368980
2023-08-01,2547.8500,2559.0000,2505.9000,2512.6500,340426
2023-07-31,2527.9000,2553.6500,2518.7500,2547.8500,170040
2023-07-28,2509.0500,2541.9000,2501.0000,2527.6000,1289934
2023-07-27,2529.0000,2538.0000,2491.4500,2506.3000,202278
2023-07-26,2480.1000,2547.2500,2480.1000,2525.7000,265918
2023-07-25,2491.5000,2505.0000,2480.0500,2484.7000,398476
2023-07-24,2484.0000,2514.8000,2469.5500,2487.5500,456610
2023-07-21,2603.0000,2613.8000,2523.3500,2536.2000,1793976
2023-07-20,2589.0000,2632.0000,2582.0000,2619.8000,801360
2023-07-19,2581.7070,2602.6743,2549.2990,2589.0000,1564670
2023-07-18,2563.5202,2587.1768,2547.0655,2572.9555,728888
2023-07-17,2503.9459,2567.1211,2487.4000,2549.2534,907280
2023-07-14,2507.9114,2516.7997,2483.0242,2496.8352,998646
2023-07-13,2535.1233,2552.4896,2495.7869,2500.7096,523146
2023-07-12,2525.0499,2554.5408,2517.8937,2521.7225,650442
2023-07-11,2507.1365,2525.0499,2496.4706,2519.9904,1054808
2023-07-10,2448.6106,2511.5123,2436.5316,2493.4167,2221140
2023-07-07,2400.1124,2429.4665,2395.1896,2402.5282,1153536
2023-07-06,2348.3324,2410.5960,2348.3324,2405.1719,1238818
2023-07-05,2370.7127,2373.8577,2348.0589,2356.3546,123536
2023-07-04,2389.3553,2394.3692,2345.8254,2359.4997,379646
2023-07-03,2327.5475,2390.2669,2327.5475,2384.0679,1034428
2023-06-30,2315.5597,2330.7381,2309.1327,2325.2684,579648
2023-06-28,2293.6352,2313.0071,2276.9526,2305.8053,343242
2023-06-27,2279.9609,2288.1655,2266.6513,2275.2205,297844
2023-06-26,2282.6958,2293.5440,2269.2494,2273.7619,395564
2023-06-23,2306.3979,2308.9504,2289.1683,2292.9515,579992
2023-06-22,2335.2962,2345.5064,2308.4490,2311.5030,123240
2023-06-21,2330.4191,2342.0422,2322.7615,2337.0283,289420
2023-06-20,2325.0861,2337.3930,2310.9560,2321.6675,342718
2023-06-19,2353.9844,2355.6254,2318.6136,2325.9977,331132
2023-06-16,2329.7354,2352.8905,2329.7354,2347.7854,301130
2023-06-15,2321.9410,2335.4786,2311.1383,2326.0433,568880
2023-06-14,2295.5040,2329.1884,2294.1822,2327.0005,393474
2023-06-13,2270.6168,2300.2900,2266.5145,2297.6463,411018
2023-06-12,2258.9937,2269.0215,2247.2338,2263.6429,151098
2023-06-09,2274.5368,2286.4334,2259.0392,2262.5490,339280
2023-06-08,2281.2372,2293.6352,2270.8447,2278.8670,272972
2023-06-07,2266.3778,2278.6391,2253.8430,2276.8158,422682
2023-06-06,2262.0020,2270.0243,2244.9091,2261.0448,231094
2023-06-05,2247.2338,2264.1899,2240.8524,2257.8997,238058
2023-06-02,2256.2588,2263.3694,2234.4255,2237.9808,202448
2023-06-01,2258.9937,2264.8736,2240.7157,2244.4533,480548
2023-05-31,2285.3851,2287.2083,2244.1343,2255.9853,410152
2023-05-30,2297.2817,2313.1895,2291.7208,2296.7347,292886
2023-05-29,2296.3701,2306.3979,2285.3851,2297.0994,832422
2023-05-26,2236.7501,2288.1655,2232.6934,2285.0204,522242
2023-05-25,2218.4266,2232.0553,2202.1998,2223.0303,372388
2023-05-24,2230.3688,2245.3194,2218.2443,2221.6628,308638
2023-05-23,2247.1426,2250.1054,2235.1548,2237.2060,174994
2023-05-22,2215.2359,2247.1426,2215.2359,2237.5706,288272
2023-05-19,2217.6973,2229.5939,2205.7095,2226.9046,109760
2023-05-18,2237.8441,2239.0292,2213.4127,2218.7457,113646
2023-05-17,2242.9036,2245.9575,2214.5066,2223.2582,316596
2023-05-16,2275.4028,2277.2261,2234.3799,2236.9780,166596
2023-05-15,2266.2866,2282.4679,2254.0709,2268.2466,135256
2023-05-12,2258.0820,2268.1099,2239.4394,2264.5545,122854
2023-05-11,2278.5935,2287.2539,2255.1649,2259.2671,197700
2023-05-10,2265.9220,2278.9581,2262.1843,2275.6763,198166
2023-05-09,2256.2588,2267.1527,2245.7752,2260.0420,130440
2023-05-08,2234.3343,2264.0076,2228.7735,2252.9314,185192
2023-05-05,2227.9986,2244.1343,2220.4777,2225.5372,162966
2023-05-04,2209.2192,2235.5195,2200.8779,2231.4627,176872
2023-05-03,2230.7335,2230.7335,2200.0574,2205.9374,178778
2023-05-02,2224.3521,2229.8218,2214.0964,2225.3093,291696
2023-04-28,2169.5182,2209.7662,2169.4726,2206.3020,789944
2023-04-27,2155.9806,2172.3898,2155.0690,2167.3759,171544
2023-04-26,2169.4726,2171.0224,2145.8161,2153.2914,291240
2023-04-25,2159.4448,2170.5665,2142.6254,2165.1880,184698
2023-04-24,2155.9806,2172.2986,2141.1212,2148.8244,507358
2023-04-21,2140.5287,2152.1974,2131.3669,2141.3036,198768
2023-04-20,2142.4887,2150.5109,2126.8088,2138.3864,280394
2023-04-19,2130.4553,2149.5993,2126.1251,2143.8105,192174
2023-04-18,2161.1769,2166.0996,2120.4275,2133.2357,303610
2023-04-17,2201.5616,2201.5616,2141.5770,2157.6215,588864
2023-04-13,2142.3063,2156.8011,2135.1501,2147.4570,424136
2023-04-12,2129.8171,2158.9434,2124.1195,2139.0245,396328
2023-04-11,2124.0739,2134.1018,2118.6042,2129.8171,210020
2023-04-10,2138.6599,2142.6710,2116.6898,2119.1512,187190
2023-04-06,2114.9577,2146.4086,2113.1801,2134.1018,289284
2023-04-05,2134.7855,2139.2068,2104.4741,2119.9717,516000
2023-04-03,2137.8394,2141.5315,2110.3996,2125.6693,428430
2023-03-31,2056.6141,2135.9250,2055.2922,2125.0311,1234338
2023-03-29,2043.7602,2046.5863,2015.8191,2037.6980,318062
2023-03-28,2043.1677,2056.6141,2039.7491,2049.2755,227436
2023-03-27,2019.6935,2054.7908,2006.0192,2039.7491,630892
2023-03-24,2048.9565,2051.1444,2003.7401,2008.7540,356432
2023-03-23,2069.3768,2069.3768,2045.4467,2048.9109,416894
2023-03-22,2078.5841,2088.7943,2069.3768,2075.4390,461434
2023-03-21,2025.6190,2072.8865,2021.9725,2069.4223,883492
2023-03-20,2026.5306,2026.5306,1987.3310,2007.0220,451494
2023-03-17,2050.2327,2052.5574,2017.3233,2026.5762,732562
2023-03-16,2039.3389,2055.6569,2007.6601,2029.3111,507464
2023-03-15,2082.9599,2095.8137,2031.0887,2039.1566,845474
2023-03-14,2079.5413,2101.2835,2069.0577,2075.3023,658652
2023-03-13,2122.2507,2136.8366,2073.9349,2082.9599,661936
2023-03-10,2136.1985,2136.1985,2110.5820,2117.8293,674612
2023-03-09,2206.0286,2206.0286,2147.9128,2151.5593,599238
2023-03-08,2188.9813,2206.1197,2175.5349,2203.8863,199564
2023-03-06,2183.3292,2210.2220,2183.3292,2194.9980,337694
2023-03-03,2136.8366,2181.5060,2134.0106,2174.2586,533898
2023-03-02,2124.9856,2143.0356,2116.5075,2122.1140,179944
2023-03-01,2135.1957,2138.2040,2118.1940,2136.1529,367448
2023-02-28,2165.0968,2165.0968,2110.1717,2116.7354,600470
2023-02-27,2168.3787,2177.8595,2144.5398,2159.7183,494908
2023-02-24,2165.0968,2183.8762,2159.3080,2174.9423,499300
2023-02-23,2166.0085,2183.2836,2152.7900,2158.3053,531688
2023-02-22,2213.4127,2215.2359,2166.0540,2168.7433,577274
2023-02-21,2207.0313,2229.8218,2199.2370,2219.3382,335548
2023-02-20,2224.7168,2232.9669,2197.3226,2201.8351,442830
2023-02-17,2210.6322,2230.6423,2197.5505,2224.2154,211872
2023-02-16,2233.4683,2245.3194,2210.6778,2214.9168,554736
2023-02-15,2176.7656,2221.6173,2165.0968,2215.3271,734144
2023-02-14,2119.6982,2170.5665,2118.6042,2167.2847,249626
2023-02-13,2131.0023,2142.3063,2109.5336,2117.4647,159672
2023-02-10,2148.6877,2148.6877,2116.4163,2129.8627,254636
2023-02-09,2149.0067,2161.2680,2127.7660,2147.2291,177704
2023-02-08,2107.0267,2151.0579,2103.2434,2143.9473,537700
2023-02-07,2107.6648,2121.3391,2090.4352,2102.1039,450188
2023-02-06,2119.5158,2119.5158,2102.8788,2107.2090,412526
2023-02-03,2137.7482,2140.3919,2090.5263,2123.2079,297608
2023-02-02,2119.5158,2140.2096,2107.0722,2121.1568,208362
2023-02-01,2169.6549,2170.4754,2101.2835,2131.4125,1147338
2023-01-31,2174.2130,2175.2158,2134.7399,2145.8617,200592
2023-01-30,2131.1390,2159.9918,2097.7737,2143.4914,2784388
2023-01-27,2171.4326,2176.9935,2107.7560,2131.1390,905164
2023-01-25,2197.0035,2201.3793,2170.5665,2172.3442,207828
2023-01-24,2217.5150,2227.9074,2177.5404,2201.6984,698698
2023-01-23,2233.4683,2248.0542,2211.5894,2214.8713,427720
2023-01-20,2262.3667,2262.3667,2222.6200,2226.8135,348024
2023-01-19,2255.5295,2261.6829,2240.3055,2252.7035,403116
2023-01-18,2259.9053,2271.3005,2242.9947,2255.8942,253628
2023-01-17,2236.3399,2264.0076,2235.2915,2259.4951,373940
2023-01-16,2256.1676,2260.5890,2220.7512,2228.6367,280012
2023-01-13,2250.4244,2254.6179,2219.6117,2249.2849,497964
2023-01-12,2301.8398,2308.1300,2247.7352,2253.6151,370686
2023-01-11,2329.3707,2332.1056,2299.1049,2302.2956,255590
2023-01-10,2373.9033,2374.7694,2321.0294,2331.8777,305284
2023-01-09,2318.8871,2371.8522,2314.6936,2367.0662,596984
2023-01-06,2305.4863,2322.3512,2296.0510,2313.0071,227188
2023-01-05,2301.8398,2311.8676,2282.9237,2291.3562,287814
2023-01-04,2332.8349,2333.3818,2292.5868,2295.5952,345852
2023-01-03,2340.7660,2345.5975,2322.8526,2331.0116,272248
2023-01-02,2330.9205,2351.9789,2322.9894,2347.5575,349224
2022-12-30,2321.8954,2349.1529,2317.8387,2322.9894,154940
2022-12-29,2308.2667,2323.7187,2303.2072,2317.8387,314458
2022-12-28,2311.7764,2324.5391,2298.4212,2319.5708,337850
2022-12-27,2305.4863,2323.5363,2292.1310,2320.1178,369674
2022-12-26,2291.5385,2317.3829,2273.5340,2301.3840,190764
2022-12-23,2337.3930,2360.8672,2272.6680,2280.4623,614294
2022-12-22,2365.8355,2376.2735,2339.1250,2350.0645,186212
2022-12-21,2390.2669,2400.8417,2348.6515,2355.9900,155018
2022-12-20,2364.6960,2393.9134,2339.7632,2389.4920,258196
2022-12-19,2355.5798,2373.1740,2340.7660,2370.2113,135242
2022-12-16,2342.8627,2387.5320,2332.0144,2338.3957,339020
2022-12-15,2378.8717,2383.7944,2343.7743,2350.8393,190430
2022-12-14,2398.6538,2406.2202,2380.2391,2383.7944,84904
2022-12-13,2385.7088,2400.4770,2376.3647,2392.2725,130740
2022-12-12,2361.0951,2391.1785,2356.5370,2381.3786,235382
2022-12-09,2414.7895,2425.4554,2372.1713,2378.5070,311784
2022-12-08,2429.9224,2429.9224,2406.7216,2415.3364,187070
2022-12-07,2449.3399,2456.2226,2409.4109,2415.7011,232258
2022-12-06,2424.9085,2458.6384,2424.9085,2450.6617,395478
2022-12-05,2479.5601,2479.5601,2441.6367,2445.7390,417396
2022-12-02,2485.3033,2504.8119,2462.2849,2482.0214,229006
2022-12-01,2494.1915,2511.2388,2475.9592,2482.2949,490774
2022-11-30,2475.0475,2501.1199,2460.5528,2490.9097,233042
2022-11-29,2465.1109,2489.1776,2455.3565,2471.4466,451318
2022-11-28,2371.4420,2481.0642,2356.5370,2468.7118,717822
2022-11-25,2354.7593,2392.2269,2353.2096,2385.7544,456980
2022-11-24,2339.2162,2362.9183,2323.1261,2354.3035,202046
2022-11-23,2351.0673,2351.0673,2326.5903,2330.5102,376340
2022-11-22,2319.3885,2341.0394,2312.6881,2337.6664,403652
2022-11-21,2356.5370,2360.4569,2318.2489,2324.6759,208508
2022-11-18,2375.6810,2378.2791,2344.6859,2367.9778,276286
2022-11-17,2357.4486,2382.0623,2353.2096,2371.3964,363028
2022-11-16,2373.8577,2383.9311,2353.0728,2362.7816,232956
2022-11-15,2386.6660,2395.5087,2361.1407,2376.3191,807942
2022-11-14,2393.0018,2409.0918,2375.2708,2386.5748,9502006
2022-11-11,2369.0262,2402.1180,2358.5881,2398.7905,805388
2022-11-10,2356.5370,2367.4308,2336.4813,2346.9194,480322
2022-11-09,2375.6810,2389.8111,2362.3258,2372.9461,370560
2022-11-07,2362.9183,2379.2363,2346.5092,2375.8177,336836
2022-11-04,2322.8070,2365.8811,2322.8070,2363.3285,591072
2022-11-03,2302.8882,2333.7465,2302.8882,2330.0544,426608
2022-11-02,2304.8937,2324.8582,2292.0399,2320.4368,238914
2022-11-01,2353.8021,2359.6821,2286.3423,2306.1700,390686
2022-10-31,2310.9560,2334.2023,2309.2239,2324.2201,477266
2022-10-28,2245.3649,2310.0444,2242.7668,2302.7514,501798
2022-10-27,2238.9380,2249.8775,2218.1531,2233.5595,481086
2022-10-25,2277.2261,2277.3628,2222.1186,2226.0386,5352588
2022-10-21,2285.4306,2294.0910,2248.9658,2253.4784,457684
2022-10-20,2259.0392,2296.3701,2259.0392,2279.8698,536774
2022-10-19,2235.4283,2303.6630,2226.0842,2275.8586,608000
2022-10-18,2206.1197,2245.3194,2206.1197,2233.9697,550352
2022-10-17,2146.5910,2200.4221,2136.4720,2197.0035,624018
2022-10-14,2198.8268,2202.5188,2159.0346,2161.4504,338836
2022-10-13,2165.8261,2182.5999,2152.3342,2173.1647,179298
2022-10-12,2146.8189,2170.3842,2138.2496,2165.1424,184000
2022-10-11,2198.1430,2198.8268,2143.2180,2148.9156,7925042
2022-10-10,2196.1375,2204.0230,2176.9479,2193.1291,277850
2022-10-07,2204.2965,2227.9074,2200.5133,2218.1987,303470
2022-10-06,2220.7056,2233.4683,2204.6611,2208.5355,180962
2022-10-04,2186.4743,2204.2053,2179.0902,2199.7840,310710
2022-10-03,2185.1525,2203.3393,2154.6132,2164.4587,457996
2022-09-30,2113.1345,2188.9357,2110.3996,2167.5582,502780
2022-09-29,2149.5993,2158.4876,2109.0778,2119.7893,382498
2022-09-28,2156.0718,2168.1963,2122.1140,2125.9883,498150
2022-09-27,2183.3292,2211.3615,2151.5593,2183.6939,840566
2022-09-26,2191.5338,2203.9774,2165.5526,2167.3759,261878
2022-09-23,2265.8308,2274.5368,2219.9763,2223.7596,221250
2022-09-22,2263.4606,2281.4651,2254.0253,2266.1955,176794
2022-09-21,2280.7358,2310.0444,2275.1293,2287.4818,149714
2022-09-20,2301.8398,2312.9615,2275.2661,2280.9181,186846
2022-09-19,2278.3200,2299.0138,2262.2755,2281.1916,5926262
2022-09-16,2323.7187,2327.9121,2271.0726,2278.4112,421170
2022-09-15,2357.4486,2372.3080,2331.0116,2335.3418,360792
2022-09-14,2338.3046,2378.8717,2338.3046,2359.0895,514576
2022-09-13,2383.8856,2396.2380,2371.1229,2388.5804,446110
2022-09-12,2346.2357,2380.6037,2344.6859,2368.0234,304254
2022-09-09,2376.1824,2376.4559,2338.3046,2341.5864,331676
2022-09-08,2361.0951,2367.4764,2343.7743,2356.7193,328760
2022-09-07,2351.7054,2365.1974,2341.9966,2353.0272,383248
2022-09-06,2342.4980,2375.2252,2342.4980,2366.0178,753428
2022-09-05,2306.3979,2352.8905,2306.3979,2343.0906,238588
2022-09-02,2338.3046,2346.5092,2301.8398,2306.2156,533714
2022-09-01,2360.2746,2375.6354,2326.4535,2333.9288,2298426
2022-08-30,2389.9934,2412.1002,2349.3808,2405.8556,594586
2022-08-29,2342.8627,2418.8006,2342.8627,2367.2941,1008332
2022-08-26,2404.8528,2413.8779,2377.5042,2387.3041,370472
2022-08-25,2416.7039,2427.0052,2390.2669,2398.0157,173270
2022-08-24,2404.3058,2432.6572,2403.0296,2405.8100,300556
2022-08-23,2357.4486,2417.6155,2357.4486,2413.5132,451070
2022-08-22,2384.7972,2398.0613,2357.6309,2376.3191,335046
2022-08-19,2419.4843,2425.8201,2375.0429,2382.6093,272006
2022-08-18,2428.0535,2432.6572,2406.9040,2425.5010,362964
2022-08-17,2425.4098,2440.9530,2421.2620,2428.9652,228424
2022-08-16,2415.6099,2421.8089,2395.5543,2416.2936,150854
2022-08-12,2357.6765,2407.5877,2353.8933,2399.9757,445110
2022-08-11,2370.2113,2383.8856,2352.7082,2361.2774,198088
2022-08-10,2344.6859,2361.0495,2331.9232,2353.7565,223450
2022-08-08,2310.9560,2355.1695,2307.9021,2339.9455,374694
2022-08-05,2349.2440,2350.1556,2304.1188,2309.9988,267168
2022-08-04,2384.7972,2386.3014,2310.9560,2344.1389,381112
2022-08-03,2367.8866,2379.3275,2340.6292,2375.4987,318982
2022-08-02,2345.4152,2376.1368,2334.2479,2354.8049,567576
2022-08-01,2290.9004,2358.3602,2286.2967,2347.5119,8637808
2022-07-29,2251.7007,2294.5468,2245.7752,2287.0260,871062
2022-07-28,2219.7940,2248.9658,2207.1225,2240.0776,605222
2022-07-27,2205.5727,2212.5011,2189.7106,2205.4360,364442
2022-07-26,2209.5839,2228.0442,2199.2370,2206.5755,522282
2022-07-25,2250.7891,2250.7891,2191.4882,2206.2565,931076
2022-07-22,2279.0493,2294.3645,2274.4912,2281.6930,789564
2022-07-21,2277.2261,2277.8186,2249.8775,2267.5629,473372
2022-07-20,2310.9560,2320.1178,2265.8764,2280.3256,1073472
2022-07-19,2197.9151,2230.7335,2188.5710,2225.4461,709822
2022-07-18,2206.1653,2210.6778,2181.9618,2208.0797,8622512
2022-07-15,2206.1197,2206.1197,2172.9368,2189.3003,210686
2022-07-14,2178.4976,2219.3382,2167.3759,2185.1069,499346
2022-07-13,2214.3243,2218.8368,2163.2736,2167.1936,370710
2022-07-12,2197.9151,2223.4405,2191.4426,2206.2565,406094
2022-07-11,2169.6549,2213.4127,2160.8122,2209.0369,1610076
2022-07-08,2201.4705,2202.3365,2172.3898,2180.1386,444820
2022-07-07,2210.4955,2218.7912,2165.1424,2176.6288,904908
2022-07-06,2210.7234,2225.4005,2176.4009,2198.7812,518682
2022-07-05,2210.6322,2246.8235,2203.9318,2218.1531,871462
2022-07-04,2177.6772,2226.0386,2157.8039,2200.6044,1786180
2022-07-01,2351.9789,2362.5992,2155.9806,2196.0463,2157672
2022-06-30,2348.3324,2384.6149,2340.4013,2364.7871,418308
2022-06-29,2283.0148,2367.3397,2279.9609,2351.1128,610070
2022-06-28,2262.7769,2310.9560,2262.7769,2305.4863,255366
2022-06-27,2323.7187,2323.7187,2262.6401,2271.7108,360810
2022-06-24,2269.9331,2289.0315,2250.1054,2279.7330,364260
2022-06-23,2297.2817,2301.7486,2229.8218,2246.7780,564190
2022-06-22,2336.4813,2336.4813,2279.9609,2283.7897,383304
2022-06-21,2326.8182,2363.5564,2305.4863,2356.1267,270470
2022-06-20,2376.5926,2386.7116,2298.2845,2318.0666,282582
2022-06-17,2308.2211,2392.5004,2308.2211,2360.4569,518582
2022-06-16,2390.2669,2423.6322,2329.1428,2333.0172,564510
2022-06-15,2379.3275,2404.3058,2356.6281,2366.8383,326232
2022-06-14,2418.5271,2434.1614,2382.8372,2395.1441,305968
2022-06-13,2419.2564,2437.0330,2385.1618,2427.4610,375988
2022-06-10,2529.1522,2543.4646,2462.8318,2474.1359,493502
2022-06-09,2469.5778,2554.3585,2469.5778,2551.2589,596092
2022-06-08,2529.9270,2536.2172,2475.5945,2483.5256,373884
2022-06-07,2519.7169,2544.3306,2510.6007,2527.4657,309638
2022-06-06,2534.8498,2565.0700,2508.3672,2522.3606,551466
2022-06-03,2504.1738,2567.4402,2497.8380,2533.8470,1273396
2022-06-02,2411.2342,2490.5451,2402.7105,2483.7079,599572
2022-06-01,2399.7022,2420.3048,2384.8883,2399.5654,295566
2022-05-31,2412.1458,2442.0013,2384.6604,2401.1152,1180168
2022-05-30,2388.2613,2436.7595,2365.5164,2428.3270,527184
2022-05-27,2367.4308,2375.2708,2314.9215,2347.6031,398606
2022-05-26,2386.6204,2401.1152,2322.5336,2358.7704,367778
2022-05-25,2399.7022,2421.0796,2371.8978,2380.3758,496060
2022-05-24,2392.0901,2404.6705,2368.3880,2384.7972,295930
2022-05-23,2397.5599,2419.2108,2363.7843,2375.6354,556692
2022-05-20,2292.7236,2409.4109,2281.7842,2390.4036,554414
2022-05-19,2251.7007,2289.0771,2248.4645,2260.0876,1457316
2022-05-18,2314.6025,2342.8627,2286.6157,2314.4201,553306
2022-05-17,2227.0870,2315.8787,2219.7940,2307.0360,673350
2022-05-16,2217.0592,2261.5006,2202.8835,2212.8657,414444
2022-05-13,2217.0592,2258.9937,2202.5188,2213.4583,580370
2022-05-12,2205.2081,2224.3521,2160.5387,2188.7534,751898
2022-05-11,2259.6318,2265.4206,2207.8518,2233.2404,539984
2022-05-10,2278.1377,2302.0677,2241.6729,2254.6635,456736
2022-05-09,2347.4208,2367.6587,2285.5218,2294.6836,789056
2022-05-06,2407.3598,2424.4982,2365.2885,2389.4920,499416
2022-05-05,2480.5173,2488.4028,2399.3831,2407.3598,710932
2022-05-04,2538.8609,2538.9977,2439.3120,2455.1286,6502106
2022-05-02,2511.9681,2557.0933,2511.9681,2534.8042,489180
2022-04-29,2602.6743,2602.6743,2532.0693,2544.1483,405854
2022-04-28,2566.2095,2598.1162,2540.0460,2570.0383,529310
2022-04-27,2515.7969,2577.2401,2513.3356,2532.3884,778720
2022-04-26,2468.6662,2548.5697,2468.6662,2530.3829,481902
2022-04-25,2497.3366,2514.5663,2428.9196,2456.6784,416592
2022-04-22,2520.6741,2553.1278,2501.3478,2514.6574,629346
2022-04-21,2515.1588,2542.3251,2492.0492,2536.2628,561642
2022-04-20,2421.0341,2492.0492,2415.7923,2478.1470,916324
2022-04-19,2328.3679,2431.2898,2325.6331,2405.2630,1090134
2022-04-18,2306.6258,2332.8804,2299.6519,2319.2973,430576
2022-04-13,2349.2440,2363.7388,2320.9838,2326.8638,313846
2022-04-12,2359.2718,2372.3992,2330.1000,2333.8832,426314
2022-04-11,2369.2996,2404.8528,2354.3947,2379.1451,419776
2022-04-08,2336.4813,2393.0018,2336.1167,2385.4809,531188
2022-04-07,2369.7555,2373.1740,2340.1278,2344.4580,489476
2022-04-06,2359.8644,2401.2519,2359.8188,2387.8511,293896
2022-04-05,2420.3504,2432.9763,2389.4920,2393.3664,224804
2022-04-04,2422.1736,2438.5827,2410.5504,2427.6889,275956
2022-04-01,2407.8612,2429.2842,2390.7227,2419.8490,169652
2022-03-31,2436.7595,2436.7595,2396.5571,2401.1608,376852
2022-03-30,2404.7617,2450.4338,2386.3925,2436.7595,309192
2022-03-29,2403.9412,2403.9412,2377.6865,2390.4036,256086
2022-03-28,2380.2391,2396.7850,2358.2690,2389.9478,684382
2022-03-25,2350.0645,2383.8856,2349.2440,2367.2029,391982
2022-03-24,2292.7236,2355.1695,2290.0343,2350.0645,655516
2022-03-23,2302.9337,2338.3046,2302.9337,2315.2406,400442
2022-03-22,2245.9575,2310.9560,2237.1148,2307.4007,608568
2022-03-21,2235.2915,2264.1899,2226.1754,2249.1026,415832
2022-03-17,2222.5289,2276.2233,2188.9357,2260.4978,572886
2022-03-16,2176.9023,2194.3142,2166.4187,2190.8501,552414
2022-03-15,2216.8768,2216.8768,2134.2841,2154.5676,825968
2022-03-14,2182.4176,2210.0853,2165.0968,2204.7979,632126
2022-03-11,2162.3620,2197.3682,2162.3620,2186.5199,584574
2022-03-10,2201.5616,2201.5616,2151.4225,2181.7339,962592
2022-03-09,2050.2327,2157.5304,2036.5129,2145.7705,861916
2022-03-08,2010.1215,2047.3156,1988.2426,2039.0198,1331860
2022-03-07,2093.0789,2107.5280,2026.2116,2041.9826,1154644
2022-03-04,2146.8644,2155.7071,2115.4591,2119.8349,412620
2022-03-03,2197.9151,2201.0602,2160.5387,2168.0140,464490
2022-03-02,2141.4859,2188.2976,2125.0767,2186.4287,597466
2022-02-28,2048.4551,2157.8039,2046.5863,2150.6021,723526
2022-02-25,2074.4818,2103.1067,2074.4818,2082.0939,469896
2022-02-24,2109.4880,2133.0534,2044.3072,2056.2494,1101070
2022-02-23,2186.6111,2193.4026,2158.6243,2164.0029,374556
2022-02-22,2144.1296,2183.9674,2139.3436,2177.1302,776214
2022-02-21,2201.4705,2221.4349,2174.2130,2188.0241,496548
2022-02-18,2219.7940,2238.9380,2207.0313,2209.9029,484682
2022-02-17,2204.2965,2237.4794,2197.4593,2228.8190,497332
2022-02-16,2213.0024,2217.1047,2184.2408,2199.1458,483666
2022-02-15,2144.1296,2209.7662,2129.4069,2203.7039,779598
2022-02-14,2096.7254,2145.9528,2096.7254,2132.0962,620496
2022-02-11,2164.1852,2173.3014,2136.7910,2166.7833,384486
2022-02-10,2185.5171,2185.5171,2155.9806,2168.7433,452108
2022-02-09,2157.8950,2175.6716,2150.1463,2173.2558,2712252
2022-02-08,2126.8088,2151.3770,2105.8415,2147.4114,3203404
2022-02-07,2131.3669,2148.5054,2101.3290,2112.8154,3287054
2022-02-04,2141.3947,2141.8961,2116.7810,2125.7149,660908
2022-02-03,2173.3014,2189.3003,2140.4831,2144.7677,272788
2022-02-02,2197.3682,2197.3682,2166.0085,2172.8456,675340
2022-02-01,2197.0035,2206.6211,2140.1640,2170.0652,4993890
2022-01-31,2146.8644,2193.6761,2146.8644,2175.4437,371178
2022-01-28,2155.9806,2162.7266,2123.1623,2128.9967,5574384
2022-01-27,2137.7482,2147.3658,2107.6648,2131.5948,771394
2022-01-25,2155.7071,2177.4949,2101.3290,2163.9117,879034
2022-01-24,2259.0848,2282.7869,2144.7677,2167.4215,1158674
2022-01-21,2233.6051,2280.8270,2233.6051,2259.0848,640284
2022-01-20,2276.3144,2289.3050,2238.0264,2259.7230,405138
2022-01-19,2303.0249,2317.0183,2287.0715,2298.5580,264982
2022-01-18,2327.3651,2336.2990,2293.1794,2298.0566,388602
2022-01-17,2315.1494,2338.3046,2314.3746,2326.7270,204102
2022-01-14,2306.3979,2339.6720,2302.5691,2314.3290,467728
2022-01-13,2300.6547,2316.3801,2287.0715,2311.2751,544388
2022-01-12,2253.9342,2301.2472,2247.5073,2297.8287,392618
2022-01-11,2216.2387,2255.4383,2216.2387,2237.9352,668500
2022-01-10,2237.0692,2239.3483,2202.9746,2222.2098,332908
2022-01-07,2220.7056,2240.4422,2198.3710,2220.6601,743220
2022-01-06,2237.1148,2237.1148,2196.0919,2203.0202,623294
2022-01-05,2242.7213,2257.4439,2217.9708,2248.0998,513542
2022-01-04,2197.0035,2244.3622,2190.6222,2240.5334,1118632
2022-01-03,2158.2597,2196.0463,2155.9351,2191.8529,545852
2021-12-31,2160.5387,2173.5749,2151.4681,2158.8522,362600
2021-12-30,2186.0641,2192.6733,2138.6599,2148.1863,791818
2021-12-29,2180.5032,2204.6611,2171.8884,2190.6678,272042
2021-12-28,2173.3014,2192.4454,2164.5043,2185.7906,200586
2021-12-27,2154.0662,2167.6038,2141.3491,2160.3564,159772
2021-12-24,2157.8039,2180.5032,2131.0478,2162.5899,364450
2021-12-23,2162.3620,2169.6549,2150.4653,2155.6616,254094
2021-12-22,2109.9438,2162.3620,2109.9438,2156.8467,489472
2021-12-21,2100.9188,2137.7482,2090.3440,2105.9327,330282
2021-12-20,2110.3996,2115.7782,2049.3211,2075.9404,2209796
2021-12-17,2183.3292,2195.8640,2114.9577,2134.2385,853244
2021-12-16,2191.5338,2201.1058,2159.6271,2191.9440,294810
2021-12-15,2174.0763,2191.9896,2153.0179,2162.8178,542076
2021-12-14,2177.8595,2193.3570,2163.7294,2170.0196,573182
2021-12-13,2251.7007,2255.8030,2192.4454,2196.8212,571328
2021-12-10,2227.9986,2248.1454,2215.6917,2241.6273,255566
2021-12-09,2216.2387,2256.1676,2211.0880,2238.8013,340954
2021-12-08,2212.5011,2216.5578,2194.3598,2203.7495,1310544
2021-12-07,2171.2047,2191.3059,2163.7750,2171.1135,486748
2021-12-06,2207.0313,2210.2676,2148.8244,2154.4309,813744
2021-12-03,2270.0698,2274.4456,2187.9785,2195.3170,771140
2021-12-02,2248.8747,2275.4028,2243.6785,2264.2811,425140
2021-12-01,2211.1336,2255.8942,2211.1336,2248.8747,669636
2021-11-30,2248.0542,2257.0793,2178.7711,2194.0408,1136546
2021-11-29,2198.8268,2279.0493,2187.8873,2226.6312,903740
2021-11-26,2251.7007,2258.4923,2190.6222,2198.9635,794642
2021-11-25,2165.5526,2281.6018,2149.5993,2273.9442,953862
2021-11-24,2170.9312,2197.7784,2136.8366,2143.1268,3712738
2021-11-23,2132.2785,2189.2548,2105.2946,2175.2614,914278
2021-11-22,2224.3521,2230.0497,2143.2180,2154.5220,833936
2021-11-18,2242.4933,2269.0215,2234.0153,2254.2077,484926
2021-11-17,2278.7758,2279.0493,2242.9036,2246.2766,740004
2021-11-16,2345.5975,2348.3324,2274.4912,2290.0799,490122
2021-11-15,2370.2113,2372.1257,2342.8627,2350.6570,209678
2021-11-12,2333.7465,2369.1173,2331.0116,2363.3741,566866
2021-11-11,2324.0833,2343.7743,2311.8220,2329.1428,533796
2021-11-10,2296.2789,2331.9232,2282.5590,2324.0833,216644
2021-11-09,2280.8725,2305.4407,2266.9248,2297.3273,564502
2021-11-08,2288.2567,2299.1049,2240.4422,2280.8725,367430
2021-11-03,2283.3795,2297.6919,2243.4961,2264.3266,498044
2021-11-02,2326.3624,2326.3624,2276.3144,2279.8698,833230
2021-11-01,2307.4918,2329.1884,2273.5796,2313.0983,694046
2021-10-29,2357.4486,2365.7899,2281.3739,2313.3262,680036
2021-10-28,2389.3553,2404.6705,2362.0979,2369.6187,808034
2021-10-27,2424.7261,2440.4060,2388.4437,2399.9757,481520
2021-10-26,2383.3842,2432.9763,2373.2652,2426.2759,775582
2021-10-25,2460.4616,2460.4616,2342.9538,2371.7154,848610
2021-10-22,2391.9078,2429.1931,2380.6037,2394.8706,598274
2021-10-21,2485.0298,2485.0298,2372.9461,2391.1785,791666
2021-10-20,2497.8380,2501.5757,2453.5789,2461.2821,5494170
2021-10-19,2485.0754,2506.9542,2468.6662,2490.0893,216926
2021-10-18,2446.7873,2502.3505,2424.9085,2467.7546,323184
2021-10-14,2465.9313,2477.5089,2449.6589,2461.2365,305508
2021-10-13,2445.8757,2479.1498,2433.1130,2457.6356,458402
2021-10-12,2407.5877,2445.6478,2407.5877,2432.7028,259894
2021-10-11,2483.8902,2483.8902,2411.2797,2416.8406,5761616
2021-10-08,2351.9789,2446.6962,2351.9789,2434.7995,656046
2021-10-07,2370.2113,2370.2113,2341.1306,2344.8227,266280
2021-10-06,2391.1785,2391.1785,2324.6759,2333.9288,269208
2021-10-05,2338.3046,2381.1507,2322.1689,2378.5070,575026
2021-10-04,2324.5391,2347.1017,2313.2806,2329.9633,2630684
2021-10-01,2284.5190,2315.3773,2275.2661,2299.8798,5732218
2021-09-30,2304.4379,2310.1355,2279.7330,2294.5468,540912
2021-09-29,2335.5697,2337.3018,2297.2817,2303.8909,4867846
2021-09-28,2307.3095,2338.3046,2290.1711,2322.8526,2429048
2021-09-27,2264.6457,2305.4863,2256.7146,2302.0221,628712
2021-09-24,2279.0493,2283.3339,2253.5239,2263.5062,576162
2021-09-23,2228.9102,2276.2689,2228.9102,2269.6140,6348274
2021-09-22,2196.0919,2225.4916,2186.2008,2215.7829,544088
2021-09-21,2197.9151,2202.4732,2173.8940,2191.6705,753456
2021-09-20,2165.0968,2204.2965,2160.5387,2182.3264,430496
2021-09-17,2228.9102,2238.7557,2168.5610,2179.1358,462364
2021-09-16,2168.7433,2220.7056,2157.8039,2213.5038,816694
2021-09-15,2162.3620,2183.5571,2159.4904,2168.6977,152056
2021-09-14,2167.8317,2182.4176,2156.9834,2158.9890,483922
2021-09-13,2213.4127,2215.2359,2158.8067,2161.9517,449250
2021-09-09,2216.1020,2222.8024,2202.4732,2211.0880,205370
2021-09-08,2237.1148,2238.0264,2193.4938,2215.7829,466034
2021-09-07,2214.4155,2240.7613,2198.8268,2225.5372,552034
2021-09-06,2200.6500,2260.6802,2200.0574,2210.2676,1203988
2021-09-03,2103.5625,2182.6911,2102.9244,2177.1758,1086646
2021-09-02,2060.2606,2103.1067,2058.8476,2090.9366,586876
2021-09-01,2073.9349,2090.2529,1941.7500,2069.1489,599746
2021-08-31,2074.1628,2081.2278,2044.3072,2059.6224,753728
2021-08-30,2042.0282,2073.9349,2041.6635,2069.4223,323382
2021-08-27,2034.7352,2044.1705,2020.0581,2029.9492,356266
2021-08-26,2011.9447,2046.4495,2010.0303,2033.5045,427208
2021-08-25,1990.7040,2023.7046,1987.3310,2007.6601,416012
2021-08-24,1972.6539,1998.1793,1964.9507,1989.8835,541806
2021-08-23,1976.3915,1979.9924,1943.9835,1971.2865,267160
2021-08-20,1958.1592,1979.7645,1949.0430,1956.5182,508434
2021-08-18,1982.7729,1992.8007,1962.4438,1979.6278,296152
2021-08-17,1978.2148,1991.8891,1958.4326,1972.6995,366420
2021-08-16,1956.7917,2007.3866,1940.5649,1980.4483,723022
2021-08-13,1928.8050,1959.8001,1923.6543,1955.1964,416214
2021-08-12,1937.2375,1938.7872,1919.3242,1923.7455,470668
2021-08-11,1913.4898,1932.1780,1898.4936,1929.0785,692166
2021-08-10,1900.4536,1926.0701,1890.2891,1903.8266,831962
2021-08-09,1892.7049,1904.8294,1883.2240,1893.6621,472074
2021-08-06,1937.3742,1956.3359,1895.4397,1904.4192,672146
2021-08-05,1929.8078,1964.1758,1918.3214,1944.7583,714128
2021-08-04,1912.2135,1927.2552,1902.5504,1917.6377,595704
2021-08-03,1900.7271,1906.4247,1881.7198,1902.4592,636370
2021-08-02,1866.2679,1895.2574,1860.6158,1888.4202,813584
2021-07-30,1873.6064,1885.3663,1850.9527,1855.5108,456624
2021-07-29,1868.8204,1891.0639,1863.1228,1873.6064,285292
2021-07-28,1878.0278,1878.0734,1838.3723,1856.8326,414460
2021-07-27,1895.2574,1899.3597,1860.7982,1872.7404,542864
2021-07-26,1923.5176,1934.0924,1888.6026,1894.0723,756300
2021-07-23,1946.3081,1946.3081,1916.9995,1919.1418,506836
2021-07-22,1924.6115,1936.3714,1913.3075,1933.5454,341874
2021-07-20,1911.9856,1921.7855,1899.8155,1908.5670,524338
2021-07-19,1918.0479,1936.2803,1908.0201,1913.5810,2932572
2021-07-16,1900.7271,1927.6199,1900.7271,1925.1585,666146
2021-07-15,1910.7549,1910.7549,1894.9383,1899.1318,423526
2021-07-14,1916.8628,1920.6004,1897.9923,1901.6387,286612
2021-07-13,1914.4014,1917.4098,1903.5531,1913.9912,712050
2021-07-12,1897.8099,1915.9967,1891.7477,1900.2257,3151738
2021-07-09,1902.4592,1906.3792,1883.3608,1889.9700,879568
2021-07-08,1928.0757,1928.8050,1897.0806,1907.9289,639110
2021-07-07,1938.4226,1939.6989,1913.2163,1923.6543,865920
2021-07-06,1959.9824,1960.0280,1933.5454,1938.0579,555680
2021-07-05,1948.8606,1962.7173,1943.1174,1959.8912,923216
2021-07-02,1914.3102,1944.7128,1909.1596,1941.0207,454292
2021-07-01,1927.2552,1934.4570,1909.4331,1912.3503,850764
2021-06-30,1909.8433,1935.8245,1907.0629,1924.3381,852502
2021-06-29,1904.3736,1922.6060,1899.1774,1902.7327,895330
2021-06-28,1936.2803,1939.1063,1897.1718,1901.6387,1326548
2021-06-25,1968.9163,1968.9163,1897.2174,1918.3214,1671192
2021-06-24,2019.0554,2019.2377,1950.8662,1963.0363,2090908
2021-06-23,2050.2327,2051.1444,2006.8852,2010.2126,1349888
2021-06-22,2055.4290,2060.9443,2023.7958,2029.2655,542078
2021-06-21,2009.5289,2049.0476,2006.4294,2039.8403,487426
2021-06-18,2021.2888,2037.4245,1991.2054,2028.3995,535280
2021-06-17,2005.7913,2037.4701,1987.1942,2019.7391,702856
2021-06-16,2049.3211,2049.3211,2011.7168,2016.1838,994192
2021-06-15,2056.8420,2073.4790,2043.1221,2050.8709,1268140
2021-06-14,2018.3261,2058.7108,2001.9169,2046.8598,772392
2021-06-11,1993.4388,2030.9976,1989.7924,2017.4144,458504
2021-06-10,1998.4527,2032.8664,1984.7785,1989.7924,537128
2021-06-09,2023.7046,2025.2544,1967.5033,1982.5450,718010
2021-06-08,2028.0348,2030.1771,2004.1048,2018.9642,304636
2021-06-07,2010.9419,2043.6691,1991.5244,2030.4506,1231050
2021-06-04,2022.8842,2022.8842,1990.7951,1996.9942,522622
2021-06-03,2025.6190,2051.1444,2002.0081,2013.9959,1520346
2021-06-02,1969.0074,2014.5884,1967.7767,2006.7485,800634
2021-06-01,1972.8362,2007.1131,1957.5666,1976.6195,1832944
2021-05-31,1915.3130,1997.8146,1897.9923,1969.5088,4068900
2021-05-28,1814.1232,1918.9595,1809.6563,1909.7521,4316646
2021-05-27,1796.7113,1816.1288,1789.6007,1803.3661,548456
2021-05-26,1809.4740,1809.4740,1792.2444,1795.5718,368454
2021-05-25,1814.1688,1820.5046,1786.8658,1790.8769,409036
2021-05-24,1829.9854,1831.8998,1806.4656,1810.0665,1420022
2021-05-21,1819.3195,1831.4440,1805.0070,1824.0599,421206
2021-05-20,1819.9120,1833.0849,1806.0098,1809.8386,552708
2021-05-19,1806.8303,1838.3723,1797.8052,1819.9120,1127424
2021-05-18,1803.1838,1825.6552,1797.8052,1812.1177,1156234
2021-05-17,1767.3571,1789.6463,1760.3377,1787.2760,810282
2021-05-14,1754.9591,1769.9097,1738.0030,1765.6707,1031768
2021-05-12,1763.0725,1763.0725,1739.1425,1744.4299,746228
2021-05-11,1747.5750,1767.3116,1741.2392,1762.7990,531738
2021-05-10,1771.9608,1774.1031,1750.6745,1755.5061,451162
2021-05-07,1768.5423,1782.6268,1755.6884,1760.6112,357338
2021-05-06,1755.7796,1763.2093,1738.6867,1759.3349,463042
2021-05-05,1750.0364,1766.6279,1739.5072,1750.0820,574570
2021-05-04,1781.3049,1793.6118,1742.1053,1747.1648,2043678
2021-05-03,1790.1476,1804.0954,1771.9152,1786.0909,1387884
2021-04-30,1836.6402,1856.4224,1811.7530,1818.1799,642948
2021-04-29,1838.4179,1864.2623,1830.5324,1844.3890,506026
2021-04-28,1822.7380,1829.9854,1805.6908,1819.6385,884804
2021-04-27,1771.2771,1821.0060,1769.3627,1813.1205,696696
2021-04-26,1746.8913,1787.6863,1742.8802,1766.2176,2661244
2021-04-23,1734.8123,1749.3982,1728.4310,1736.0886,740086
2021-04-22,1728.4310,1745.2504,1711.6572,1737.5928,2360014
2021-04-20,1745.4783,1750.2187,1723.4627,1733.3537,829318
2021-04-19,1732.9891,1747.2104,1723.8729,1734.4021,971800
2021-04-16,1772.1887,1777.2026,1756.3265,1763.0725,2988770
2021-04-15,1750.7657,1787.3672,1744.4755,1772.0976,657484
2021-04-13,1754.8680,1768.6790,1748.8057,1761.1581,530966
2021-04-12,1783.1738,1792.4723,1732.5789,1742.3788,1332200
2021-04-09,1825.9743,1829.4385,1805.0982,1807.4228,482322
2021-04-08,1832.4012,1842.5202,1817.3139,1827.7975,3069966
2021-04-07,1816.1288,1865.2651,1816.1288,1825.7920,563048
2021-04-06,1824.3790,1827.7975,1795.8908,1808.3345,675134
2021-04-05,1846.0299,1846.0299,1788.4611,1816.6758,506730
2021-04-01,1841.1983,1850.5880,1826.2934,1843.0216,493186
2021-03-31,1837.2328,1868.7293,1822.3278,1826.1566,415802
2021-03-30,1832.0821,1867.4530,1815.9465,1849.3118,532020
2021-03-26,1832.3556,1836.8682,1798.6713,1817.9976,1600308
2021-03-25,1869.3218,1875.7032,1809.5651,1816.6302,619242
2021-03-24,1896.6704,1896.6704,1860.4335,1866.3590,615138
2021-03-23,1881.5831,1923.4264,1875.4297,1904.4192,1157586
2021-03-22,1891.6109,1891.6109,1854.1433,1879.6231,634274
2021-03-19,1812.5735,1909.8433,1806.1010,1897.9011,1458710
2021-03-18,1888.0556,1900.7271,1824.1511,1831.8998,1950548
2021-03-17,1914.4014,1917.8200,1855.4652,1873.5153,486394
2021-03-16,1927.8934,1937.9212,1910.8005,1914.8116,446222
2021-03-15,1949.6355,1958.8885,1896.9895,1922.3781,1026218
2021-03-12,2004.6518,2010.1215,1935.9612,1949.6355,596562
2021-03-10,2015.5912,2019.9214,1978.3515,1988.8807,498398
2021-03-09,2005.5634,2018.9642,1956.5182,1996.6295,624570
2021-03-08,1979.5822,2033.8236,1977.7134,1996.8574,750096
2021-03-05,1976.3915,2016.9586,1964.5405,1986.0091,860894
2021-03-04,1987.0575,1996.1281,1967.2754,1983.4110,2633390
2021-03-03,1934.1836,2023.7958,1920.9651,2006.7941,2202222
2021-03-02,1936.2803,1941.7500,1904.6015,1920.0535,539556
2021-03-01,1927.5743,1927.5743,1880.8538,1915.4498,733402
2021-02-26,1922.6060,1944.8495,1887.1896,1899.6788,1805206
2021-02-25,1894.3458,1962.0335,1887.9644,1955.2876,4802604
2021-02-24,1846.7592,1897.5364,1823.7408,1882.9961,3161992
2021-02-23,1848.7648,1871.6464,1835.8198,1845.3462,841832
2021-02-22,1896.1690,1905.0117,1818.7725,1829.9854,1298030
2021-02-19,1882.4947,1918.9139,1876.1134,1896.6704,797346
2021-02-18,1901.4108,1921.4209,1877.6631,1882.9505,597076
2021-02-17,1876.1134,1909.8433,1869.5953,1898.6760,1384966
2021-02-16,1859.7042,1895.2574,1857.4252,1877.6176,722930
2021-02-15,1867.9088,1878.4380,1846.3946,1852.9582,651568
2021-02-12,1877.6631,1893.8900,1837.4151,1860.8438,1281256
2021-02-11,1802.6824,1879.9422,1796.9848,1873.8799,3885292
2021-02-10,1784.6779,1808.6079,1757.6028,1800.6768,941976
2021-02-09,1793.7941,1814.1232,1779.4817,1783.0826,1204324
2021-02-08,1760.5200,1794.2955,1758.5600,1779.0259,1404464
2021-02-05,1762.1609,1772.3711,1750.3099,1753.9563,644028
2021-02-04,1751.2215,1768.2688,1736.6811,1753.9108,3238030
2021-02-03,1756.6912,1778.5701,1732.0775,1759.6995,1843092
2021-02-02,1746.3899,1766.9925,1691.0546,1756.1898,2177866
2021-02-01,1682.1207,1736.3621,1682.1207,1727.8384,1637018
2021-01-29,1729.0691,1742.7890,1668.2641,1680.2519,1853630
2021-01-28,1712.9335,1753.3638,1704.8656,1710.7456,4138760
2021-01-27,1759.6084,1759.6084,1721.1380,1727.7473,3480356
2021-01-25,1870.6437,1870.6437,1761.4316,1768.2688,2691040
2021-01-22,1927.8934,1928.8962,1855.3285,1868.5014,1015886
2021-01-21,1897.9923,1932.4515,1891.6109,1912.4414,3090176
2021-01-20,1843.7509,1876.1590,1824.3790,1873.2418,977154
2021-01-19,1817.7697,1851.4085,1817.4507,1838.0988,1183838
2021-01-18,1768.5423,1820.1399,1752.7257,1808.1977,2727010
2021-01-15,1786.7746,1798.7624,1750.4466,1766.3544,2532814
2021-01-14,1767.7218,1792.7002,1764.9414,1787.3216,3659680
2021-01-13,1791.1504,1800.4034,1749.0792,1767.7218,949868
2021-01-12,1741.1937,1786.7746,1732.0775,1783.7207,995586
2021-01-11,1763.9842,1767.5395,1725.0124,1729.3426,831146
2021-01-08,1751.1303,1766.9013,1743.6550,1762.2065,599608
2021-01-07,1752.0419,1773.2827,1737.2281,1742.1053,1129950
2021-01-06,1794.0676,1794.0676,1736.6356,1744.9769,1728078
2021-01-05,1797.7597,1808.6535,1783.1282,1792.2444,677098
2021-01-04,1812.8014,1821.3250,1793.9764,1814.7158,691706
2021-01-01,1810.6135,1820.7781,1807.1038,1811.5251,315426
2020-12-31,1818.4534,1833.2673,1805.0070,1809.2461,931590
2020-12-30,1816.4479,1829.4840,1801.2694,1819.1371,448554
2020-12-29,1829.9398,1834.9082,1807.3773,1813.3939,500034
2020-12-28,1826.9771,1845.9388,1819.2283,1826.2022,671036
2020-12-24,1778.3877,1822.0088,1774.9692,1817.6786,578758
2020-12-23,1761.9786,1778.7524,1750.3099,1772.0064,599486
2020-12-22,1768.5423,1785.3161,1720.9101,1765.4427,1944482
2020-12-21,1832.3556,1843.2951,1692.0118,1768.3143,2999220
2020-12-18,1807.7419,1827.7975,1791.3327,1816.1744,436660
2020-12-17,1805.8275,1827.7975,1802.3633,1809.6107,477668
2020-12-16,1812.3000,1818.6813,1792.0165,1801.4061,545496
2020-12-15,1816.7669,1816.7669,1788.1421,1799.5373,423070
2020-12-14,1835.0905,1837.1416,1811.4340,1815.1716,465806
2020-12-11,1833.4496,1857.6987,1799.9020,1828.3445,1378056
2020-12-10,1841.4718,1849.1294,1824.1055,1829.8031,540354
2020-12-09,1835.0905,1854.0522,1823.2394,1847.5341,1834484
2020-12-08,1789.5095,1836.1844,1777.7952,1817.5418,1366480
2020-12-07,1770.3655,1791.3327,1770.3655,1784.9970,587618
2020-12-04,1789.5095,1793.9309,1768.5423,1774.5134,500672
2020-12-03,1795.8908,1806.0098,1784.9970,1789.9197,2978254
2020-12-02,1789.4639,1789.4639,1763.9842,1784.5868,440276
2020-12-01,1764.2121,1792.1532,1760.3377,1781.5784,1186678
2020-11-27,1769.4539,1782.9914,1751.7229,1759.2893,1046382
2020-11-26,1777.7040,1791.1960,1759.7907,1781.1226,901710
2020-11-25,1805.0070,1815.9465,1770.6390,1775.6073,1828126
2020-11-24,1788.5979,1799.1727,1760.5200,1791.4239,1501008
2020-11-23,1758.5144,1795.8908,1756.6912,1778.3877,1197264
2020-11-20,1803.0015,1808.7447,1727.1547,1731.3482,1726366
2020-11-19,1810.8414,1832.3556,1794.0676,1798.3066,1605466
2020-11-18,1820.9148,1829.3017,1787.6863,1811.5707,855964
2020-11-17,1899.8155,1899.8155,1809.5651,1816.7669,1286592
2020-11-13,1814.1232,1856.6503,1805.9187,1819.6841,3650242
2020-11-12,1809.5651,1830.8515,1791.3327,1804.8703,1422928
2020-11-11,1907.1085,1910.1624,1804.0954,1820.4134,1622378
2020-11-10,1891.6109,1905.2852,1861.3451,1900.2713,2137294
2020-11-09,1876.7515,1887.0528,1858.7014,1869.0939,1687382
2020-11-06,1812.3000,1859.7042,1802.8647,1849.6764,3773746
2020-11-05,1776.7468,1786.7746,1760.7023,1782.3077,1909174
2020-11-04,1677.3803,1758.3777,1677.3803,1744.3388,2131260
2020-11-03,1721.1380,1740.7379,1672.8222,1685.9951,2328198
2020-11-02,1853.7787,1853.7787,1695.6127,1711.3837,2888486
2020-10-30,1855.1461,1882.1757,1843.2951,1872.7860,708868
2020-10-29,1822.6925,1861.8010,1814.8070,1847.4429,769570
2020-10-28,1863.3507,1876.0222,1829.5296,1832.9938,3038094
2020-10-27,1852.4113,1877.9366,1828.2989,1854.4168,952110
2020-10-26,1915.3130,1919.8711,1840.0588,1849.4029,1121710
2020-10-23,1922.6060,1946.1258,1910.4359,1925.8422,1237080
2020-10-22,1935.3687,1944.5304,1906.6526,1920.8739,603932
2020-10-21,1979.2176,1997.3588,1913.2619,1935.5966,1069114
2020-10-20,1990.7040,1999.8202,1961.9880,1964.9963,728276
2020-10-19,1998.2704,2031.4534,1965.4521,1983.5022,704452
2020-10-16,2019.0554,2034.7352,1980.9952,1983.2287,880218
2020-10-15,2088.5208,2089.1589,2001.0964,2010.6229,3029716
2020-10-14,2082.9599,2100.5542,2068.9665,2085.1934,613630
2020-10-13,2034.9175,2083.9171,2031.2711,2078.7209,819140
2020-10-12,2036.1026,2055.5657,2030.0404,2038.9287,524484
2020-10-09,2039.2933,2053.5602,2021.2432,2036.2850,610044
2020-10-08,2061.9015,2067.5535,2025.9837,2041.0254,838116
2020-10-07,2035.8747,2105.2946,2024.7074,2057.6624,1750242
2020-10-06,2031.0887,2036.5585,2006.8852,2014.8163,519542
2020-10-05,2047.4979,2050.2327,2010.5773,2015.7279,786158
2020-10-01,2063.9070,2063.9070,2018.1893,2028.3995,570360
2020-09-30,2064.6363,2067.1433,2028.4450,2036.3305,3121380
2020-09-29,2025.6190,2063.9070,2021.1977,2046.4495,650574
2020-09-28,2032.0004,2040.8431,2012.1726,2019.9214,1032906
2020-09-25,2001.9169,2017.0498,1976.9385,2007.1131,826170
2020-09-24,2014.6796,2029.2655,1983.3654,1988.3793,878162
2020-09-23,2073.9349,2075.3023,2011.1698,2032.5017,1548288
2020-09-22,2084.8743,2084.8743,2006.7941,2015.7279,1386664
2020-09-21,2101.2835,2130.0451,2049.3211,2055.8392,1002018
2020-09-18,2111.1289,2114.5931,2075.8037,2101.7393,1036778
2020-09-17,2114.0461,2128.0851,2090.3440,2096.1328,843732
2020-09-16,2118.3307,2159.4448,2107.4369,2118.4675,1306328
2020-09-15,2110.3996,2120.8833,2085.9682,2113.0433,1018282
2020-09-14,2114.7298,2151.4225,2080.2706,2098.8677,1239952
2020-09-11,2110.0806,2130.4553,2084.0083,2113.9094,2661270
2020-09-10,1991.8891,2136.7455,1983.8213,2110.0806,4899404
2020-09-09,1900.7271,1975.6623,1900.7271,1970.2381,1701352
2020-09-08,1908.7494,1932.6338,1896.9895,1920.8283,963264
2020-09-07,1896.3513,1918.9595,1864.5814,1898.3569,1250716
2020-09-04,1883.0417,1911.6665,1883.0417,1893.7988,922036
2020-09-03,1939.9268,1948.1313,1917.3186,1925.4776,549996
2020-09-02,1909.8433,1948.1313,1901.1829,1940.4737,3959546
2020-09-01,1909.8433,1934.2291,1881.0817,1903.0517,1084774
2020-08-31,1980.0380,1980.0380,1879.0761,1894.8472,1541794
2020-08-28,1932.6338,1943.4821,1920.0535,1928.6227,927108
2020-08-27,1956.5638,1958.6150,1917.8200,1925.0674,794382
2020-08-26,1902.9150,1957.3843,1866.3135,1947.9946,1714930
2020-08-25,1918.9595,1924.7027,1894.6193,1897.9923,963768
2020-08-24,1913.3075,1918.6404,1887.1896,1910.8005,1121572
2020-08-21,1932.4515,1932.4515,1893.4797,1897.7643,874398
2020-08-20,1930.8561,1936.1891,1903.2796,1911.0740,988400
2020-08-19,1952.6439,1963.6289,1933.8645,1944.6672,1517536
2020-08-18,1905.0117,1944.3937,1898.8583,1931.4943,1284800
2020-08-17,1917.2730,1921.0562,1887.0528,1906.6071,1847598
2020-08-14,1934.7305,1965.9079,1905.4675,1927.2552,2024690
2020-08-13,1944.9407,1949.9546,1923.5176,1934.7305,916406
2020-08-12,1936.2803,1955.3331,1920.4181,1939.5621,1405374
2020-08-11,1948.7695,1969.0986,1915.4498,1945.4421,1394734
2020-08-10,1965.9079,1973.6111,1921.9223,1932.2692,1651252
2020-08-07,1936.7817,1966.3637,1932.7250,1956.9740,1921552
2020-08-06,1969.0986,1975.9813,1920.7372,1945.8979,2497264
2020-08-05,1978.2148,2001.0053,1930.8106,1938.6961,3587676
2020-08-04,1838.8281,1975.4799,1824.3790,1961.0308,4106394
2020-08-03,1877.0250,1877.0250,1826.8859,1830.9426,1429454
2020-07-31,1937.1919,1941.6133,1871.8288,1884.2724,2566472
2020-07-30,1914.4014,1949.9546,1889.1495,1922.2869,2407642
2020-07-29,1987.3310,1992.0714,1887.9644,1910.6182,3050440
2020-07-28,1972.5627,1999.5467,1961.9880,1985.0064,2178804
2020-07-27,1995.9914,2004.3783,1939.9723,1965.3154,4626580
2020-07-24,1877.9366,1971.6511,1874.1990,1956.5182,5778544
2020-07-23,1826.9771,1895.1662,1815.1260,1878.5292,2758098
2020-07-22,1805.0526,1832.3556,1786.7746,1826.9771,2935892
2020-07-21,1770.1832,1802.0899,1763.9842,1797.5773,2068846
2020-07-20,1750.3554,1760.5656,1731.7128,1749.6717,1512614
2020-07-17,1681.9384,1750.2187,1675.7394,1742.4243,1978960
2020-07-16,1686.4965,1702.9056,1652.0828,1680.2063,3294500
2020-07-15,1767.3571,1803.6396,1639.2290,1682.4854,5678048
2020-07-14,1763.7107,1769.4539,1720.9557,1747.2559,2267106
2020-07-13,1739.8262,1774.9236,1732.1686,1763.3460,3145520
2020-07-10,1668.1729,1717.8562,1663.3413,1712.4776,2280558
2020-07-09,1647.7526,1672.2752,1629.0644,1663.3413,1410480
2020-07-08,1664.6176,1672.6399,1631.8905,1638.4997,1167296
2020-07-07,1704.7289,1704.7289,1646.7499,1662.7488,1435434
2020-07-06,1641.9639,1693.7894,1633.6225,1687.7727,1898842
2020-07-03,1623.6403,1634.3518,1612.1995,1629.5202,1714566
2020-07-02,1595.3345,1610.6497,1581.1132,1604.9521,1631550
2020-07-01,1566.1627,1594.1038,1557.7302,1584.3039,938276
2020-06-30,1582.8453,1586.8564,1546.1070,1552.8074,1985890
2020-06-29,1575.2789,1585.2155,1563.4278,1570.8575,1340214
2020-06-26,1577.4212,1596.7019,1565.4334,1588.5885,2770356
2020-06-25,1576.1905,1594.4229,1562.3795,1566.1171,1309314
2020-06-24,1586.0360,1615.3901,1561.2399,1574.6863,2717448
2020-06-23,1598.9810,1608.2339,1564.1571,1568.0315,2707058
2020-06-22,1618.1706,1644.6531,1581.5235,1592.7820,4073664
2020-06-19,1526.6895,1630.5230,1513.8357,1603.9949,5858510
2020-06-18,1463.6510,1517.8468,1463.6510,1509.8702,2027974
2020-06-17,1465.8845,1490.4527,1460.4148,1472.6305,1781676
2020-06-16,1496.4238,1502.2126,1445.0540,1474.5449,2535406
2020-06-15,1437.6243,1482.9318,1423.5398,1472.2658,2250800
2020-06-12,1362.8715,1452.2102,1362.8715,1448.3814,1544478
2020-06-11,1430.3313,1430.3313,1395.6442,1401.6153,661820
2020-06-10,1404.8971,1439.4475,1404.4413,1433.0662,843222
2020-06-09,1440.3592,1442.5015,1397.5586,1401.2507,1009268
2020-06-08,1480.4704,1480.4704,1426.7304,1431.2885,2223880
2020-06-05,1460.3236,1474.7272,1435.1629,1440.9061,1316812
2020-06-04,1403.8944,1448.5637,1403.8944,1440.3136,1421436
2020-06-03,1408.4525,1421.2151,1397.7409,1406.1278,889056
2020-06-02,1386.5736,1403.8944,1386.5736,1400.3390,837100
2020-06-01,1349.1972,1403.1651,1345.2316,1386.0722,2033958
2020-05-29,1340.7191,1341.4484,1324.5835,1335.7052,1180480
2020-05-28,1326.4067,1348.4679,1322.3500,1342.4968,1283694
2020-05-27,1307.2627,1325.5862,1287.3894,1319.0682,1255066
2020-05-26,1312.1854,1320.9370,1291.1270,1297.8730,937442
2020-05-22,1326.2244,1329.5974,1300.6990,1305.0748,1158588
2020-05-21,1310.9092,1331.7397,1299.3772,1312.7780,1117646
2020-05-20,1282.9224,1318.0654,1270.4788,1307.8552,1815744
2020-05-19,1332.6969,1332.6969,1279.9141,1283.6973,1428670
2020-05-18,1341.7219,1351.0204,1301.7930,1313.3249,2616038
2020-05-15,1317.9286,1337.3461,1290.4433,1329.9620,1907814
2020-05-14,1341.9042,1364.1477,1303.6618,1308.5845,1591910
2020-05-13,1399.1084,1399.1084,1325.4951,1364.1477,2979114
2020-05-12,1438.5354,1438.5354,1326.4062,1349.4246,5785832
2020-05-11,1442.1820,1472.1286,1433.0658,1437.3960,2152997
2020-05-08,1413.0102,1440.0852,1401.7060,1423.7672,2891992
2020-05-07,1321.8482,1379.9184,1317.1990,1374.0384,2002522
2020-05-06,1332.7876,1352.8432,1318.2018,1332.4686,1393400
2020-05-05,1322.8054,1348.1028,1319.1134,1331.8760,1325615
2020-05-04,1314.5552,1335.4314,1294.2718,1308.5386,1976343
2020-04-30,1325.4946,1362.4152,1312.7320,1337.3914,2578560
2020-04-29,1318.2018,1324.6286,1294.9554,1300.1516,1298171
2020-04-28,1323.1244,1326.1784,1268.9286,1301.8838,2627867
2020-04-27,1312.7320,1344.2284,1297.1888,1303.8892,2327473
2020-04-24,1235.1532,1362.8710,1228.8630,1292.0838,4950803
2020-04-23,1248.6452,1263.3678,1234.5606,1250.2860,2958312
2020-04-22,1203.3376,1262.3194,1185.1052,1242.8564,5309145
2020-04-21,1101.3274,1141.8490,1061.5352,1126.8072,2316352
2020-04-20,1118.1012,1145.9056,1096.0400,1134.4648,1607935
2020-04-17,1112.1758,1121.2008,1087.2886,1116.7794,1129273
2020-04-16,1045.2628,1082.4114,1045.2628,1065.4096,1195396
2020-04-15,1094.8550,1126.7160,1041.7076,1048.4080,1684185
2020-04-13,1101.2362,1107.6176,1075.7110,1084.1434,900325
2020-04-09,1104.1534,1123.7988,1087.7900,1111.4464,1261451
2020-04-08,1071.1528,1120.3348,1059.1650,1086.7872,2165161
2020-04-07,1008.2512,1106.4326,1003.6930,1099.7776,2517690
2020-04-03,1030.1300,1031.5886,963.5818,982.9080,2974854
2020-04-01,1017.5496,1025.5262,952.4144,985.1416,1666531
2020-03-31,976.3444,1029.2184,956.1064,1014.1310,4279134
2020-03-30,955.3316,979.0792,929.8518,941.1104,2982708
2020-03-27,1002.7814,1009.8008,954.6934,971.3306,176623620
2020-03-26,993.6652,1018.4156,950.9558,979.7630,1861382
2020-03-25,866.9500,1050.1856,866.9500,985.6886,237455895
2020-03-24,859.6572,884.6356,816.6286,859.7482,2070566
2020-03-23,838.6898,867.8618,798.3052,805.7348,2518896
2020-03-20,856.0106,942.3410,847.8516,930.0342,3592619
2020-03-19,843.2480,881.9918,812.2530,836.0462,3163366
2020-03-18,932.5866,943.6172,876.2486,883.2224,2028469
2020-03-17,949.1782,965.4050,915.2660,919.7328,1947913
2020-03-16,971.4672,984.2300,916.6790,925.5216,1819450
2020-03-13,916.1776,1039.1550,856.7856,1009.0716,4382123
2020-03-12,990.9304,1003.4196,956.7446,967.7752,2105309
2020-03-11,1014.7692,1074.2524,1011.8976,1051.3252,12222267
2020-03-09,1134.9662,1134.9662,998.1778,1014.7692,3388246
2020-03-06,1163.2264,1174.4850,1131.8668,1157.8022,5215070
2020-03-05,1230.6862,1238.2982,1190.5750,1195.5890,857261
2020-03-04,1230.9142,1233.4212,1192.4894,1220.7952,3414821
2020-03-03,1212.4538,1233.7402,1204.9786,1224.8974,912318
2020-03-02,1238.3438,1247.7792,1188.2960,1198.6428,720716
2020-02-28,1238.7084,1238.7084,1207.8958,1211.2232,789510
2020-02-27,1267.1510,1270.7520,1248.5540,1263.3222,699389
2020-02-26,1287.2978,1289.9416,1264.6440,1268.4272,541690
2020-02-25,1321.8482,1323.1244,1285.3834,1291.1266,622554
2020-02-24,1346.4620,1346.4620,1312.3674,1317.1534,808436
2020-02-20,1366.2440,1374.6766,1352.3418,1354.2106,3052762
2020-02-19,1345.1400,1373.3546,1345.1400,1371.2580,587833
2020-02-18,1348.2852,1348.2852,1329.1412,1336.5252,748621
2020-02-17,1358.3130,1372.8988,1344.3196,1347.7382,1045469
2020-02-14,1347.2368,1368.3408,1324.8566,1355.2590,1442548
2020-02-13,1348.9232,1348.9232,1333.4258,1343.6814,2428084
2020-02-12,1329.0956,1343.7270,1327.3180,1340.0806,578073
2020-02-11,1317.9738,1336.1150,1317.3356,1324.2184,708141
2020-02-10,1303.6158,1317.8370,1286.3406,1309.7692,441475
2020-02-07,1324.4008,1324.4008,1302.2484,1307.0344,395718
2020-02-06,1324.5830,1336.8444,1312.9144,1328.8220,680931
2020-02-05,1307.2622,1323.9450,1303.7982,1320.0706,795151
2020-02-04,1274.4440,1305.3024,1274.3528,1299.8326,1540580
2020-02-03,1250.7418,1275.3556,1242.9932,1263.3678,951388
2020-01-31,1322.7598,1325.7226,1283.0588,1286.9332,987739
2020-01-30,1352.7976,1352.7976,1312.7320,1315.0110,600840
2020-01-29,1345.5502,1362.3696,1335.5224,1348.9232,723591
2020-01-28,1373.8560,1376.9556,1334.7932,1341.3112,766804
2020-01-27,1381.1490,1389.6270,1371.9872,1373.4458,384862
2020-01-24,1392.9546,1400.6576,1384.4308,1387.2114,646748
2020-01-23,1402.4354,1405.3070,1386.5732,1392.0428,396992
2020-01-22,1404.3954,1410.0018,1395.5982,1397.6038,402007
2020-01-21,1394.5042,1409.3180,1388.3964,1398.3786,650514
2020-01-20,1465.9296,1467.2514,1392.0428,1396.6010,1315068
2020-01-17,1414.0584,1444.7344,1414.0584,1440.9512,1246625
2020-01-16,1393.9118,1406.6288,1393.4104,1401.7972,782871
2020-01-15,1402.5266,1404.3042,1384.7500,1389.3080,457862
2020-01-14,1406.1274,1413.4660,1388.1230,1393.9118,600416
2020-01-13,1410.2752,1420.7590,1402.6632,1407.0390,462177
2020-01-10,1413.0102,1420.0752,1403.9852,1410.9134,389015
2020-01-09,1401.3870,1412.8278,1396.4642,1411.1414,520938
2020-01-08,1374.7222,1398.8344,1374.7222,1380.1462,546124
2020-01-07,1385.6616,1398.4242,1380.6020,1390.2652,1018077
2020-01-06,1392.0428,1392.9546,1365.1502,1368.7966,914886
2020-01-03,1398.7888,1405.0790,1388.7610,1401.3870,714913
2020-01-02,1380.1918,1404.6232,1379.2802,1399.6550,1466401
2020-01-01,1382.1062,1392.4076,1372.3064,1376.2718,922342
2019-12-31,1408.1786,1408.1786,1375.7250,1380.2830,597040
2019-12-30,1406.6288,1410.2752,1393.2280,1407.7228,749947
2019-12-27,1390.2196,1409.1814,1386.9834,1405.8540,980159
2019-12-26,1409.3180,1416.0184,1377.4114,1381.9694,1165351
2019-12-24,1432.0630,1433.2026,1406.4008,1409.3180,469441
2019-12-23,1417.5682,1437.6238,1417.5682,1432.1542,2572469
2019-12-20,1468.8012,1474.8180,1454.6256,1458.0442,637727
2019-12-19,1435.5272,1472.2654,1433.3848,1463.2860,2068458
2019-12-18,1424.0864,1440.3588,1423.9496,1436.4388,563754
2019-12-17,1431.0602,1439.9030,1418.1152,1424.0864,647895
2019-12-16,1448.8368,1452.2098,1425.4082,1428.0974,568370
2019-12-13,1435.8006,1449.4750,1433.5672,1442.5922,1234894
2019-12-12,1428.5076,1434.5244,1419.6194,1428.9634,1182000
2019-12-11,1419.8472,1435.9374,1413.9218,1424.4966,1243193
2019-12-10,1432.9746,1435.6182,1416.8846,1424.1318,422171
2019-12-09,1416.7934,1437.8974,1410.8678,1433.5672,620148
2019-12-06,1420.3030,1429.6016,1405.1702,1417.5226,693172
2019-12-05,1439.4472,1440.2220,1407.5404,1413.2836,764480
2019-12-04,1431.4704,1437.6694,1397.9228,1415.3348,1127290
2019-12-03,1450.3866,1452.5288,1434.0686,1439.3104,748499
2019-12-02,1454.0330,1471.3538,1438.2620,1446.1020,1399017
2019-11-29,1442.1820,1442.1820,1411.1868,1413.8306,457763
2019-11-28,1433.5216,1444.0052,1426.1374,1440.3132,552104
2019-11-27,1423.0380,1435.8006,1418.8446,1431.0146,361568
2019-11-26,1430.6956,1436.7122,1418.4798,1421.0780,674898
2019-11-25,1413.9218,1426.3198,1413.9218,1422.7644,526771
2019-11-22,1406.6288,1430.8778,1401.9796,1409.7284,959882
2019-11-21,1410.7310,1418.7534,1393.5014,1401.3870,1193971
2019-11-20,1415.3348,1432.9290,1407.1302,1410.3208,2303021
2019-11-19,1337.8016,1381.0578,1335.9782,1376.3630,1668984
2019-11-18,1341.3112,1354.6664,1321.8026,1329.5970,593995
2019-11-15,1335.7504,1355.1224,1333.9272,1339.4424,883906
2019-11-14,1344.6386,1350.1084,1327.3634,1334.0638,703031
2019-11-13,1304.5274,1344.6386,1303.6158,1341.9038,945549
2019-11-11,1312.7320,1316.4240,1297.5536,1301.6102,519099
2019-11-08,1329.6882,1330.5998,1313.6436,1317.6092,750357
2019-11-07,1310.9088,1333.6080,1306.3050,1329.8704,596680
2019-11-06,1317.9282,1318.3840,1302.4306,1305.5302,844527
2019-11-05,1329.6426,1339.1690,1313.2790,1319.6604,439238
2019-11-04,1336.4342,1341.1290,1317.2900,1328.4574,877550
2019-11-01,1330.8732,1332.8332,1313.7348,1328.2296,426430
2019-10-31,1351.2480,1357.8572,1331.8760,1334.7932,476255
2019-10-30,1349.2880,1352.8432,1331.3290,1348.0116,2477235
2019-10-29,1314.7832,1349.5614,1314.7832,1337.4368,1042620
2019-10-25,1310.4530,1312.9600,1287.0244,1304.2540,726454
2019-10-24,1276.3128,1313.6436,1264.1882,1309.3134,874996
2019-10-23,1291.7648,1299.5136,1261.1344,1269.7492,621024
2019-10-22,1300.9266,1310.5896,1279.9136,1289.2578,1288340
2019-10-18,1279.0932,1301.7926,1275.9938,1290.2150,1270882
2019-10-17,1256.2116,1275.3556,1250.8786,1272.7574,571271
2019-10-16,1247.3688,1257.9436,1242.9932,1251.3800,390135
2019-10-15,1242.9932,1248.9186,1226.1282,1242.8108,398490
2019-10-14,1243.0842,1243.0842,1231.5978,1237.6602,450002
2019-10-11,1244.3606,1245.2722,1218.8352,1232.8742,579137
2019-10-10,1210.6306,1247.0954,1205.6622,1241.9904,1377143
2019-10-09,1195.9536,1212.4538,1178.8606,1208.5794,476768
2019-10-07,1194.2214,1203.3376,1186.5182,1194.0392,389330
2019-10-04,1200.6940,1211.0864,1188.7974,1191.8968,499193
2019-10-03,1176.0346,1197.9592,1167.9668,1195.1330,360470
2019-10-01,1217.0120,1223.8492,1179.4532,1189.7090,727689
2019-09-30,1194.2214,1217.9236,1190.3926,1214.8240,907910
2019-09-27,1179.4532,1198.6884,1170.5194,1193.0820,897502
2019-09-26,1175.9890,1183.9202,1170.0180,1182.0058,985502
2019-09-25,1167.7846,1180.9574,1157.1642,1166.6906,841169
2019-09-24,1133.1430,1183.7834,1132.2770,1165.5510,1940187
2019-09-23,1165.0496,1167.6478,1124.2090,1129.1774,1528736
2019-09-20,1081.7276,1157.3008,1070.7882,1143.5354,2173417
2019-09-19,1100.3246,1102.4670,1069.5576,1074.5258,705256
2019-09-18,1098.3646,1108.6204,1091.7554,1099.1396,602215
2019-09-17,1107.4352,1107.4352,1088.2002,1091.3908,472524
2019-09-16,1085.7388,1110.4892,1083.4598,1103.7888,740874
2019-09-13,1107.3442,1119.6966,1100.3702,1117.2352,1106246
2019-09-12,1128.5848,1130.0434,1099.7322,1103.3786,506860
2019-09-11,1114.6370,1130.3626,1114.6370,1125.0296,417635
2019-09-09,1113.9990,1123.7988,1105.9768,1114.0902,562361
2019-09-06,1098.5014,1120.3802,1090.5248,1114.4548,1049685
2019-09-05,1101.2362,1106.4780,1087.7444,1092.3936,1016340
2019-09-04,1093.9434,1098.4102,1080.7248,1095.3564,1044488
2019-09-03,1130.4082,1133.1886,1093.9434,1099.3218,662588
2019-08-30,1136.7894,1143.1708,1112.9506,1138.0202,1373442
2019-08-29,1146.7716,1148.6404,1126.3058,1132.4136,802155
2019-08-28,1163.2264,1167.3286,1145.7688,1151.4210,525225
2019-08-27,1169.6078,1170.4282,1150.2814,1162.4060,708325
2019-08-26,1179.6356,1179.6356,1148.3670,1154.0190,653672
2019-08-23,1133.1430,1170.4282,1118.3748,1163.1808,1036187
2019-08-22,1158.6684,1158.7138,1129.5420,1136.3336,813916
2019-08-21,1164.5026,1165.4142,1154.7028,1158.4860,470610
2019-08-20,1179.6356,1179.6356,1160.3548,1163.2264,588608
2019-08-19,1167.6022,1182.0514,1167.3742,1177.9034,935789
2019-08-16,1176.4904,1176.9008,1160.6738,1164.5026,685639
2019-08-14,1183.2820,1188.7518,1166.9640,1174.4394,1585770
2019-08-13,1130.4082,1187.3844,1117.0074,1162.3148,4224041
2019-08-09,1056.5670,1071.1528,1050.8238,1059.3018,1067902
2019-08-08,1010.9860,1055.6554,998.8158,1050.1400,1740280
2019-08-07,1028.1244,1037.7876,1005.5162,1010.9860,1104015
2019-08-06,1036.3290,1048.2712,1022.7914,1028.3068,875688
2019-08-05,1073.4318,1073.4318,1029.2184,1041.9810,1227396
2019-08-02,1071.6086,1092.1200,1059.6208,1079.5398,1056515
2019-08-01,1066.4124,1083.2774,1048.5446,1076.2124,870102
2019-07-31,1073.8422,1080.1322,1060.2134,1062.9482,733106
2019-07-30,1104.1990,1112.0846,1071.8822,1076.2124,835831
2019-07-29,1111.6288,1113.5432,1098.5926,1104.1078,840682
2019-07-26,1124.4370,1132.2314,1103.1052,1106.7972,1115465
2019-07-25,1155.8878,1156.6628,1118.6938,1123.3886,772187
2019-07-24,1161.4032,1166.0068,1143.5354,1147.5466,999082
2019-07-23,1172.0692,1179.6356,1149.8256,1160.3548,859461
2019-07-22,1145.8600,1171.0208,1119.1040,1167.3286,1182448
2019-07-19,1156.1614,1158.6684,1133.1430,1138.6126,651101
2019-07-18,1168.6050,1172.5250,1146.8172,1150.2814,367278
2019-07-17,1182.1880,1182.1880,1166.8728,1168.2858,322865
2019-07-16,1165.9612,1180.5472,1156.9362,1178.8152,1178063
2019-07-15,1171.4310,1175.0774,1158.6684,1163.1352,496302
2019-07-12,1171.1574,1184.9230,1165.0496,1167.4198,649430
2019-07-11,1170.5650,1175.7612,1166.5082,1168.0580,315639
2019-07-10,1167.9668,1174.8040,1156.8450,1165.3688,776651
2019-07-09,1139.7978,1170.3826,1135.0574,1166.3714,1066810
2019-07-08,1149.5522,1155.6600,1137.7466,1141.2564,704343
2019-07-05,1173.2998,1176.1714,1148.1392,1151.0108,707897
2019-07-04,1168.6962,1177.1286,1167.5566,1169.6078,645228
2019-07-03,1168.2858,1172.7072,1163.2264,1168.9240,554265
2019-07-02,1162.3604,1167.7846,1151.9680,1165.0952,708408
2019-07-01,1145.9056,1159.5800,1136.7894,1156.3892,776021
2019-06-28,1165.9612,1169.4254,1137.7466,1141.3476,890114
2019-06-27,1180.1370,1182.0514,1158.7594,1162.1780,582739
2019-06-26,1174.2114,1189.2076,1173.3454,1180.1370,647990
2019-06-25,1150.4638,1183.0998,1143.4898,1181.2764,822299
2019-06-24,1155.9334,1163.2264,1146.3158,1151.0562,700265
2019-06-21,1180.5472,1181.0942,1163.2264,1166.1436,683814
2019-06-20,1165.9612,1185.1052,1165.1864,1182.2792,610787
2019-06-19,1171.6588,1186.1536,1151.1018,1164.5938,908514
2019-06-18,1167.7846,1173.8012,1157.1186,1169.1976,870037
2019-06-17,1204.4316,1204.7050,1164.5938,1168.2404,954643
2019-06-14,1205.7990,1207.9870,1193.7656,1200.5572,876351
2019-06-13,1213.3198,1216.4194,1194.2214,1207.2576,769031
2019-06-12,1217.1942,1220.2938,1208.4884,1213.4566,406130
2019-06-11,1204.3860,1216.8296,1200.7852,1211.1320,601619
2019-06-10,1203.2466,1209.7190,1194.7684,1202.2894,598528
2019-06-07,1210.3572,1211.2688,1190.2104,1199.0530,891994
2019-06-06,1234.5150,1238.8908,1204.8418,1209.7646,695910
2019-06-04,1237.9792,1251.6534,1228.3616,1231.6890,687813
2019-06-03,1217.0120,1244.3606,1205.2520,1238.2526,1032535
2019-05-31,1220.6584,1222.3906,1204.4772,1212.2260,901694
2019-05-30,1200.0558,1221.9802,1199.6912,1213.0008,1028228
2019-05-29,1205.3888,1215.3254,1189.2076,1197.1842,827773
2019-05-28,1200.7852,1216.8296,1197.9136,1208.7618,1136755
2019-05-27,1217.9236,1218.8352,1192.3982,1194.8596,1223812
2019-05-24,1230.5950,1233.8770,1200.2382,1218.6528,1771087
2019-05-23,1248.9186,1268.9742,1207.3944,1217.7412,2485983
2019-05-22,1229.7746,1238.8908,1216.5562,1222.2082,1284288
2019-05-21,1211.8158,1245.5000,1211.8158,1221.3422,3940694
2019-05-20,1197.7768,1218.3794,1187.4754,1208.3516,4305785
2019-05-17,1155.9334,1164.0468,1144.0824,1153.8368,1087162
2019-05-16,1149.5522,1158.0758,1146.5894,1152.3326,892644
2019-05-15,1162.1324,1164.9584,1140.5270,1146.1336,1397196
2019-05-14,1126.0324,1157.3008,1123.1152,1148.1846,1737197
2019-05-13,1139.8890,1148.9596,1118.5570,1122.0668,1322860
2019-05-10,1153.1074,1164.9584,1134.9662,1139.9802,3892382
2019-05-09,1177.5388,1177.5388,1140.8918,1144.2192,2072025
2019-05-08,1221.5700,1221.5700,1176.9462,1184.6038,1801447
2019-05-07,1268.5184,1270.7976,1222.7552,1225.7180,2093421
2019-05-06,1275.3556,1278.0904,1256.7130,1262.4562,1496250
2019-05-03,1282.6486,1291.7648,1277.5434,1282.6942,1952367
2019-05-02,1270.7976,1288.8020,1259.8580,1280.9164,1186534
2019-04-30,1271.7092,1271.7092,1246.1838,1268.7920,1866972
2019-04-26,1255.9382,1271.7092,1249.3288,1268.4728,998343
2019-04-25,1269.7948,1286.2038,1244.3606,1253.0666,1606515
2019-04-24,1248.9186,1271.3444,1245.5912,1267.1510,998518
2019-04-23,1230.6406,1250.6052,1226.7208,1242.8108,998730
2019-04-22,1243.4490,1244.4972,1222.4816,1225.9458,1020621
2019-04-18,1244.7708,1264.4162,1244.3606,1260.6786,1864865
2019-04-16,1226.1282,1239.5290,1221.7980,1226.4016,939764
2019-04-15,1225.8546,1229.5924,1216.0548,1221.3422,876413
2019-04-12,1229.6834,1236.6574,1219.1086,1223.3478,1004705
2019-04-11,1215.0064,1232.2360,1211.2688,1227.1766,1154264
2019-04-10,1221.5700,1228.5440,1208.8074,1211.4966,909848
2019-04-09,1213.2744,1221.5700,1204.7962,1217.3310,1647895
2019-04-08,1234.8796,1236.2472,1206.9842,1211.9068,940986
2019-04-05,1239.8936,1243.3122,1224.8518,1235.3356,1245393
2019-04-04,1257.1232,1261.4534,1227.9970,1233.5122,1283684
2019-04-03,1271.2078,1278.4096,1248.9186,1252.3828,1440618
2019-04-02,1273.1222,1278.7286,1258.7642,1265.7380,1005769
2019-04-01,1247.5968,1282.1928,1242.4006,1268.5640,1418543
2019-03-29,1245.2722,1254.3884,1236.2472,1242.5828,811053
2019-03-28,1230.6862,1248.8274,1224.6240,1240.3038,1049864
2019-03-27,1255.3000,1255.3000,1226.0370,1230.7774,1266771
2019-03-26,1212.4538,1248.8730,1212.4538,1246.3206,1827428
2019-03-25,1212.5450,1218.6072,1200.7396,1208.1236,987004
2019-03-22,1252.5652,1258.2628,1219.2910,1223.4844,1197415
2019-03-20,1257.1232,1264.0516,1243.0842,1254.0238,1266775
2019-03-19,1238.8908,1256.2116,1224.3050,1253.7046,1894625
2019-03-18,1207.9870,1238.1160,1207.9870,1228.4984,1537200
2019-03-15,1226.1282,1238.1616,1195.7256,1205.7078,1764787
2019-03-14,1230.6862,1241.1242,1216.1004,1222.6640,2698836
2019-03-13,1216.5562,1230.6862,1210.4028,1227.7234,2075565
2019-03-12,1200.6940,1215.1888,1199.2354,1212.3172,3885899
2019-03-11,1158.4860,1196.9564,1156.0246,1186.0168,1533335
2019-03-08,1153.2442,1161.4032,1150.0080,1154.6572,711896
2019-03-07,1151.1018,1165.9612,1147.6378,1157.6200,1573215
2019-03-06,1129.9524,1159.3976,1126.3058,1151.8768,1486688
2019-03-05,1118.2836,1129.8612,1110.5348,1127.6276,1184778
2019-03-01,1125.8500,1132.6872,1114.4092,1118.2836,1024657
2019-02-28,1122.2036,1129.9524,1117.0528,1122.7050,1034221
2019-02-27,1118.9218,1134.0546,1102.2846,1114.4092,1161238
2019-02-26,1107.0706,1124.5738,1099.5498,1111.9022,1050393
2019-02-25,1126.5794,1133.1430,1115.0474,1123.2518,742491
2019-02-22,1131.5476,1135.7866,1117.7366,1123.6622,2087875
2019-02-21,1126.7616,1145.6322,1121.4742,1136.2880,1560126
2019-02-20,1117.7366,1129.7244,1111.0362,1125.2574,1703665
2019-02-19,1111.4464,1130.1346,1104.2446,1108.8484,814166
2019-02-18,1135.2396,1140.8006,1108.4836,1111.9478,1608742
2019-02-15,1116.7338,1138.1568,1107.6176,1133.5988,1294849
2019-02-14,1130.6360,1132.8694,1110.4436,1117.1896,763456
2019-02-13,1149.5522,1160.4004,1125.8500,1134.4192,1437601
2019-02-12,1142.2592,1159.5800,1141.2564,1145.6322,878386
2019-02-11,1164.1380,1164.1380,1140.4360,1142.6694,668281
2019-02-08,1173.2542,1183.9202,1159.8078,1164.4570,1760602
2019-02-07,1195.0876,1204.1126,1172.1602,1176.1714,1494007
2019-02-06,1183.2820,1200.1470,1177.8124,1194.0848,2193896
2019-02-05,1177.8124,1188.9796,1165.5966,1176.2626,1909760
2019-02-04,1135.4676,1182.3704,1134.9662,1177.0374,2231965
2019-02-01,1124.9384,1142.2592,1117.4176,1137.0630,1873151
2019-01-31,1094.8550,1121.1096,1094.8550,1118.6482,1253615
2019-01-30,1107.6176,1116.6426,1085.3286,1089.2030,908736
2019-01-29,1121.2920,1123.0240,1095.4020,1103.8800,1167233
2019-01-28,1142.2592,1144.4926,1113.7710,1120.9272,1589788
2019-01-25,1139.6154,1151.3754,1127.2630,1136.1058,1041994
2019-01-24,1116.7794,1141.1196,1112.2668,1135.3308,1911484
2019-01-23,1124.3914,1134.0546,1114.4548,1117.3720,847250
2019-01-22,1124.9384,1136.1058,1111.6288,1125.6222,2505939
2019-01-21,1088.3824,1128.0378,1084.5992,1125.3942,2950183
2019-01-18,1048.0888,1084.1434,1035.1438,1078.4002,3652037
2019-01-17,1040.1578,1046.3568,1029.3096,1033.5486,1567094
2019-01-16,1034.4146,1043.4852,1030.3578,1033.8220,939617
2019-01-15,1005.6986,1032.2266,1005.6986,1029.7198,1336387
2019-01-14,999.7730,1004.6046,990.2466,999.5452,520951
2019-01-11,1011.2594,1015.5440,993.2094,1000.8670,964841
2019-01-10,1010.4390,1012.4902,1004.6958,1007.9320,411026
2019-01-09,1013.6296,1017.3672,1001.4140,1010.4390,683180
2019-01-08,1008.5702,1011.8064,999.2260,1006.3822,1037007
2019-01-07,1007.4762,1019.1450,1003.6930,1005.9264,612130
2019-01-04,1000.9582,1006.7470,985.6886,1001.9154,803558
2019-01-03,1010.1200,1015.9542,993.3462,995.2606,720887
2019-01-02,1017.3672,1027.1672,1004.1032,1008.5246,651461
2019-01-01,1026.4834,1030.1300,1013.3106,1022.2444,534520
2018-12-31,1027.5318,1033.2294,1017.9142,1021.9710,533533
2018-12-28,1024.0222,1035.5086,1022.8370,1026.3012,692794
2018-12-27,1007.3394,1026.3924,1006.8380,1021.0138,918201
2018-12-26,990.9304,1003.3740,972.2878,1000.0010,958885
2018-12-24,1004.4224,1005.5162,990.4746,993.7108,545989
2018-12-21,1028.5802,1031.4062,998.2232,1001.2772,1686245
2018-12-20,1024.6602,1031.9076,1017.8232,1027.6230,618987
2018-12-19,1038.0154,1045.2172,1031.4062,1036.6024,2253797
2018-12-18,1022.8370,1038.7904,1021.7430,1036.0100,607064
2018-12-17,1016.1822,1033.5942,1012.1710,1030.6770,756862
2018-12-14,1006.3368,1016.4556,996.0354,1013.4930,777281
2018-12-13,1026.1188,1026.8026,999.6364,1008.9804,1276311
2018-12-12,1002.7814,1014.9516,991.9332,1012.3534,2091533
2018-12-11,971.8774,1002.9638,962.0776,999.3172,1932446
2018-12-10,1014.3134,1014.4046,988.1954,992.2978,2230483
2018-12-07,1032.6826,1034.8704,1011.0772,1033.0928,516957
2018-12-06,1046.0834,1046.4024,1019.4184,1024.1588,502997
2018-12-05,1043.5308,1056.5670,1038.8816,1052.7838,541743
2018-12-04,1054.7436,1055.1084,1041.9354,1049.7754,417132
2018-12-03,1068.4636,1070.2412,1047.1316,1054.1056,590082
2018-11-30,1068.4180,1081.1806,1060.1678,1064.9538,917680
2018-11-29,1056.5670,1075.6198,1056.3846,1066.5948,835536
2018-11-28,1032.2266,1055.3818,1026.9394,1044.9438,2216909
2018-11-27,1011.4418,1029.5830,1004.3312,1027.8510,533331
2018-11-26,1011.8520,1018.5068,1001.0038,1011.5330,564537
2018-11-22,1016.1822,1025.6630,1002.7814,1005.3796,728854
2018-11-21,1036.5114,1044.1690,1009.2084,1013.9944,1008428
2018-11-20,1044.7158,1053.3306,1030.4946,1038.0154,953482
2018-11-19,1031.9532,1049.6386,1031.2240,1047.9978,1038580
2018-11-16,999.2260,1029.4918,999.2260,1027.8510,1419282
2018-11-15,999.1350,1005.3796,991.0214,999.9554,577962
2018-11-14,1007.3394,1014.4956,990.9304,999.2260,848161
2018-11-13,980.8114,1005.3340,976.3444,1002.3712,733789
2018-11-12,1001.4140,1002.8270,979.3528,983.4094,523484
2018-11-09,1008.2512,1014.9060,990.0188,996.7192,766667
2018-11-06,997.5852,1013.6752,996.4456,1005.9264,1334881
2018-11-05,979.0792,996.8558,970.4188,992.3434,10200268
2018-11-02,973.4272,985.4606,969.0514,979.3072,8698179
2018-11-01,972.1510,974.3388,957.4740,963.4906,795450
2018-10-31,970.6012,971.5128,955.0582,967.5928,6366346
2018-10-30,991.3406,991.3406,959.0236,963.7184,1127001
2018-10-29,955.1036,996.5368,954.4656,991.8420,1081315
2018-10-26,948.0842,963.3538,931.8118,952.3688,1308040
2018-10-25,944.4378,948.1298,927.1170,939.1504,1422281
2018-10-24,979.0792,979.9454,939.8796,954.1010,1180239
2018-10-23,959.9352,970.4188,951.4572,959.5706,1064892
2018-10-22,1012.8092,1016.2734,963.9008,968.5500,1305453
2018-10-19,1006.3368,1011.8976,978.3044,1004.2856,2950890
2018-10-17,1075.7110,1076.5770,1040.1578,1047.3596,2933639
2018-10-16,1044.8526,1064.7716,1039.9754,1060.8060,937737
2018-10-15,1033.1384,1045.0350,1020.3300,1039.0638,803094
2018-10-12,1005.0604,1029.2184,1004.6046,1026.8482,900698
2018-10-11,973.4272,1015.9088,950.8646,992.9358,1545361
2018-10-10,998.2232,1016.1822,989.1982,1004.9236,817141
2018-10-09,1022.0166,1024.2044,985.2328,994.0298,1252062
2018-10-08,956.1520,1016.7748,934.5922,1010.0288,2686592
2018-10-05,1005.1516,1016.9570,947.6740,957.0636,2351128
2018-10-04,1093.0318,1093.0318,1007.3850,1021.5152,2993045
2018-10-03,1124.1180,1130.1802,1092.7582,1098.7750,869034
2018-10-01,1146.9996,1148.6404,1097.8632,1122.7050,740575
2018-09-28,1148.6404,1158.7594,1137.3820,1146.9996,1308458
2018-09-27,1148.4582,1151.6032,1129.1318,1142.1680,786265
2018-09-26,1126.0324,1143.2620,1118.3748,1141.1196,681797
2018-09-25,1124.3002,1134.8750,1090.0690,1121.8388,801119
2018-09-24,1108.5292,1130.3170,1097.8178,1123.3886,912368
2018-09-21,1112.2214,1127.7644,1078.6282,1109.3042,1143507
2018-09-19,1116.7338,1118.5570,1095.0372,1103.3330,1739032
2018-09-18,1115.8222,1129.4054,1106.9340,1109.6232,634814
2018-09-17,1141.2564,1141.2564,1112.6316,1117.8734,750979
2018-09-14,1149.5522,1162.3148,1138.2024,1142.0768,594060
2018-09-12,1134.4648,1146.4982,1121.1552,1141.9856,927311
2018-09-11,1148.6404,1155.7056,1125.8500,1128.9950,739016
2018-09-10,1162.3148,1163.9102,1140.9374,1146.0424,693515
2018-09-07,1155.6600,1166.7818,1143.9456,1163.9102,869120
2018-09-06,1121.2920,1152.1046,1117.6454,1148.7772,1128536
2018-09-05,1134.9662,1141.7578,1103.0596,1117.4632,2430874
2018-09-04,1125.8500,1143.8544,1121.2920,1132.5504,875517
2018-09-03,1138.6126,1146.8172,1119.0128,1121.6566,2464929
2018-08-31,1161.2208,1161.2208,1127.7188,1131.2742,2592485
2018-08-30,1185.1052,1185.1052,1158.1670,1161.4944,3639497
2018-08-29,1202.4260,1211.3144,1176.2626,1180.0458,1152001
2018-08-28,1183.9658,1206.0726,1181.0030,1201.6968,978697
2018-08-27,1166.9184,1181.6412,1166.8728,1177.4476,583405
2018-08-24,1153.1986,1166.8728,1149.4610,1165.0952,763943
2018-08-23,1134.0546,1160.9930,1129.1318,1157.4832,735176
2018-08-21,1126.7616,1140.4360,1118.6938,1136.3336,864101
2018-08-20,1099.8688,1128.6304,1099.8688,1125.7588,1133349
2018-08-17,1099.4130,1107.6176,1094.1712,1097.0884,385572
2018-08-16,1099.7776,1108.2558,1090.5248,1094.1256,653575
2018-08-14,1082.2746,1108.8938,1080.4970,1103.9256,632072
2018-08-13,1096.6782,1096.6782,1078.4914,1082.2290,451159
2018-08-10,1107.6176,1107.8912,1095.7210,1097.5898,345452
2018-08-09,1112.1758,1122.6594,1104.8828,1110.3070,1067169
2018-08-08,1083.3686,1113.9990,1081.1806,1109.6688,964498
2018-08-07,1090.2968,1093.9434,1074.1612,1078.9472,424647
2018-08-06,1075.7110,1090.2968,1071.0162,1086.1946,540965
2018-08-03,1071.1528,1079.2206,1066.1390,1072.7482,562938
2018-08-02,1086.9694,1088.9294,1062.9482,1065.0906,567231
2018-08-01,1089.3852,1096.6326,1081.1350,1085.8756,1030968
2018-07-31,1048.3624,1084.8272,1043.8042,1081.0440,2352554
2018-07-30,1035.5996,1055.2450,1027.0304,1048.0888,1439941
2018-07-27,1018.4612,1036.5114,1014.4502,1029.7654,903236
2018-07-26,1014.6324,1021.9254,1009.8008,1012.2166,310987
2018-07-25,1013.9488,1023.1106,1006.9292,1015.5896,535064
2018-07-24,1022.8370,1026.5746,1009.7552,1012.3990,616594
2018-07-23,1029.8564,1030.1300,1015.5440,1021.1506,415416
2018-07-20,1012.3534,1037.6508,1012.3534,1028.8082,902105
2018-07-19,998.2232,1015.5440,990.7480,1006.3368,1571921
2018-07-18,1000.8670,1006.8836,983.6374,994.1666,562488
2018-07-17,983.6374,998.2232,974.6580,995.2150,581198
2018-07-16,1001.0038,1010.5302,978.1676,981.0392,902142
2018-07-13,987.1926,1009.3906,985.3694,999.8186,1765605
2018-07-12,950.9558,1001.6874,950.9558,986.5546,2767099
2018-07-11,934.4100,946.8992,927.1170,944.7568,818832
2018-07-10,912.9868,937.6006,912.9868,935.0936,1233479
2018-07-09,898.4010,910.4344,896.3954,907.6538,581657
2018-07-06,880.5332,895.6206,879.5304,890.1964,679471
2018-07-05,910.4344,919.3682,875.2458,879.7128,2605270
2018-07-04,888.6466,904.3264,886.0940,902.5488,680719
2018-07-03,878.8012,891.7918,876.0662,885.7294,453997
2018-07-02,887.0058,887.4616,872.9212,876.1118,420837
2018-06-29,867.8618,891.3360,865.7650,886.9602,656393
2018-06-28,879.7584,883.3592,858.1530,861.2068,575057
2018-06-27,893.3870,898.6288,875.6104,879.9862,714971
2018-06-26,914.9012,916.2232,889.2848,892.2020,744780
2018-06-25,927.1170,927.1170,913.3972,914.8556,425822
2018-06-22,938.9680,938.9680,919.4594,922.8324,13436788
2018-06-21,932.5866,944.2554,930.2164,941.1104,897122
2018-06-20,908.4288,931.4472,907.9730,929.8062,688310
2018-06-19,925.2938,925.2938,905.2836,907.6538,477346
2018-06-18,921.4650,928.5756,918.6390,925.2938,590381
2018-06-15,918.4566,933.0426,911.3916,924.2454,833731
2018-06-14,908.1552,922.2854,900.8624,918.4566,593708
2018-06-13,910.7078,916.0864,902.5032,913.5338,693913
2018-06-12,895.3926,909.7962,893.7972,907.4260,491279
2018-06-11,897.3526,911.1636,891.7462,895.6206,1680658
2018-06-08,883.2680,899.3126,875.6560,896.4866,537678
2018-06-07,870.5966,889.3760,870.5966,885.5472,666246
2018-06-06,865.0356,870.9612,859.2470,869.1380,370860
2018-06-05,858.0618,870.5966,858.0162,864.0784,584366
2018-06-04,852.1818,860.3408,849.6294,856.3298,3772716
2018-06-01,839.8750,852.2730,837.8694,847.0768,4108578
2018-05-31,838.0974,842.3364,835.4992,839.8750,4071618
2018-05-30,833.2202,841.2424,826.9300,836.2740,973506
2018-05-29,838.7354,845.8916,833.3570,835.9550,459085
2018-05-28,841.9262,845.2080,837.7326,839.6016,2732580
2018-05-25,836.9122,842.5642,834.6788,840.2852,353537
2018-05-24,835.6816,839.5560,830.3486,835.0890,481507
2018-05-23,845.0712,845.1624,828.7076,831.6248,556508
2018-05-22,850.5410,851.6348,842.7922,844.9800,445996
2018-05-21,849.6294,852.7288,840.5132,849.5838,470665
2018-05-18,862.3920,869.2748,849.1736,850.9056,979002
2018-05-17,875.0636,875.7928,859.2014,861.6172,2855710
2018-05-16,890.0140,890.0140,870.0496,871.9184,2601959
2018-05-15,893.3870,910.9814,890.6522,892.7946,615932
2018-05-14,906.0586,906.0586,890.1052,897.8084,337417
2018-05-11,895.9396,902.6400,890.8802,901.1358,693917
2018-05-10,890.7434,897.0336,888.3732,894.0252,645997
2018-05-09,882.1286,895.8028,876.9780,889.1024,673668
2018-05-08,887.5072,895.2102,879.8496,882.1286,681835
2018-05-07,873.3314,887.9174,871.9640,885.9574,708454
2018-05-04,878.7556,879.2570,865.7194,869.5938,362862
2018-05-03,890.6522,892.2932,874.5166,877.5248,646046
2018-05-02,883.1770,891.7462,880.8522,887.0058,625589
2018-04-30,897.6716,904.3264,876.0662,877.9806,1109434
2018-04-27,900.9080,921.3738,900.9080,906.8334,2206202
2018-04-26,886.0940,900.6800,878.2542,889.1480,1072029
2018-04-25,886.5954,894.7090,879.2570,884.9090,858858
2018-04-24,854.8256,888.3732,852.3642,884.0430,1032331
2018-04-23,845.3448,859.6116,844.1596,852.5010,321179
2018-04-20,856.0106,858.3808,840.0118,846.0284,433942
2018-04-19,855.2814,860.5232,852.4554,858.0618,739036
2018-04-18,861.4804,864.4432,851.4526,854.1874,415026
2018-04-17,855.3270,863.7594,853.3670,860.2952,737058
2018-04-16,852.3642,856.8312,846.2564,854.4154,297632
2018-04-13,848.8544,858.1986,846.9856,855.8740,1461474
2018-04-12,847.8060,852.6376,841.5160,845.5726,769392
2018-04-11,838.7810,848.7178,835.6360,846.9400,893975
2018-04-10,836.8666,840.9234,832.6276,835.4536,1047554
2018-04-09,832.2630,836.6388,830.8500,835.0890,585208
2018-04-06,829.4826,836.1374,825.0156,829.3458,850160
2018-04-05,822.7822,829.5736,822.7822,826.6110,940136
2018-04-04,825.4714,830.6220,813.4836,815.9906,376206
2018-04-03,811.3414,821.3692,807.7860,819.3636,347665
2018-04-02,811.7972,821.5514,808.0594,813.8026,948864
2018-03-28,815.9450,816.8110,803.1368,804.7776,654645
2018-03-27,825.0612,829.6192,818.1784,820.4120,606457
2018-03-26,813.9394,824.5598,813.1646,821.4146,1145342
2018-03-23,814.4408,820.1840,811.3414,813.9394,840462
2018-03-22,817.2668,830.1206,816.0818,827.1124,1637299
2018-03-21,816.6286,822.2352,813.1646,817.1300,513813
2018-03-20,819.6370,823.7394,808.6064,810.9310,576775
2018-03-19,823.9216,826.0184,813.4836,816.1728,547616
2018-03-16,829.5736,829.5736,808.0594,820.9134,1240168
2018-03-15,846.6210,846.6210,829.5736,831.6248,695086
2018-03-14,844.6610,848.9000,838.2796,846.5298,355350
2018-03-13,847.2136,852.6832,840.1484,848.3530,397630
2018-03-12,837.6872,850.5410,835.2258,847.2136,582531
2018-03-09,834.1318,837.7782,829.5736,831.4426,359682
2018-03-08,820.1840,833.1290,815.2612,831.0322,631739
2018-03-07,828.2974,828.9356,809.7916,812.7544,681187
2018-03-06,847.5326,853.2758,823.3292,830.3942,581715
2018-03-05,861.0246,865.9474,840.5132,842.5186,1317487
2018-03-01,866.8134,874.0608,862.3920,863.9418,350867
2018-02-28,861.0246,870.5054,854.1874,868.2720,467652
2018-02-27,856.0106,871.0524,855.6460,865.9928,690905
2018-02-26,853.3670,861.2524,853.3670,855.6460,399314
2018-02-23,842.5186,854.1874,842.1084,851.4526,412587
2018-02-22,841.5614,848.4898,838.6898,842.2452,326078
2018-02-21,845.0712,848.7178,840.5132,846.3020,406270
2018-02-20,845.9828,847.8060,835.0434,838.1430,369820
2018-02-19,838.9634,848.3530,833.5848,844.0228,483170
2018-02-16,854.5064,858.7456,837.4592,840.2396,486839
2018-02-15,853.3214,861.4804,846.2564,851.4982,631446
2018-02-14,840.1940,858.2898,839.4192,849.9940,866367
2018-02-12,821.4602,836.8666,821.4602,833.8584,715012
2018-02-09,813.1190,822.5086,808.1506,818.5886,812279
2018-02-08,817.1300,829.5736,813.2102,823.7394,842596
2018-02-07,820.9588,825.4714,811.8426,814.9878,756582
2018-02-06,802.2252,818.5886,795.0234,813.8482,2102371
2018-02-05,816.6286,831.3970,804.6864,824.5142,780325
2018-02-02,855.7372,859.8850,823.1924,825.6538,1415834
2018-02-01,879.1658,885.4104,855.2814,860.6600,1531702
2018-01-31,866.0384,879.6216,858.7456,876.2030,922823
2018-01-30,878.8012,879.0746,861.9818,865.3548,1401240
2018-01-29,880.6244,890.2420,875.2458,878.6188,844036
2018-01-25,884.2708,885.5928,872.6478,879.3026,851963
2018-01-24,895.1192,895.1192,875.6104,879.3026,891869
2018-01-23,888.8290,902.5032,888.8290,894.9368,1351954
2018-01-22,864.6710,888.3732,857.0134,885.3648,3581241
2018-01-19,840.5132,849.9484,840.5132,847.2136,1212148
2018-01-18,847.8060,847.8060,830.4854,838.0518,715034
2018-01-17,843.2480,846.5754,827.7504,842.9290,727471
2018-01-16,865.1268,865.1268,838.6898,841.8806,967811
2018-01-15,866.2208,872.9212,861.6626,863.8506,899234
2018-01-12,858.7456,867.7250,855.1902,863.0758,1204015
2018-01-11,858.5176,859.4292,852.3642,854.3698,542942
2018-01-10,861.4804,863.0758,852.7288,858.2898,711511
2018-01-09,846.9400,860.5232,842.3364,857.7428,1048394
2018-01-08,842.4276,847.9884,841.9718,846.3930,671445
2018-01-05,839.1456,844.0228,838.1884,841.4248,821112
2018-01-04,837.7782,840.3308,835.0434,838.9178,482391
2018-01-03,842.7466,845.2536,832.5820,835.3624,1041326
2018-01-02,834.1318,837.9606,827.0668,830.8500,3559603
2018-01-01,840.5132,841.4248,829.3002,830.9868,489956
2017-12-29,844.0684,849.8572,836.9578,839.6470,1844767
2017-12-28,841.6070,851.6348,837.4592,842.7010,1126212
2017-12-27,847.9428,853.9596,837.1858,840.7866,787679
2017-12-26,841.4248,853.8228,837.4136,845.9828,816949
2017-12-22,835.0434,840.5132,829.7560,837.3224,597442
2017-12-21,838.6898,841.6070,830.5764,832.3542,631103
2017-12-20,843.2480,845.0712,835.9550,837.5504,1161561
2017-12-19,840.0574,844.9800,838.7354,842.3364,1069425
2017-12-18,835.9550,848.9456,785.5424,838.1430,1147278
2017-12-15,847.0768,850.5410,836.4108,838.5988,836737
2017-12-14,838.6898,843.2480,828.6620,839.1912,2102062
2017-12-13,838.4620,842.6098,831.3970,833.2202,1124217
2017-12-12,832.7644,846.8488,827.6592,834.1774,1081539
2017-12-11,839.4192,843.6582,832.7644,834.9522,864321
2017-12-08,854.1874,854.1874,838.3708,839.5560,737280
2017-12-07,845.1624,851.4070,841.2424,848.3986,955806
2017-12-06,833.0378,848.2618,828.8444,845.5270,2072074
2017-12-05,820.7766,837.6872,816.7198,830.9412,1043957
2017-12-04,834.8156,836.7754,818.6342,821.8250,913026
2017-12-01,843.2480,848.8088,827.7504,829.4370,631339
2017-11-30,856.9222,867.8618,838.6898,841.0600,603761
2017-11-29,859.6116,865.8562,855.0990,861.8906,1023637
2017-11-28,865.5370,866.9046,855.3270,859.6116,460261
2017-11-27,864.2152,871.2802,860.1130,866.6766,639448
2017-11-24,864.2152,874.2430,862.9846,865.5826,1027471
2017-11-23,843.8406,864.2152,843.8406,861.6172,1117879
2017-11-22,854.2330,855.7372,842.8378,848.0340,842596
2017-11-21,843.2480,856.6488,842.3364,849.9940,964764
2017-11-20,829.5736,842.3364,825.2436,837.6416,866175
2017-11-17,836.5020,843.0200,826.9300,829.3002,894914
2017-11-16,804.5042,825.0156,804.5042,822.6910,1297890
2017-11-15,807.6948,811.2046,800.4018,804.4130,2280737
2017-11-14,797.6670,815.4436,795.8438,807.8772,584586
2017-11-13,805.4158,812.5720,795.8438,797.8038,570756
2017-11-10,820.4574,821.3692,802.5442,805.4158,610410
2017-11-09,815.9906,828.7532,813.1646,821.8706,646106
2017-11-08,826.8388,828.5710,806.8744,809.7460,744742
2017-11-07,851.8628,852.3642,823.3292,826.5198,860473
2017-11-06,860.5688,861.4804,846.8944,851.8628,818849
2017-11-03,869.0468,869.0468,857.3780,862.0274,1464493
2017-11-02,869.6850,872.3286,860.7510,863.3948,1037205
2017-11-01,862.3920,872.7844,862.3008,868.1352,919843
2017-10-31,859.6572,861.4804,849.7204,857.6516,961996
2017-10-30,848.7178,861.4804,848.7178,857.0590,878862
2017-10-27,866.1296,871.9640,844.5242,847.3046,8279908
2017-10-26,855.4182,873.5138,849.1736,863.5316,1402369
2017-10-25,856.9222,862.1640,847.8060,856.8766,906049
2017-10-24,863.3948,863.3948,846.2564,852.1362,646595
2017-10-23,830.6220,860.0674,829.4826,855.1902,1091050
2017-10-18,798.1684,835.9550,797.8038,832.9922,2039378
2017-10-17,801.2224,805.8260,790.6476,796.9832,672010
2017-10-16,802.1340,812.8910,785.5880,797.8494,1273904
2017-10-13,802.2252,812.2530,796.9832,799.2168,1262803
2017-10-12,766.6720,798.7610,766.6720,795.3880,1276997
2017-10-11,770.3184,782.0784,762.3874,766.1250,860261
2017-10-10,757.5558,772.0506,757.3278,768.8598,638240
2017-10-09,762.8888,763.9370,755.0488,757.3278,510149
2017-10-06,751.9948,764.7576,749.9438,762.8888,564634
2017-10-05,752.0860,755.0488,746.3884,751.3568,716690
2017-10-04,727.7914,752.0404,725.1932,746.7986,829691
2017-10-03,722.3216,732.6686,716.7608,727.7914,1225223
2017-09-29,721.0910,723.3700,711.0632,713.0232,1298843
2017-09-28,729.2956,731.5746,712.1116,717.2166,1848593
2017-09-27,754.3650,754.3650,725.1932,728.0192,1193038
2017-09-26,747.9838,753.9092,740.6908,746.7986,928325
2017-09-25,745.6136,754.5474,734.1272,747.9382,1440825
2017-09-22,766.3984,766.3984,742.0582,745.2488,903161
2017-09-21,773.0532,776.1528,763.0254,766.9454,839047
2017-09-20,780.5742,795.0234,770.3184,772.2328,1505705
2017-09-19,773.9650,773.9650,763.5268,765.7604,403508
2017-09-18,772.1416,776.0616,768.5864,770.6830,550576
2017-09-15,767.6748,776.8366,761.5668,768.8598,837204
2017-09-14,781.2578,785.2690,767.5836,769.5892,941016
2017-09-13,751.1744,783.3090,749.8070,774.0560,1517373
2017-09-12,749.4424,751.7214,745.2034,750.5362,283545
2017-09-11,747.8926,753.9092,743.9270,745.7958,1982837
2017-09-08,747.6192,750.8098,740.9642,744.9298,591594
2017-09-07,751.1744,759.1056,744.3372,746.5252,1290202
2017-09-06,1487.2160,1506.3600,1481.3816,1499.2494,3832902
2017-09-05,1475.9120,1490.4066,1475.9120,1488.6744,4228042
2017-09-04,1472.2654,1491.1814,1455.1270,1468.9380,4147192
2017-09-01,1460.2320,1473.1314,1456.9502,1467.1148,819363
2017-08-31,1431.5160,1456.3120,1431.5160,1452.6656,1268792
2017-08-30,1408.4520,1429.9662,1407.1758,1425.9096,763053
2017-08-29,1422.1264,1428.3254,1394.7778,1396.3730,821936
2017-08-28,1439.4470,1442.4098,1423.6760,1427.4136,538056
2017-08-24,1451.0246,1451.4804,1426.3198,1428.8724,680632
2017-08-23,1428.5078,1444.9168,1416.6566,1441.5438,773120
2017-08-22,1434.8890,1439.9030,1420.3030,1425.1802,642129
2017-08-21,1437.6694,1445.0080,1424.8612,1427.4136,1761730
2017-08-18,1427.5962,1439.9030,1416.3376,1436.1654,576696
2017-08-17,1432.7924,1455.7194,1422.2174,1427.6416,1265477
2017-08-16,1432.1542,1438.5354,1413.5116,1428.4622,968525
2017-08-14,1418.9358,1444.9168,1418.9358,1434.1142,1177790
2017-08-11,1417.4772,1438.5354,1399.7916,1409.8650,1017435
2017-08-10,1456.7222,1464.8358,1437.8974,1444.0508,1369707
2017-08-09,1458.5912,1476.7322,1445.6004,1457.5428,781591
2017-08-08,1476.8236,1477.7352,1447.8796,1461.6906,836243
2017-08-07,1485.5750,1487.7628,1470.2598,1473.7240,818770
2017-08-04,1513.7896,1516.2054,1472.7668,1479.1026,1149039
2017-08-03,1485.8486,1517.8464,1473.9976,1505.5850,1539257
2017-08-02,1466.4310,1491.4094,1463.1492,1485.1192,1350926
2017-08-01,1480.3332,1481.3816,1450.9336,1461.8274,574386
2017-07-31,1458.6368,1475.0002,1454.9448,1471.2172,777683
2017-07-28,1455.8564,1463.1492,1439.4470,1453.3492,922124
2017-07-27,1485.8940,1486.9426,1450.3866,1457.0870,1010198
2017-07-26,1467.7072,1485.8940,1460.4142,1478.5554,3004751
2017-07-25,1482.9314,1485.0280,1458.5912,1461.6450,1137700
2017-07-24,1462.2376,1481.1992,1446.0108,1473.2682,3203493
2017-07-21,1416.6566,1451.4804,1407.9052,1446.0108,7977941
2017-07-20,1403.8940,1412.8734,1386.6186,1393.5926,918587
2017-07-19,1385.3880,1404.6232,1381.1036,1397.9684,566040
2017-07-18,1411.5516,1414.3776,1378.3686,1385.5704,1023431
2017-07-17,1398.6978,1421.0324,1398.6978,1414.2408,999227
2017-07-14,1387.4848,1398.4242,1381.3314,1395.7350,1024751
2017-07-13,1376.5454,1388.9434,1373.5370,1384.6132,1160758
2017-07-12,1366.3354,1389.7638,1363.7826,1377.0012,1152576
2017-07-11,1367.4292,1371.0756,1355.6238,1363.0534,1065177
2017-07-10,1360.1362,1374.7222,1355.5782,1360.5464,5067935
2017-07-07,1310.9086,1364.6942,1310.9086,1359.0422,2736220
2017-07-06,1317.5636,1321.8026,1310.3162,1314.0082,650928
2017-07-05,1301.0632,1318.1106,1300.8810,1312.5498,951198
2017-07-04,1264.8720,1299.5134,1264.8720,1296.9610,2991288
2017-07-03,1265.3278,1270.7976,1250.8330,1261.7726,787564
2017-06-30,1269.7948,1270.9800,1253.5680,1258.2628,425123
2017-06-29,1287.2066,1292.6764,1267.4246,1269.7948,554034
2017-06-28,1311.1822,1312.7320,1272.7574,1274.8998,832822
2017-06-27,1305.4392,1312.7774,1299.0578,1308.9944,1663682
2017-06-23,1311.8204,1314.2816,1304.4362,1308.1738,1629100
2017-06-22,1303.6158,1316.3784,1302.3852,1306.4874,1167356
2017-06-21,1285.3834,1300.8810,1281.3722,1292.7674,5547241
2017-06-20,1289.9414,1296.8698,1283.6058,1287.4346,2344189
2017-06-19,1268.8832,1289.9414,1268.0626,1284.6086,1803847
2017-06-16,1266.0572,1271.7092,1249.0098,1265.1912,3887613
2017-06-15,1241.6256,1271.0254,1239.8024,1262.1372,4072940
2017-06-14,1201.5144,1237.5234,1199.4632,1236.0648,14088812
2017-06-13,1199.6912,1209.7190,1193.3098,1196.5918,495063
2017-06-12,1211.9982,1212.4082,1201.0586,1202.7452,320784
2017-06-09,1225.2166,1232.5094,1212.4538,1217.4678,759289
2017-06-08,1221.5700,1226.1282,1210.7218,1212.3628,388118
2017-06-07,1196.7740,1224.4872,1192.9452,1220.8406,652333
2017-06-06,1220.5674,1220.5674,1195.0420,1197.3210,487584
2017-06-05,1207.8956,1222.0258,1199.4632,1211.4510,1062067
2017-06-02,1212.4994,1220.4760,1200.2380,1207.6680,677317
2017-06-01,1219.7468,1221.5246,1206.1182,1211.0864,571317
2017-05-31,1247.0954,1247.0954,1217.9236,1222.1170,1891837
2017-05-30,1236.6574,1243.7224,1229.7748,1238.7542,529116
2017-05-29,1219.1088,1245.1810,1217.9236,1236.6574,1828407
2017-05-26,1186.9284,1225.2622,1186.0168,1217.7412,1292261
2017-05-25,1185.1052,1195.8168,1183.0998,1187.7490,437399
2017-05-24,1190.2560,1197.4120,1180.5470,1182.3704,598603
2017-05-23,1206.9840,1212.6818,1186.4728,1189.1164,977906
2017-05-22,1205.6622,1215.5078,1198.8252,1206.7564,895295
2017-05-19,1220.6584,1220.6584,1195.2242,1201.9702,629784
2017-05-18,1227.7690,1232.5094,1206.3460,1209.7644,467487
2017-05-17,1236.1560,1244.2238,1228.9086,1232.8742,500756
2017-05-16,1226.1282,1255.3000,1223.2110,1236.5206,1457034
2017-05-15,1234.7886,1236.2014,1216.5562,1224.8976,583605
2017-05-12,1243.3578,1243.3578,1225.3988,1231.4612,1574183
2017-05-11,1241.2610,1253.4310,1232.7374,1236.7940,1551400
2017-05-10,1215.1886,1242.5372,1213.7758,1239.3468,1827745
2017-05-09,1206.0724,1215.1886,1204.2494,1213.0008,742051
2017-05-08,1211.1776,1221.2054,1203.3378,1205.1152,2345776
2017-05-05,1240.7140,1246.7764,1207.9414,1211.1776,1319461
2017-05-04,1251.7446,1257.5790,1234.9252,1238.6628,818653
2017-05-03,1253.7046,1258.4906,1244.3606,1249.1466,949910
2017-05-02,1276.3584,1278.0906,1245.9558,1249.7390,1155391
2017-04-28,1284.5174,1295.2288,1267.6070,1271.5268,1543740
2017-04-27,1294.4996,1298.7842,1278.7742,1283.6058,1088327
2017-04-26,1308.2652,1312.7320,1279.1388,1291.1722,1265909
2017-04-25,1330.6910,1335.5224,1301.4736,1305.8948,2533469
2017-04-24,1285.3834,1307.0344,1276.3584,1291.2178,2156164
2017-04-21,1253.6590,1294.4996,1251.6992,1276.0394,2909986
2017-04-20,1254.8442,1264.3250,1244.8162,1248.3716,1166152
2017-04-19,1249.8304,1260.4962,1238.2072,1248.7818,843107
2017-04-18,1272.1648,1285.3834,1247.4144,1249.3288,1449552
2017-04-17,1246.8220,1271.0254,1244.3606,1268.0626,1297745
2017-04-13,1232.5094,1251.6536,1228.8630,1243.7680,1336607
2017-04-12,1266.0572,1266.0572,1231.6436,1234.4696,2336096
2017-04-11,1263.5046,1276.5408,1249.8304,1252.6562,1470982
2017-04-10,1290.8532,1298.7842,1256.2114,1258.9922,1562597
2017-04-07,1298.2372,1307.0344,1278.6832,1281.3266,2717217
2017-04-06,1285.1098,1320.4806,1278.7286,1311.2278,4212330
2017-04-05,1265.3278,1292.6308,1258.7642,1289.8504,3644587
2017-04-03,1214.2770,1258.0348,1214.2770,1250.0126,4034046
2017-03-31,1157.7566,1217.9236,1156.7994,1202.6084,6758442
2017-03-30,1144.0824,1160.3092,1143.2164,1157.1640,1769916
2017-03-29,1139.5698,1148.6406,1125.0296,1143.8090,1882767
2017-03-28,1144.1280,1151.6944,1127.6734,1135.5588,1763329
2017-03-27,1155.5232,1165.5056,1136.8806,1140.2080,3588494
2017-03-24,1161.4944,1177.4934,1156.2982,1172.5248,2733034
2017-03-23,1154.9306,1164.8216,1147.0452,1161.4944,1192541
2017-03-22,1143.8090,1154.1104,1137.2908,1148.1846,1071209
2017-03-21,1171.9780,1171.9780,1148.3670,1152.1046,990876
2017-03-20,1186.0168,1189.6634,1164.2748,1167.1920,1583683077
2017-03-17,1189.6634,1203.2008,1183.7834,1185.6978,1137203
2017-03-16,1195.1332,1195.1332,1180.1824,1182.6894,1236516
2017-03-15,1175.4422,1199.6912,1169.8358,1189.1164,1572043989
2017-03-14,1199.6456,1202.5172,1171.6590,1175.4422,2410195
2017-03-10,1179.5900,1181.9146,1150.0078,1168.1492,1455682
2017-03-09,1175.8068,1183.2820,1168.4226,1173.5734,1604368182
2017-03-08,1191.5322,1194.2214,1172.3426,1177.7212,3205693
2017-03-07,1199.8278,1209.4912,1182.0058,1189.4812,4593838
2017-03-06,1155.9334,1194.1304,1153.6088,1189.5722,4830146
2017-03-03,1127.6734,1173.9834,1127.6734,1147.2274,4821492
2017-03-02,1126.7618,1143.1708,1117.3264,1124.2546,1659224
2017-03-01,1132.2312,1134.8750,1121.5200,1125.0752,3322531
2017-02-28,1128.4026,1137.5644,1119.9702,1128.8128,6989484
2017-02-27,1082.0922,1145.4498,1082.0922,1129.1318,5414627
2017-02-23,1106.6148,1114.2724,1074.9816,1078.0810,4398618
2017-02-22,995.5340,1104.8826,995.5340,1100.9174,13452490
2017-02-21,977.5294,994.1664,977.5294,992.0700,1131429
2017-02-20,975.4328,981.8140,972.0142,978.8058,926780
2017-02-17,971.7864,982.6346,965.4050,980.3098,1272156
2017-02-16,959.0236,972.6980,959.0236,970.8292,793633
2017-02-15,959.9352,964.0376,953.5996,958.0208,920339
2017-02-14,942.0220,959.4796,940.0620,955.6050,1102735
2017-02-13,942.6146,943.5262,931.6750,937.4638,763925
2017-02-10,943.5262,944.3464,935.2760,939.2416,551385
2017-02-09,935.3216,943.0246,935.3216,941.4294,572577
2017-02-08,940.0164,946.6712,932.5866,935.0024,775684
2017-02-07,948.3578,948.7680,936.7802,939.6062,449117
2017-02-06,944.4834,951.6394,941.2470,948.1754,2026454
2017-02-03,952.4144,957.2916,939.9252,942.3410,477832
2017-02-02,954.5112,957.2004,946.7624,952.4144,3280906
2017-02-01,952.8246,957.9754,943.2526,956.4712,1024412
2017-01-31,954.4654,960.7558,948.7680,951.1838,662016
2017-01-30,934.5468,953.3716,934.3188,951.8674,1333809
2017-01-27,929.5782,938.0108,928.9402,934.5468,1129895
2017-01-25,943.5262,943.5262,926.2966,926.8436,2370674
2017-01-24,929.8518,938.9680,928.5756,936.7346,467329
2017-01-23,933.4982,939.8796,924.4278,926.1598,801741
2017-01-20,941.7030,945.9876,933.8628,935.0480,2339351
2017-01-19,942.0220,952.3232,939.8796,942.3866,960680
2017-01-18,950.8192,955.5140,938.0564,941.2014,1336328
2017-01-17,973.7918,979.7174,946.2610,949.2692,2848822
2017-01-16,994.9414,997.1748,979.0792,981.8140,529479
2017-01-13,989.7452,999.6818,989.2894,993.8018,720592
2017-01-12,992.2522,993.6652,983.7742,987.4206,487067
2017-01-11,997.6308,998.2234,986.3722,988.2866,357894
2017-01-10,983.6374,995.4884,982.9536,991.0214,832754
2017-01-09,983.6374,989.7452,976.4356,981.9054,954344
2017-01-06,980.2644,989.1070,977.7574,977.8942,1762586
2017-01-05,978.1676,984.0932,974.5212,982.1786,645012
2017-01-04,995.6252,995.8986,971.1938,974.4756,576425
2017-01-03,988.3324,1000.0466,985.6886,994.2578,804758
2017-01-02,985.7796,993.1638,978.3044,987.3750,738752
2016-12-30,972.5156,988.8336,969.9632,984.6400,2638463
2016-12-29,958.7046,974.1564,956.7446,970.8292,399615
2016-12-28,973.6096,975.3416,955.7420,959.2060,2207920
2016-12-27,954.5568,972.4246,954.5568,970.3278,2263104
2016-12-26,962.3056,971.7864,952.6422,954.5568,1490506
2016-12-23,957.7474,974.0198,957.7474,964.6300,1229489
2016-12-22,966.2256,967.7298,957.5194,960.8014,2515661
2016-12-21,965.4050,972.1054,963.1260,967.6384,1102864
2016-12-20,963.8552,968.1398,960.8468,965.4962,3145874
2016-12-19,964.4934,971.6040,961.7584,968.2766,2934295
2016-12-16,957.2004,968.1398,957.2004,964.0832,1203032
2016-12-15,963.3538,972.5156,958.1120,961.0292,818839
2016-12-14,947.6284,970.3278,947.5372,966.3166,2097903
2016-12-13,940.7912,949.9076,937.6006,947.9930,394692
2016-12-12,936.0964,948.0842,931.8118,937.2358,447971
2016-12-09,930.3076,938.6034,930.1252,935.6862,475514
2016-12-08,914.4454,930.7634,914.4454,929.4416,498943
2016-12-07,918.0008,918.0008,907.6538,911.3460,307684
2016-12-06,907.0612,916.0864,907.0612,914.6734,411301
2016-12-05,906.1496,910.4798,900.2698,906.2410,405644
2016-12-02,907.0612,916.7246,905.2836,907.3348,768173
2016-12-01,908.1098,924.9290,906.6056,909.0670,946449
2016-11-30,908.8846,909.4316,900.6802,905.0102,1080832
2016-11-29,899.8596,914.0808,899.8596,907.8362,1169770
2016-11-28,906.8790,911.6650,897.0336,899.2670,369600
2016-11-25,903.4148,907.9730,897.9452,905.8306,1152213
2016-11-24,917.9098,917.9098,898.8568,903.0958,858230
2016-11-23,916.1776,919.3682,911.1638,918.2288,505186
2016-11-22,906.3776,918.4566,906.1952,912.6222,537167
2016-11-21,900.6802,905.8762,896.5776,903.3236,1465050
2016-11-18,896.2586,904.4632,896.0306,900.2242,1166419
2016-11-17,899.7684,909.7962,889.6038,894.5722,1691626
2016-11-16,901.8650,908.6110,895.2104,898.7200,1399221
2016-11-15,913.2602,913.2602,893.8884,900.3152,2286125
2016-11-11,911.6194,927.3904,907.3804,912.8956,969664
2016-11-10,926.7068,937.5094,919.1404,920.7356,634396
2016-11-09,856.9222,919.7328,849.6294,916.6790,1745590
2016-11-08,914.8558,919.8240,910.1152,914.2176,624163
2016-11-07,921.9664,926.6612,911.1638,913.3972,665008
2016-11-04,931.0368,936.3700,912.1208,916.9068,882252
2016-11-03,933.5438,943.0702,931.7664,934.8202,541609
2016-11-02,949.9076,949.9530,930.8546,933.5438,675431
2016-11-01,958.1120,961.7584,955.1494,955.6506,460905
2016-10-28,957.2004,962.6702,951.6850,960.3912,589016
2016-10-27,959.9352,960.8468,951.0014,955.8330,517062
2016-10-26,964.4934,965.5874,959.0236,960.9838,460549
2016-10-25,969.2338,971.2394,961.3028,966.2256,747244
2016-10-24,973.6096,979.0792,966.7724,969.5528,576845
2016-10-21,1001.8698,1001.8698,965.4050,970.3278,2829952
2016-10-20,995.4430,1000.7758,989.1982,992.2976,815184
2016-10-19,987.4206,997.7674,985.8252,990.8392,1852381
2016-10-18,969.9632,986.3722,968.8692,983.9108,766731
2016-10-17,983.6374,985.1416,964.4934,966.4532,897229
2016-10-14,966.7724,986.3266,964.4934,982.9082,1153287
2016-10-13,997.0382,997.0382,959.0692,964.2198,2345844
2016-10-10,1016.4556,1022.8370,996.2178,999.0892,661354
2016-10-07,1012.9002,1023.4296,1009.6642,1011.8520,1839407
2016-10-06,995.4884,1025.3896,995.4884,1012.9002,6903106
2016-10-05,1005.6530,1008.0688,989.7908,993.0272,927515
2016-10-04,997.2204,1010.0744,995.4884,998.4056,1669295
2016-10-03,988.6514,1009.4818,981.7686,994.0298,3860195
2016-09-30,975.4328,996.8102,972.6980,986.4634,745632
2016-09-29,998.2234,1011.8976,973.1538,977.7574,1574049
2016-09-28,1011.8976,1014.6324,991.2038,993.3918,1294333
2016-09-27,1014.6780,1026.2100,1009.4362,1012.3078,1287944
2016-09-26,1005.0604,1029.1272,1004.6046,1011.3050,4005650
2016-09-23,991.8420,1011.1684,991.8420,1005.4706,4690049
2016-09-22,984.5490,998.6790,983.7286,991.5230,2185594
2016-09-21,979.0792,988.6514,972.6980,976.6636,634650
2016-09-20,989.1526,990.0188,974.6124,979.1706,1197673
2016-09-19,979.8998,991.3860,976.3900,986.6912,6515557
2016-09-16,970.8748,996.6278,966.0886,980.5834,5246894
2016-09-15,954.4654,973.6096,954.4654,968.5500,1868699
2016-09-14,953.5538,964.4934,948.6768,953.0526,1269454
2016-09-12,942.6146,962.3510,934.5010,954.1008,1989441
2016-09-09,942.6146,956.8814,939.1504,951.4572,1232950
2016-09-08,930.3076,943.9818,929.8518,941.0192,1485030
2016-09-07,929.9430,936.0052,924.3822,927.5272,889602
2016-09-06,929.8518,934.3644,924.3822,930.2622,972677
2016-09-02,940.7912,943.5262,914.4454,923.3338,2188041
2016-09-01,960.7558,977.7574,935.5494,938.1930,4421825
2016-08-31,971.6950,978.6690,954.5112,964.4934,938822
2016-08-30,965.5874,975.4328,960.1632,971.6040,4600521
2016-08-29,936.8712,966.2710,936.2332,963.5818,2581506
2016-08-26,925.1114,938.9680,924.9746,936.8712,939989
2016-08-25,930.3076,937.6006,920.7356,923.5616,632995
2016-08-24,924.8380,931.7664,921.7384,930.5356,1480403
2016-08-23,923.4706,925.1114,916.2686,920.6444,841698
2016-08-22,927.9374,930.1708,918.2744,924.2908,723577
2016-08-19,921.6474,931.4016,918.2288,925.1570,602055
2016-08-18,925.6128,932.7234,925.4304,926.7522,1171725
2016-08-17,932.5866,937.8740,919.0946,924.3822,1832162
2016-08-16,943.5262,951.7306,926.2052,933.6806,819279
2016-08-12,925.2938,949.6796,925.2026,943.4806,1458678
2016-08-11,915.2660,931.6750,911.8474,922.9692,653036
2016-08-10,938.9224,943.0702,912.5766,914.1720,829180
2016-08-09,937.5094,942.0676,931.0368,938.8314,762649
2016-08-08,927.2538,942.1586,927.2538,938.6490,1074658
2016-08-05,907.2438,927.5728,907.2438,924.8834,706483
2016-08-04,911.6194,913.4426,897.4894,905.3748,720823
2016-08-03,922.1486,923.5162,904.3264,906.1952,709225
2016-08-02,919.7328,928.4844,918.0008,921.6928,639888
2016-08-01,926.7068,930.6268,916.4510,920.0976,554519
2016-07-29,935.1394,935.1394,922.7412,925.7496,436535
2016-07-28,928.3934,938.7856,923.0146,935.3670,828227
2016-07-27,934.4098,936.1420,920.7356,923.5162,681932
2016-07-26,931.1282,942.7512,925.4760,932.8602,1087588
2016-07-25,926.2052,931.4928,918.7300,930.4444,5792162
2016-07-22,916.1776,927.3448,915.4026,925.1114,545272
2016-07-21,933.4982,933.9998,916.6332,917.7274,545458
2016-07-20,929.8518,937.2358,927.1168,932.1764,982703
2016-07-19,918.9124,931.4928,907.2892,925.6584,1591502
2016-07-18,936.2332,947.1726,898.9480,915.4938,2695722
2016-07-15,920.7356,930.4444,915.1290,923.0602,1444044
2016-07-14,918.9124,924.9290,910.7534,917.4994,583545
2016-07-13,914.3544,926.0230,913.4426,919.3226,1698692
2016-07-12,904.7824,915.3114,903.4148,913.5338,1054548
2016-07-11,900.7256,906.9702,898.4010,903.1870,668453
2016-07-08,900.6802,901.5916,892.0652,893.4782,1117247
2016-07-07,905.6484,911.6194,899.5406,900.5888,830517
2016-07-05,902.4576,914.1720,893.8428,905.1924,1043266
2016-07-04,891.5638,904.6454,889.9230,899.4492,854499
2016-07-01,887.4616,890.1508,884.4532,887.5982,602580
2016-06-30,885.1824,891.3358,881.8550,883.7696,1008724
2016-06-29,876.0662,883.1770,875.4280,881.3992,686027
2016-06-28,872.8756,876.5676,871.5082,873.5138,615179
2016-06-27,865.9016,874.0608,860.5688,871.5994,1076439
2016-06-24,880.6244,880.6244,851.8172,867.4058,2881788
2016-06-23,893.3870,896.5322,884.2708,895.1190,887045
2016-06-22,899.7228,899.7228,890.6522,893.8428,1556524
2016-06-21,907.0612,907.0612,893.5694,899.9962,1404342
2016-06-20,879.7126,905.2380,879.7126,903.0046,1434433
2016-06-17,890.6522,892.3844,884.2708,887.2336,642109
2016-06-16,895.1190,896.5776,881.9918,888.4188,765152
2016-06-15,891.1080,897.8540,887.4616,895.5750,678633
2016-06-14,895.2104,897.4894,883.6328,888.7378,541306
2016-06-13,884.2708,896.3954,878.8010,892.7490,765871
2016-06-10,887.0058,897.2158,883.0856,889.4216,913184
2016-06-09,873.3770,890.6522,873.3316,885.5926,1286854
2016-06-08,872.4198,873.3316,866.2208,869.8216,742628
2016-06-07,871.5082,876.1574,867.6794,870.2776,707739
2016-06-06,874.2432,877.6616,868.7734,871.4170,635728
2016-06-03,872.8756,878.4364,870.9612,873.2858,583052
2016-06-02,871.5994,872.6476,861.7084,871.5082,695661
2016-06-01,874.0608,881.0802,867.1780,869.0468,758130
2016-05-31,883.2682,886.5500,871.6904,874.1974,795353
2016-05-30,888.8290,894.7088,880.6244,883.7696,869351
2016-05-27,867.4058,889.4670,865.5826,886.6866,1237295
2016-05-26,866.5398,868.7734,860.7966,862.9846,795216
2016-05-25,865.3090,867.7704,858.3808,865.3548,733631
2016-05-24,848.6264,859.9762,846.8946,856.9678,773208
2016-05-23,855.4636,856.9222,843.8862,847.8062,1935674
2016-05-20,867.0868,870.2320,849.9484,851.5438,1536629
2016-05-19,885.3194,885.8206,862.5286,866.5398,838944
2016-05-18,881.5360,886.7778,879.8952,884.4076,589711
2016-05-17,893.3870,896.3954,881.2168,884.4532,711026
2016-05-16,891.7918,895.2560,886.0940,889.8772,736652
2016-05-13,900.6802,903.3236,889.2846,891.5638,754605
2016-05-12,890.6522,904.7368,889.4670,903.4606,882898
2016-05-11,887.0058,893.7972,885.1824,888.6924,628654
2016-05-10,895.2104,897.8084,891.6094,894.6178,448132
2016-05-09,888.8290,898.8568,886.5500,896.0764,753745
2016-05-06,888.8290,890.6066,881.9918,883.4960,912150
2016-05-05,895.4382,896.5776,885.2736,888.8746,1022123
2016-05-04,889.7406,896.7146,888.1452,891.1080,917771
2016-05-03,902.3210,906.7878,886.6410,889.7862,1139283
2016-05-02,894.6634,904.7824,890.6978,899.1302,910652
2016-04-29,907.6994,910.4798,891.4270,895.7116,1926156
2016-04-28,929.5782,929.5782,904.3264,909.2036,2733402
2016-04-27,929.7606,935.1848,925.3850,929.5782,885345
2016-04-26,927.1168,933.3616,918.9124,926.9346,1661804
2016-04-25,950.5456,952.5512,923.2426,926.3422,2539308
2016-04-22,948.9960,955.1494,939.4238,946.9448,978071
2016-04-21,952.5512,958.5680,943.5262,948.9046,937150
2016-04-20,973.7918,975.4328,943.8452,946.5346,1057218
2016-04-18,971.2850,971.5128,961.7584,967.9120,1514468
2016-04-13,959.0236,973.8832,959.0236,971.2850,1701951
2016-04-12,948.3578,963.5818,946.8078,954.6024,780206
2016-04-11,943.7084,952.6422,941.9764,947.9474,675629
2016-04-08,942.1586,960.8468,940.8368,946.1242,1046646
2016-04-07,940.7912,955.3772,932.8146,946.2154,688458
2016-04-06,939.6972,944.3464,931.8574,940.2898,353694
2016-04-05,938.9680,949.9076,932.2676,937.2358,837902
2016-04-04,944.5744,950.3178,933.9086,943.6628,468993
2016-04-01,947.1726,953.4628,935.6862,942.2954,829483
2016-03-31,950.8192,962.6246,942.7056,952.8702,1182083
2016-03-30,948.4034,958.0208,948.3120,952.5512,910373
2016-03-29,932.6322,948.9046,932.0396,943.8908,996138
2016-03-28,938.0564,940.7458,925.7496,930.3076,1229227
2016-03-23,954.4654,954.4654,932.5866,938.3754,1415297
2016-03-22,946.3522,959.4796,945.1214,955.8330,1219951
2016-03-21,936.4156,947.1726,933.0426,944.6200,816880
2016-03-18,928.9402,937.5094,926.4332,934.5924,3340884
2016-03-17,937.1448,944.8024,922.9236,925.7950,813282
2016-03-16,930.7634,935.0480,916.5422,931.4472,664847
2016-03-15,930.7634,936.1876,926.2052,930.2166,774501
2016-03-14,928.1654,935.3216,923.4706,928.5300,831898
2016-03-11,926.6612,938.5124,921.9208,925.8862,1001702
2016-03-10,951.4572,952.6422,919.8240,922.5590,1432862
2016-03-09,928.9402,951.7306,927.4360,949.8618,1485163
2016-03-08,917.0892,939.8796,917.0892,936.3700,1713568
2016-03-04,927.1168,928.0286,915.0380,917.5450,11758486
2016-03-03,918.2288,927.3448,909.3860,923.0602,1375566
2016-03-02,904.7824,916.4056,900.2242,912.7134,2139120
2016-03-01,881.9918,897.9452,879.7126,895.4382,1259185
2016-02-29,867.0412,905.2380,853.5492,881.1258,4038015
2016-02-26,866.0384,873.7872,861.4348,866.4942,909004
2016-02-25,872.4198,872.4198,858.4720,860.9334,1344518
2016-02-24,862.6654,874.2432,859.2470,868.3630,5886079
2016-02-23,878.8010,881.4448,859.7026,866.6766,7247226
2016-02-22,862.3008,882.3564,861.5260,877.3882,883811
2016-02-19,857.9708,868.2720,854.9168,861.0702,751758
2016-02-18,876.9778,882.2196,853.5492,857.9708,983260
2016-02-17,850.9056,871.5082,836.0462,868.2720,1475698
2016-02-16,868.5910,873.3316,845.0712,847.4872,1241216
2016-02-15,839.6016,865.9930,838.6898,861.1614,1166524
2016-02-12,848.7634,850.5408,809.9740,826.2006,2751133
2016-02-11,877.8894,880.6244,835.2714,840.9234,2273450
2016-02-10,867.1780,886.9146,865.0814,877.3426,1999261
2016-02-09,867.0412,882.9034,866.3576,872.0550,1450339
2016-02-08,886.0030,897.2614,873.0580,876.6132,1259634
2016-02-05,890.0140,895.2104,877.8894,886.3676,1331992
2016-02-04,902.5032,911.6194,882.4476,887.8718,1232615
2016-02-03,900.7712,905.4204,888.8290,894.0252,1391969
2016-02-02,939.8796,940.7912,902.7766,913.4426,1482252
2016-02-01,948.0842,948.9960,934.5468,937.2358,874540
2016-01-29,929.8518,947.5372,928.8034,943.5718,1133933
2016-01-28,911.6194,931.4472,909.5682,927.0258,1129034
2016-01-27,918.8668,920.4622,908.1098,911.0268,861238
2016-01-25,919.0946,928.3934,911.7562,915.9952,1115249
2016-01-22,907.0612,920.8724,906.8336,915.2204,1390378
2016-01-21,926.4788,935.0480,891.7004,897.8540,3720264
2016-01-20,948.5400,948.5400,902.9590,915.5850,4772636
2016-01-19,934.4098,956.2888,925.4760,951.3660,2178430
2016-01-18,978.2134,986.7824,920.8268,928.0286,2330225
2016-01-15,975.4328,993.2094,971.7864,978.3044,3255450
2016-01-14,968.2310,985.4606,959.3882,967.4104,2386156
2016-01-13,961.5760,991.2950,929.2592,982.1332,5727614
2016-01-12,960.8468,970.8748,949.0414,952.7336,1822208
2016-01-11,921.6474,966.2710,921.6474,958.6134,3478525
2016-01-08,928.9402,940.9280,911.6650,933.5438,28300029
2016-01-07,933.3160,936.7802,919.1404,922.1486,1512428
2016-01-06,916.1776,946.2610,912.1208,940.7458,3836084
2016-01-05,913.4426,920.7356,908.7478,916.2686,1189900
2016-01-04,917.0892,924.5644,900.0418,907.4260,1104923
2016-01-01,920.7356,929.8518,919.5962,925.6128,1326887
2015-12-31,915.2660,927.1168,911.6194,923.1058,974934
2015-12-30,925.9320,927.1168,913.5338,916.0408,419446
2015-12-29,923.4706,928.4844,918.4566,925.4304,1005409
2015-12-28,915.2660,923.9718,912.5310,919.4138,1177782
2015-12-24,916.6332,918.9124,908.0642,912.4400,591209
2015-12-23,905.6028,917.0892,903.3236,914.8558,916822
2015-12-22,903.5060,913.8984,897.0336,900.2242,1063650
2015-12-21,901.1814,909.9786,897.9452,904.5544,1081414
2015-12-18,914.3544,919.8240,902.6400,904.3722,1020713
2015-12-17,893.6150,923.6984,891.5638,919.2316,2318737
2015-12-16,887.3704,899.6772,887.3704,891.5638,757298
2015-12-15,871.5082,891.4728,868.7734,889.6494,987747
2015-12-14,862.8478,877.6162,862.8478,871.0068,1018186
2015-12-11,866.1296,874.1062,859.5660,868.0898,1496260
2015-12-10,839.7382,869.1380,838.9178,865.9474,1570451
2015-12-09,856.9222,860.8878,832.3086,834.9978,1420062
2015-12-08,866.1296,869.6850,854.8254,859.1556,902422
2015-12-07,881.5360,886.9146,866.9502,869.4114,776289
2015-12-04,887.4616,889.7406,876.8868,880.3966,741861
2015-12-03,891.1080,900.9078,887.3248,890.4698,1279259
2015-12-02,880.9890,892.1108,880.4422,890.2876,682675
2015-12-01,880.9890,892.0196,876.9778,880.2142,683390
2015-11-30,890.7888,896.8512,878.8010,882.4476,693085
2015-11-27,902.5032,904.3264,888.2364,892.5210,684254
2015-11-26,884.1798,903.0502,882.8580,900.4066,1212449
2015-11-24,867.9074,885.1824,866.7222,882.4476,922350
2015-11-23,863.8050,871.1892,862.0730,867.9528,673549
2015-11-20,852.7290,867.9528,843.6126,862.3464,1227438
2015-11-19,838.2340,854.6432,836.8666,851.6348,912562
2015-11-18,845.0712,849.3102,829.5736,831.7160,928593
2015-11-17,853.9138,855.7370,844.1142,845.5270,692516
2015-11-16,846.8946,858.5632,842.9746,850.5866,1603438
2015-11-13,836.8666,854.3242,834.1318,847.9884,1111566
2015-11-10,872.5110,874.1974,835.9550,840.4676,1123583
2015-11-09,852.3640,877.2058,843.2480,875.1548,1080239
2015-11-06,855.0990,869.6850,855.0990,868.2720,708583
2015-11-05,866.9502,867.4058,850.5866,854.0506,984189
2015-11-04,886.0940,888.8290,863.0302,867.9528,697794
2015-11-03,876.9778,884.2708,876.9778,880.9890,734556
2015-11-02,862.4830,875.6104,861.7084,874.3798,630899
2015-10-30,858.3354,871.2804,857.6516,864.0784,697531
2015-10-29,855.8284,861.4348,852.8200,858.3354,493920
2015-10-28,855.0990,861.0246,848.1252,854.4154,567776
2015-10-27,858.5632,863.9872,854.6432,856.1930,576874
2015-10-26,873.3770,877.8894,856.9222,859.6572,610269
2015-10-23,877.0692,887.3248,866.7678,871.3714,968307
2015-10-21,871.5082,887.9174,868.5910,870.3686,1171188
2015-10-20,877.8894,881.3538,867.0412,871.0068,835774
2015-10-19,858.3808,879.8952,858.3808,878.2542,3238890
2015-10-16,825.0154,833.8582,824.1040,831.5792,938935
2015-10-15,827.0668,830.1206,820.5486,824.1040,766513
2015-10-14,814.2128,824.1040,813.4380,822.2808,675996
2015-10-13,809.3356,815.8994,804.9600,813.6660,515015
2015-10-12,811.3414,821.0502,809.9740,813.2102,583149
2015-10-09,817.5858,824.9244,804.1396,808.0138,1021533
2015-10-08,833.3570,834.1318,808.2418,810.5666,1185474
2015-10-07,816.6286,835.9550,811.3868,833.0834,1295653
2015-10-06,814.1672,819.5460,807.2846,816.7200,944616
2015-10-05,788.5508,811.2502,786.2718,807.9228,1490086
2015-10-01,794.9322,795.3880,782.8988,786.0894,699740
2015-09-30,773.0990,786.7276,764.4842,784.4486,1396169
2015-09-29,755.7324,774.2384,753.4990,764.9854,1764004
2015-09-28,763.8460,766.5806,756.6442,760.6096,3142195
2015-09-24,773.0534,773.0534,761.2478,763.8460,2948255
2015-09-23,765.7604,781.0298,765.7604,776.1528,1680775
2015-09-22,802.3164,806.2820,770.3186,772.5520,2923001
2015-09-21,802.2250,809.2900,798.3052,800.1284,715266
2015-09-18,799.9460,819.5460,799.5814,815.9906,2255412
2015-09-16,793.1090,799.8550,788.5508,795.0234,1146225
2015-09-15,785.8160,792.7900,780.5286,790.8754,1343658
2015-09-14,785.6336,788.0038,776.7910,786.7732,985736
2015-09-11,796.1630,798.8520,781.5314,784.9498,1468850
2015-09-10,784.0838,793.1090,780.3462,790.3286,1488269
2015-09-09,783.0810,800.8576,776.1072,795.8894,1659055
2015-09-08,762.1138,777.7938,752.9976,773.9192,1164933
2015-09-07,763.0254,769.4068,754.5930,759.4246,717790
2015-09-04,772.2328,775.1954,752.3140,761.7492,2569436
2015-09-03,778.4318,784.3574,770.3640,778.2952,838524
2015-09-02,774.8764,781.2122,768.7688,774.2384,1486512
2015-09-01,777.2012,777.6114,761.3846,765.8970,2707929
2015-08-31,793.3368,794.2028,778.9788,781.0756,1421863
2015-08-28,801.8148,804.9600,789.5536,794.2028,966159
2015-08-27,791.5592,802.2250,781.8504,792.6986,1366210
2015-08-26,772.9620,797.4846,767.0822,778.0216,1608841
2015-08-25,765.7604,784.9044,751.5392,777.5202,2748387
2015-08-24,811.3414,811.3414,746.6164,755.6870,3695087
2015-08-21,829.5736,831.2146,818.0418,827.1122,2257496
2015-08-20,875.0634,875.1548,835.2714,837.6416,1773804
2015-08-19,861.3892,875.5650,856.6032,868.4998,1207995
2015-08-18,870.7788,874.1062,858.7454,860.8878,1061587
2015-08-17,881.5360,881.5816,863.5772,866.0840,1123963
2015-08-14,855.6460,886.0486,852.2730,881.5816,1518809
2015-08-13,864.2152,869.7762,848.9456,852.2730,915946
2015-08-12,880.9434,880.9434,857.0590,859.7026,1580587
2015-08-11,889.7406,889.7406,873.8328,880.9434,1087915
2015-08-10,897.9452,902.3210,880.8522,884.3620,778002
2015-08-07,894.2988,906.1496,889.1024,897.2614,1009076
2015-08-06,906.1496,906.1496,891.5638,892.8400,967415
2015-08-05,902.5032,911.6194,897.0336,900.3608,1061591
2015-08-04,912.7590,916.5878,893.5238,900.7712,1433937
2015-08-03,912.6678,923.6528,909.9786,912.6678,1312613
2015-07-31,913.4426,918.8212,902.5032,913.1236,1420478
2015-07-30,913.1692,918.9124,905.2836,910.9814,1208338
2015-07-29,922.5590,922.9692,904.5088,907.4716,969749
2015-07-28,920.2798,926.8892,911.8474,920.6902,1306253
2015-07-27,936.2332,943.5262,912.8046,916.9068,1767473
2015-07-24,953.7362,957.2004,931.3104,934.4554,1172133
2015-07-23,961.7584,972.6980,948.9960,953.2348,2464689
2015-07-22,918.2744,960.3912,916.3142,957.6108,3335101
2015-07-21,935.9596,937.1448,914.2632,918.4566,1060747
2015-07-20,935.4126,938.8770,928.1198,934.1820,1241838
2015-07-17,932.5866,939.8796,928.0286,931.8118,1636760
2015-07-16,923.0146,936.6890,922.0120,933.1792,2067452
2015-07-15,911.6194,924.3822,910.7078,922.0120,2001741
2015-07-14,919.2770,922.0574,907.2892,909.4316,1218906
2015-07-13,912.5310,922.7868,907.4260,918.1830,1750206
2015-07-10,906.7422,915.0380,902.8680,913.0326,1323524
2015-07-09,907.3804,912.9412,897.3072,900.0418,1632605
2015-07-08,911.6194,919.0946,902.9136,906.8790,1658897
2015-07-07,924.3822,926.6612,911.8930,914.7190,862244
2015-07-06,911.6194,928.8034,907.9730,925.5672,2279717
2015-07-03,921.5560,923.9262,914.7644,917.7728,2152147
2015-07-02,918.0464,929.8062,917.2258,921.0092,2364137
2015-07-01,913.8072,921.3282,913.4426,916.8612,1872822
2015-06-30,902.5032,914.8100,900.6802,912.0296,1973010
2015-06-29,897.9452,905.7850,886.6410,903.1870,2168250
2015-06-26,913.6706,924.1998,907.5172,911.2092,2229354
2015-06-25,902.9590,919.8696,898.0818,915.8586,3144307
2015-06-24,907.2892,917.5904,898.8568,903.1870,2664851
2015-06-23,905.0102,913.8072,903.1870,906.8336,2051990
2015-06-22,908.7934,919.5506,899.4492,903.7338,2623667
2015-06-19,896.1220,917.0892,896.1220,908.4288,4332709
2015-06-18,851.8172,895.2104,850.5408,892.5210,5666820
2015-06-17,825.0154,857.2868,815.3524,848.8088,3512453
2015-06-16,820.3662,825.8360,813.6202,824.0584,1263793
2015-06-15,814.7142,824.6508,811.3414,821.3692,1048992
2015-06-12,801.5870,813.6202,801.1768,810.5666,1603632
2015-06-11,826.7476,828.6164,796.7554,799.6726,1682249
2015-06-10,806.7832,829.4826,806.7832,825.8360,1167735
2015-06-09,807.0112,811.7972,800.4018,805.7804,823805
2015-06-08,828.4798,830.1662,805.5524,807.0112,875791
2015-06-05,829.5736,835.6360,824.1040,825.9728,1161949
2015-06-04,823.2836,834.9522,815.9450,831.8528,1864689
2015-06-03,819.5460,829.8926,810.4296,816.7200,1799704
2015-06-02,824.2408,837.3226,812.3896,819.2724,2253453
2015-06-01,799.4902,824.1040,799.4902,821.6882,1095850
2015-05-29,801.7694,808.1508,796.7554,799.6270,2518718
2015-05-28,808.5154,814.9878,796.2084,799.2624,950936
2015-05-27,805.9628,812.0706,802.9090,808.5608,761752
2015-05-26,816.3552,817.2668,805.1424,806.4642,623400
2015-05-25,821.6882,827.3858,813.3470,815.1700,770148
2015-05-22,817.9048,824.8332,817.7226,822.8734,764474
2015-05-21,829.8016,834.5876,814.9878,817.6314,1958832
2015-05-20,820.4576,829.1180,819.4546,827.2036,1219253
2015-05-19,813.1646,824.9700,808.6976,816.3552,1613537
2015-05-18,798.7610,813.2556,795.8438,811.7972,1061219
2015-05-15,803.4102,808.0594,794.2028,796.7098,807661
2015-05-14,804.2762,807.6948,794.0206,800.8576,1276658
2015-05-13,797.6672,810.4296,782.0784,806.6010,1766419
2015-05-12,815.8994,815.8994,788.7788,791.6048,1507199
2015-05-11,813.1646,819.5004,805.1424,816.5832,1484118
2015-05-08,794.0206,814.4408,787.2746,811.2502,1975510
2015-05-07,799.7636,801.3134,783.9928,792.5620,1776631
2015-05-06,812.2984,817.1756,794.9322,801.5414,2150955
2015-05-05,814.0762,822.0528,806.7832,812.1618,1442009
2015-05-04,790.3740,814.3042,785.0868,811.7514,1442493
2015-04-30,776.4262,789.3714,773.5090,786.5910,1348580
2015-04-29,787.0922,793.9750,773.3266,776.0160,1248509
2015-04-28,797.6672,803.8206,783.9928,788.5508,1926241
2015-04-27,803.1366,809.0624,794.0206,797.2568,991308
2015-04-24,799.3536,805.8260,791.6504,801.6782,1240699
2015-04-23,806.4642,811.2502,792.4252,799.4902,1253944
2015-04-22,802.7720,808.2418,790.9212,802.1340,1221328
2015-04-21,809.5180,815.9450,795.3424,798.4874,1716698
2015-04-20,853.7772,855.0534,801.0856,807.2846,3341926
2015-04-17,852.7290,860.3864,841.5614,844.9344,1867176
2015-04-16,844.2964,854.7344,837.7782,845.4814,2018769
2015-04-15,839.5104,856.3752,827.3858,842.1084,2074277
2015-04-13,828.1152,843.2480,819.1814,840.8778,1894506
2015-04-10,815.8994,826.5654,810.4296,823.7848,1932960
2015-04-09,789.5536,819.4546,783.9928,815.8538,4520725
2015-04-08,762.1138,792.3340,759.3790,789.0066,2630043
2015-04-07,752.1772,762.0228,752.1772,759.1966,1030760
2015-04-06,761.4758,763.8916,748.8498,751.1744,886783
2015-04-01,752.0404,763.9372,742.0582,760.7920,1027340
2015-03-31,743.9726,758.5130,743.9726,751.8124,1271162
2015-03-30,743.8816,745.7048,726.3328,738.7308,1823234
2015-03-27,759.0144,761.3388,730.6630,740.0070,2163166
2015-03-26,766.9910,773.7370,751.6758,757.1912,1545141
2015-03-25,775.3324,775.3324,765.8970,770.0450,1542609
2015-03-24,767.9938,778.9334,767.6292,773.7826,1772625
2015-03-23,780.6652,787.1378,764.0282,767.8114,1256060
2015-03-20,780.4374,784.9044,773.8282,778.7964,787935
2015-03-19,797.6672,798.5788,776.7910,780.5742,1028600
2015-03-18,782.1694,795.7526,779.4346,791.9694,1252175
2015-03-17,773.1900,783.8104,766.6720,781.1212,2374745
2015-03-16,778.5230,778.5230,766.6720,767.6292,2293148
2015-03-13,792.1974,793.0634,772.1418,775.0132,1188770
2015-03-12,783.9928,789.6446,779.9360,787.4112,881449
2015-03-11,783.9928,792.6530,777.7938,780.2096,972600
2015-03-10,793.1090,797.5758,779.7992,783.1722,2379122
2015-03-09,805.8716,812.9822,787.8216,791.8782,1208185
2015-03-05,812.2530,818.9990,801.7694,806.2362,1238292
2015-03-04,825.0154,828.6620,802.5898,808.5608,1551860
2015-03-03,793.1090,826.3830,790.7386,821.9618,2858117
2015-03-02,792.9722,798.2140,780.4830,787.3656,1456311
2015-02-27,771.3668,784.4486,769.9536,780.0272,1720946
2015-02-26,771.2756,774.8764,763.1166,767.8114,2556050
2015-02-25,772.1418,780.7108,767.2190,768.9966,2596883
2015-02-24,777.6114,781.4402,763.1166,767.3556,2490904
2015-02-23,792.9266,798.9434,771.8226,775.9250,2143509
2015-02-20,817.7226,817.7226,794.9322,796.0716,2325480
2015-02-19,825.0154,826.9756,809.1078,821.6882,1177960
2015-02-18,820.4576,827.7504,815.9450,821.7794,855226
2015-02-16,838.6898,842.2908,820.5032,822.8734,1110908
2015-02-13,834.1318,838.6898,829.2546,836.1374,1121980
2015-02-12,826.2462,834.1318,808.8800,829.9840,1272911
2015-02-11,806.7832,824.2862,805.5524,821.3234,1063691
2015-02-10,813.1646,825.0154,786.1806,804.6864,1964187
2015-02-09,823.1924,834.7698,813.1190,817.9962,1781763
2015-02-06,843.8862,847.9428,824.1040,829.9840,1220117
2015-02-05,850.0852,855.6460,837.0032,840.8322,1344837
2015-02-04,856.3752,859.7482,843.8862,846.6210,1613093
2015-02-03,831.8528,857.1046,830.7588,854.5978,1747529
2015-02-02,834.2686,838.0974,825.9272,827.6592,3413787
2015-01-30,847.8518,849.6294,829.5736,834.4508,977425
2015-01-29,825.9272,851.6804,822.2808,845.8916,2221214
2015-01-28,806.8742,829.3458,806.7832,825.7904,1607480
2015-01-27,811.5238,817.6314,803.0456,810.2018,1453981
2015-01-23,811.3414,817.6314,799.9006,808.5608,1637225
2015-01-22,825.1980,826.7932,801.6324,805.9628,1716670
2015-01-21,824.1040,828.8444,813.4380,824.6964,1447028
2015-01-20,804.7778,823.8762,800.9488,821.5058,1606047
2015-01-19,793.1090,807.4668,783.1266,802.0884,1859375
2015-01-16,784.9044,796.8010,776.8366,792.1974,1591457
2015-01-15,766.9000,793.2912,766.7630,788.1862,2318587
2015-01-14,768.5864,772.0504,757.6468,761.2478,2702203
2015-01-13,777.3836,778.9334,766.3530,768.5408,1724035
2015-01-12,786.2718,786.7276,767.9026,775.3778,2031178
2015-01-09,771.3668,786.2718,770.4096,784.4028,2062122
2015-01-08,783.8560,786.6820,767.3102,768.3584,3178497
2015-01-07,764.5752,782.8988,763.2078,779.7992,2666503
2015-01-06,794.9322,794.9322,758.5584,762.2050,3938816
2015-01-05,807.2846,812.1618,797.9404,799.5814,1327667
2015-01-02,810.2472,816.8110,805.8716,807.3302,1053268
2015-01-01,807.2390,813.3012,806.0540,809.5636,732634
2014-12-31,802.4530,814.8054,801.8148,812.3896,1326363
2014-12-30,818.9990,819.0900,800.0828,802.7720,1776239
2014-12-29,809.9740,820.9132,808.2418,817.7226,1631337
2014-12-26,809.3356,813.8026,802.4530,810.4296,992649
2014-12-24,815.8994,817.3580,803.7292,808.4242,2712795
2014-12-23,823.5570,824.0584,813.2102,814.8968,1114946
2014-12-22,823.3746,826.3374,812.2984,824.5598,867493
2014-12-19,808.4242,828.2974,804.4128,820.5942,1920660
2014-12-18,802.2250,807.0112,788.7788,802.4530,2158087
2014-12-17,790.1916,797.6214,788.1406,793.0634,2812644
2014-12-16,798.1228,804.9600,783.9472,787.7304,3734603
2014-12-15,798.7610,803.0456,795.2968,800.8122,1795743
2014-12-12,827.7504,830.8956,803.0000,805.4614,3122671
2014-12-11,847.8062,847.8062,823.3746,826.2006,2388636
2014-12-10,849.6294,857.7428,847.8062,849.6750,938507
2014-12-09,859.1100,866.0840,849.0824,856.2842,1107843
2014-12-08,877.2514,877.7984,859.2926,861.5260,976977
2014-12-05,876.0662,881.3538,871.0524,873.0580,1081926
2014-12-04,882.7666,888.2364,871.5994,873.8328,808780
2014-12-03,875.9750,887.5528,875.9750,880.8068,1160648
2014-12-02,879.1658,885.0914,873.6506,877.4338,1096334
2014-12-01,901.9564,904.0530,874.4254,876.7500,1445853
2014-11-28,901.8194,926.3876,896.6232,903.2782,2770620
2014-11-27,902.5032,905.1924,896.3498,899.9052,489656
2014-11-26,905.2380,905.2380,895.6660,900.0876,936657
2014-11-25,897.9452,906.9702,887.9174,904.6454,1660205
2014-11-24,911.6194,914.4910,895.2104,897.5804,971053
2014-11-21,894.2074,911.5284,893.3870,909.2950,1335117
2014-11-20,891.3814,896.0306,884.4532,893.7518,591055
2014-11-19,900.4522,904.1442,889.9686,891.3814,520696
2014-11-18,899.1760,909.3404,898.4010,900.4522,899039
2014-11-17,883.3592,897.9452,881.4904,896.4410,783400
2014-11-14,884.3164,891.1080,879.7126,883.4960,899991
2014-11-13,889.4670,893.2046,878.9380,883.1312,1025882
2014-11-12,895.2104,897.0336,884.2708,887.8262,819598
2014-11-11,886.4586,899.9506,881.5360,891.3358,1010659
2014-11-10,895.5294,901.6828,882.5388,883.8152,892925
2014-11-07,903.4148,907.5172,892.0196,894.2074,832370
2014-11-05,912.7134,918.9124,900.6802,903.7338,1403393
2014-11-03,913.4426,919.3682,903.0046,912.7134,1262852
2014-10-31,895.2104,914.0808,895.1190,910.8902,1812182
2014-10-30,864.5798,894.7088,864.4888,892.7490,2087473
2014-10-29,855.0990,868.2264,851.4524,867.2236,1372845
2014-10-28,860.5688,860.5688,845.0712,851.4982,1293634
2014-10-27,874.4254,875.9750,854.7800,858.4720,1784432
2014-10-22,853.9138,866.8590,851.1334,862.3464,1201074
2014-10-21,853.3670,854.1874,845.1624,847.0312,2727054
2014-10-20,854.6888,858.5632,832.0806,851.9084,2635765
2014-10-17,852.3640,857.8338,843.7950,855.2358,1328365
2014-10-16,870.2320,872.2374,846.3930,849.9484,3014758
2014-10-14,893.2046,893.3870,874.3798,876.1574,1650938
2014-10-13,876.0662,878.8010,864.9444,873.1946,1364688
2014-10-10,865.0358,882.7666,854.1418,875.4280,1721846
2014-10-09,857.2868,872.6020,856.9222,870.2776,1329427
2014-10-08,841.9718,858.7454,840.6042,854.3242,1402738
2014-10-07,846.8032,852.2730,842.0628,844.7522,1224910
2014-10-01,861.2980,861.5714,843.9318,844.8888,981169
2014-09-30,847.8062,864.4432,843.4302,861.7994,1875866
2014-09-29,855.4636,859.2926,847.5782,850.3130,1375045
2014-09-26,847.3502,858.1984,836.9578,851.0878,2288249
2014-09-25,880.0776,884.2708,841.4248,847.2592,2224234
2014-09-24,887.9174,887.9174,871.7360,879.6216,1574453
2014-09-23,904.0530,907.0158,877.8894,880.7156,1533176
2014-09-22,906.1496,907.9730,900.5432,903.5060,932094
2014-09-19,916.8612,925.5216,903.4148,906.6966,939750
2014-09-18,899.7684,919.8240,896.3042,915.7216,827508
2014-09-17,898.5834,902.5032,893.3870,900.6802,577605
2014-09-16,913.8072,915.7216,891.5638,893.7972,1367862
2014-09-15,920.6444,921.7840,912.5310,914.2176,670625
2014-09-12,928.0286,933.5896,922.5590,925.9320,746880
2014-09-11,930.3076,931.8574,918.9124,928.7124,610773
2014-09-10,938.9680,938.9680,923.5616,926.2052,636544
2014-09-09,944.2554,957.1092,937.6006,941.9764,757779
2014-09-08,939.4694,947.1726,910.7078,945.7596,1355643
2014-09-05,932.9058,942.0220,930.5812,934.5924,781321
2014-09-04,938.4210,942.2044,928.0742,933.5896,728341
2014-09-03,936.2332,943.4350,930.7634,939.8342,1395878
2014-09-02,926.5246,940.3354,921.7840,933.4072,1253968
2014-09-01,914.4910,930.3988,908.2464,924.5188,1429769
2014-08-28,907.0612,914.3088,906.6056,910.9358,796875
2014-08-27,910.5256,913.4426,900.6802,906.4688,796092
2014-08-26,907.9730,909.0670,897.2614,906.1952,1797080
2014-08-25,911.6194,919.4594,906.1496,908.2920,716890
2014-08-22,910.3888,917.8184,907.4260,909.7962,583306
2014-08-21,911.6194,915.0380,903.4148,906.9246,1011240
2014-08-20,921.9664,928.3934,907.1982,909.9786,1937116
2014-08-19,926.5700,932.8146,917.3172,919.5506,742442
2014-08-18,911.6194,925.2938,909.8872,923.6984,734403
2014-08-14,904.6454,915.5394,904.3264,913.3516,909998
2014-08-13,896.9878,908.4288,894.1618,902.5032,1422073
2014-08-12,896.1220,898.8568,889.9230,897.4894,646575
2014-08-11,897.0336,900.1786,892.0652,893.9796,1210373
2014-08-08,893.9342,896.7600,887.0968,893.7518,1519729
2014-08-07,901.5916,908.4288,897.0336,901.9108,1385726
2014-08-06,898.1274,909.6596,893.3870,900.4522,1136364
2014-08-05,898.8568,899.9506,885.7294,896.6688,1372481
2014-08-04,894.8458,901.9564,890.5154,898.1274,914129
2014-08-01,910.1608,910.9814,890.6522,891.9740,1663424
2014-07-31,919.8240,929.2136,913.9896,917.0892,932502
2014-07-30,917.2714,921.6474,905.2380,916.6332,1053660
2014-07-28,933.3160,933.3160,913.6706,916.4510,1019183
2014-07-25,948.0842,949.7706,918.9124,931.4472,1260885
2014-07-24,938.9680,950.3632,933.4982,948.7680,1232550
2014-07-23,943.8452,947.3094,930.0798,941.7484,1301952
2014-07-22,915.9952,942.6146,912.5766,939.6972,2489805
2014-07-21,911.6194,918.6844,907.0612,909.2036,1725226
2014-07-18,895.2104,897.0336,884.4532,890.3788,969087
2014-07-17,901.5916,909.3404,893.5694,895.5294,930475
2014-07-16,889.1936,903.8708,888.8290,901.6372,1173700
2014-07-15,882.0830,893.2958,877.8894,886.2764,1265674
2014-07-14,884.2708,889.4670,874.2432,876.8412,1315440
2014-07-11,909.4316,912.9412,878.6644,881.5360,2452033
2014-07-10,911.6194,930.5356,895.2104,909.9786,2300323
2014-07-09,911.1638,920.1886,905.2836,911.6650,1509105
2014-07-08,936.2332,943.0246,903.4148,907.1982,2349685
2014-07-07,943.4350,945.3494,930.3532,935.6862,1238369
2014-07-04,919.6416,945.1670,915.4026,940.7458,1579161
2014-07-03,928.9402,932.5866,890.6522,918.0920,463154
2014-07-02,928.0286,935.6862,922.4676,928.2110,1515396
2014-07-01,926.2052,930.7634,917.1802,918.9124,1310041
2014-06-30,923.6528,929.3050,911.7106,925.0204,1977654
2014-06-27,921.3738,932.5866,918.5934,923.5162,1053741
2014-06-26,935.3216,936.0510,919.0036,922.5132,2468282
2014-06-25,965.0404,966.3166,955.9242,957.9298,919124
2014-06-24,953.5538,968.7780,953.5538,965.9976,1256989
2014-06-23,939.1046,952.7336,933.8628,946.8992,1706538
2014-06-20,953.5538,956.9268,943.7084,946.1242,1289907
2014-06-19,976.5722,980.9024,940.6544,949.3606,2826741
2014-06-18,998.2234,1004.5590,967.7298,972.5156,2957700
2014-06-17,966.0432,997.9042,964.4934,993.5742,1436489
2014-06-16,986.4634,989.1070,965.4050,970.4188,1245880
2014-06-13,1004.1488,1009.1172,977.6208,986.3266,1233515
2014-06-12,1002.4166,1014.5868,990.0642,997.8586,1162914
2014-06-11,1017.0028,1020.1022,996.6278,1004.1944,1421310
2014-06-10,1027.0760,1028.4434,1003.6930,1019.0538,1229740
2014-06-09,1029.3552,1032.0444,1014.7236,1023.3838,1518340
2014-06-06,1011.8976,1032.6826,1007.3394,1020.8770,3002966
2014-06-05,985.3240,997.9498,970.0998,991.4774,1656680
2014-06-04,999.1350,1004.1488,980.7202,982.6346,1113847
2014-06-03,990.0188,1004.5134,982.4066,997.9954,979097
2014-06-02,978.3044,991.7508,971.3760,986.6912,788383
2014-05-30,987.4206,993.3006,968.1398,971.0114,893753
2014-05-29,993.8018,997.2204,974.6580,978.2134,850069
2014-05-28,995.8530,1008.2510,989.0616,992.3434,917533
2014-05-27,1007.3394,1008.2510,980.9480,991.6140,1148668
2014-05-26,1034.6880,1039.2462,980.9480,1003.6930,1697049
2014-05-23,1010.9860,1031.0416,1004.6046,1028.1700,1494940
2014-05-22,989.9276,1015.0882,989.1070,1003.9664,1603228
2014-05-21,984.5490,1005.1972,979.0792,982.8170,1692922
2014-05-20,1025.5720,1030.1298,979.9908,983.1816,2212794
2014-05-19,990.0188,1025.0250,990.0188,1021.2418,2219364
2014-05-16,985.5974,1041.5252,969.0516,985.0048,8330315
2014-05-15,952.6422,965.2684,948.0842,960.1176,1967655
2014-05-14,968.7780,972.6980,949.4972,953.1436,1880603
2014-05-13,945.4406,971.6950,941.5660,967.5474,4059514
2014-05-12,909.2950,955.3772,907.0612,938.0108,4051870
2014-05-09,873.2402,910.7078,872.1464,909.2036,2652955
2014-05-08,877.1146,884.2252,866.9046,874.8356,1803787
2014-05-07,876.9778,885.1824,872.4198,875.8384,1703352
2014-05-06,864.2152,881.5360,864.2152,878.1174,2729896
2014-05-05,847.8062,873.0124,843.2480,861.6628,1547515
2014-05-02,857.8338,863.5772,843.7038,846.2564,716914
2014-04-30,861.4804,875.1548,847.8062,852.6376,1039070
2014-04-29,864.2152,867.6794,855.4180,857.1958,870199
2014-04-28,864.1242,870.9612,858.8824,861.7994,510230
2014-04-25,881.7640,882.4476,861.4804,863.6682,963999
2014-04-23,884.2708,890.5612,879.7126,881.3992,1211241
2014-04-22,875.1548,901.5004,872.3286,882.7666,2577338
2014-04-21,882.5844,884.2708,871.5082,874.6532,2016960
2014-04-17,861.4804,877.7072,860.9334,874.0152,1429745
2014-04-16,857.1046,874.2432,855.2814,857.8794,910729
2014-04-15,869.4570,869.4570,854.1418,864.6710,3923177
2014-04-11,881.3538,884.8178,866.3120,868.6366,1070971
2014-04-10,876.2486,886.9146,876.2486,883.1770,2482056
2014-04-09,854.0052,879.5760,854.0052,876.1574,1068669
2014-04-07,860.5688,870.5054,852.2730,860.6142,426743
2014-04-04,866.1752,868.4088,858.8366,860.7512,975637
2014-04-03,871.1434,877.1602,857.6060,867.8162,989758
2014-04-02,861.4804,874.9724,855.6004,872.3742,2017239
2014-04-01,852.4098,860.8878,847.8972,857.9708,2009530
2014-03-31,836.1830,856.2842,833.3112,847.3502,1645608
2014-03-28,820.0928,838.0518,820.0928,833.3570,1955388
2014-03-27,815.8994,824.5142,813.8482,822.4174,4329616
2014-03-26,803.8660,822.8734,803.8660,811.5238,1486544
2014-03-25,801.3134,804.9144,795.4790,800.9944,2262983
2014-03-24,813.1646,827.7504,813.1646,824.6508,1424972
2014-03-21,826.1550,832.9466,804.5498,807.4668,1353486
2014-03-20,822.8276,826.5654,818.6344,825.6538,1116997
2014-03-19,819.5460,829.4826,816.4006,822.4174,1143434
2014-03-18,811.3414,828.4798,810.2472,816.2184,2025707
2014-03-14,794.9322,811.2502,792.8810,807.7858,969277
2014-03-13,796.8010,815.7170,796.6642,801.4048,2269614
2014-03-12,795.9806,804.3674,790.4652,794.1572,798806
2014-03-11,806.5096,809.4270,795.4790,797.6214,1067284
2014-03-10,788.2774,822.6454,786.7276,807.5126,3732281
2014-03-07,752.0860,796.5730,752.0860,792.1974,3199083
2014-03-06,737.8192,751.5392,737.8192,749.3510,1033744
2014-03-05,743.7902,745.5680,733.8536,735.5858,781123
2014-03-04,732.9420,744.3828,732.0304,742.6052,1159639
2014-03-03,729.2956,734.7652,727.4722,732.4862,990254
2014-02-28,740.1894,742.0582,723.8258,728.6118,1328672
2014-02-26,740.9186,744.3372,736.8164,738.9132,678552
2014-02-25,742.5596,744.1092,736.4062,738.7764,650060
2014-02-24,738.4118,742.5140,734.5374,740.5996,716147
2014-02-21,736.5886,743.8360,734.9476,739.5970,650221
2014-02-20,739.3234,741.8304,732.3950,734.1726,753079
2014-02-19,741.6936,747.4822,738.8674,740.7362,548466
2014-02-18,738.1382,745.6134,737.5002,740.9186,1787671
2014-02-17,748.3484,749.4880,736.2240,739.7336,703540
2014-02-14,738.7308,750.1716,737.5002,748.8954,691159
2014-02-13,745.7048,746.3884,734.5374,736.0870,641220
2014-02-12,735.6768,749.2144,735.6768,745.2034,1010420
2014-02-11,750.8552,751.4022,732.0304,734.3096,1175383
2014-02-10,743.8816,752.6330,740.1440,748.9864,742475
2014-02-07,751.7214,751.7214,739.6880,742.3318,927301
2014-02-06,747.6646,751.1744,737.5002,743.7446,974562
2014-02-05,750.2628,750.2628,736.5886,744.0182,1177903
2014-02-04,742.9700,753.2256,741.3746,749.3510,852641
2014-02-03,755.7324,756.0970,747.5280,748.7130,535940
2014-01-31,755.7324,760.1082,754.0006,757.4190,739305
2014-01-30,758.3762,760.4730,750.2628,752.7240,946603
2014-01-29,775.7880,776.6996,761.2934,762.7976,721691
2014-01-28,771.2302,779.4346,769.5890,771.0478,668364
2014-01-27,780.9844,784.4942,765.8514,768.3128,950580
2014-01-24,786.9100,797.2112,786.1350,790.3740,908379
2014-01-23,784.9044,794.0206,784.9044,789.5080,691272
2014-01-22,786.3630,798.3052,783.0810,795.1144,874895
2014-01-21,796.0716,797.4846,786.5910,787.6848,851397
2014-01-20,806.3730,810.2930,789.6446,792.6530,1569902
2014-01-17,810.4296,817.5402,802.9090,806.3730,1215401
2014-01-16,811.0678,813.1190,804.0482,806.9200,723661
2014-01-15,802.2250,815.8084,802.2250,807.1478,1112636
2014-01-14,799.8094,806.6010,795.6614,803.2280,918296
2014-01-13,788.6420,803.6382,788.6420,801.3134,1284270
2014-01-10,773.4636,797.3936,773.4636,781.1668,1733726
2014-01-09,774.8764,777.7026,770.2728,775.3778,925161
2014-01-08,770.6832,780.8022,769.9536,773.2812,875109
2014-01-07,779.8904,783.7648,765.9426,767.7202,1212659
2014-01-06,787.6392,787.6392,776.1072,779.3434,958551
2014-01-03,793.2912,796.2540,780.7108,788.5508,1130900
2014-01-02,811.3414,816.6286,794.0206,797.9862,771165
2014-01-01,817.4948,818.6344,808.7888,810.1562,522009
2013-12-31,807.7858,818.6344,807.7858,815.7170,778728
2013-12-30,804.0482,810.7942,798.5788,807.1478,1003709
2013-12-27,809.5180,814.1218,799.8550,801.0400,801669
2013-12-26,815.8994,818.0872,804.0482,809.2446,933067
2013-12-24,816.0360,824.5598,815.7626,816.9478,817417
2013-12-23,817.8594,828.0694,811.7972,816.2640,1902602
2013-12-20,796.7554,817.4492,786.0894,814.6688,2627822
2013-12-19,787.0466,788.2774,770.4096,779.0244,1513826
2013-12-18,764.8488,785.6794,764.8488,782.7620,971053
2013-12-17,773.3266,777.3378,762.3418,764.8032,680381
2013-12-16,784.1752,785.3602,767.8114,769.7714,1846970
2013-12-13,790.7386,791.1034,782.5340,787.0466,641826
2013-12-12,801.0856,802.1794,792.0150,793.4736,750309
2013-12-11,804.9600,805.5524,795.1144,803.1366,749977
2013-12-10,801.9516,809.5180,801.3134,805.4614,958927
2013-12-09,803.1366,809.5180,799.0800,800.8576,1357916
2013-12-06,792.6986,797.1200,785.8160,790.6020,690598
2013-12-05,791.2858,799.4902,790.6020,792.9722,1788176
2013-12-04,785.3602,790.6020,778.3408,780.6198,906929
2013-12-03,778.1128,788.9610,775.9250,785.7248,1639680
2013-12-02,777.3836,786.5452,777.1556,779.3434,1005760
2013-11-29,776.7454,781.2122,774.4662,777.7026,995423
2013-11-28,771.2302,780.1640,768.7688,773.2812,1002356
2013-11-27,771.1388,774.6486,762.1138,763.8916,1241931
2013-11-26,776.6996,781.4858,765.7604,767.6292,1341303
2013-11-25,772.1418,781.0756,770.1360,776.1072,904070
2013-11-22,775.8338,780.4830,765.8514,769.3156,1124100
2013-11-21,784.5398,784.9044,770.5462,773.1444,1045128
2013-11-20,795.1600,804.6864,781.4858,787.1832,1231823
2013-11-19,797.8948,806.2362,796.7554,799.2168,1113003
2013-11-18,780.6652,798.5788,780.6652,797.0746,1767557
2013-11-14,776.6542,787.6392,775.2412,776.4720,921038
2013-11-13,775.7880,785.2690,769.4068,770.6376,1101051
2013-11-12,788.1406,794.4308,774.8764,776.9276,1160006
2013-11-11,797.6672,804.5042,784.7676,787.3656,1343016
2013-11-08,803.1366,807.6492,795.1144,798.1228,1241632
2013-11-07,818.3152,824.9700,804.5042,807.6492,1239318
2013-11-06,828.6620,838.5988,816.3552,819.2724,1140741
2013-11-05,824.1040,840.2396,824.1040,828.7076,1268901
2013-11-01,828.6620,843.2480,823.2836,827.6138,1575741
2013-10-31,820.6854,834.8610,817.7226,831.7160,1564842
2013-10-30,817.7226,822.7366,815.8994,818.2698,943445
2013-10-29,811.4324,823.9672,804.5042,817.5402,1050648
2013-10-28,808.2874,824.6508,808.2874,811.5238,1556350
2013-10-25,807.1478,813.4380,801.4502,807.5582,926623
2013-10-24,816.8110,829.5280,803.1366,806.4186,1432475
2013-10-23,824.1040,829.0724,810.0196,816.6742,1078809
2013-10-22,827.2036,830.4852,818.4520,823.7392,1424681
2013-10-21,825.0154,834.1318,817.4948,832.6276,1907553
2013-10-18,804.0482,827.7048,802.9090,825.3348,3302902
2013-10-17,791.2858,809.2446,788.7788,801.5870,1947219
2013-10-15,817.0390,819.5460,787.3656,790.1006,2951219
2013-10-14,787.6392,797.5758,786.8186,793.3368,1655279
2013-10-11,790.3740,791.2858,779.5258,786.7276,1670002
2013-10-10,781.7138,786.2718,773.2812,783.8104,1412785
2013-10-09,766.6720,790.2830,763.9372,784.9044,1261216
2013-10-08,774.8764,778.5230,765.3500,769.2700,1209788
2013-10-07,770.8198,777.1556,762.7064,769.2700,1165409
2013-10-04,767.5836,783.3090,764.1194,777.9762,1368290
2013-10-03,751.9948,772.9620,751.9948,771.3212,1352529
2013-10-01,753.7270,756.9632,746.1604,749.6246,1101640
2013-09-30,758.0116,769.8626,746.6620,749.6704,1513595
2013-09-27,768.4952,778.4318,763.9372,765.9426,1369303
2013-09-26,773.6916,774.3752,761.7492,764.4386,1693467
2013-09-25,794.9322,796.7554,768.1306,773.6916,2292506
2013-09-24,793.4736,805.8716,791.3768,797.0746,1041328
2013-09-23,794.0206,803.0456,788.0950,797.3022,1740199
2013-09-20,807.9228,821.2778,793.1090,804.5954,1667434
2013-09-19,806.7832,816.4006,802.2250,812.2984,2561328
2013-09-18,783.9928,796.1174,781.2578,793.5192,1586030
2013-09-17,782.6254,787.6392,777.6114,782.2606,662792
2013-09-16,809.0624,809.0624,778.3862,785.4968,1989291
2013-09-13,792.1060,805.4158,788.7788,796.0716,1253730
2013-09-12,809.6550,820.4576,793.1090,796.7098,2221924
2013-09-11,811.7060,813.6202,797.6672,808.8800,1914773
2013-09-10,796.3906,813.2556,789.6446,810.1106,2546823
2013-09-06,792.1974,795.7980,768.3584,790.8754,2043502
2013-09-05,783.9928,792.1060,776.2440,785.1778,2315506
2013-09-04,761.2022,787.3656,759.4700,774.2840,2183579
2013-09-03,808.3330,812.0250,753.6358,756.7352,2797873
2013-09-02,776.9732,808.0594,776.9732,805.6436,1991028
2013-08-30,769.4068,782.4886,755.0488,776.2896,1803815
2013-08-29,744.5652,777.4292,741.2378,770.6376,2171961
2013-08-28,724.7374,745.7048,697.3890,739.4600,3365314
2013-08-27,743.6536,751.2656,729.2956,732.7598,1639963
2013-08-26,749.3510,756.4618,736.6796,748.3940,1560526
2013-08-23,740.2350,750.9010,737.3178,746.6620,1978518
2013-08-22,715.6214,736.8620,706.6418,734.6286,2416753
2013-08-21,757.8292,760.0172,711.0176,714.5728,2132590
2013-08-20,738.8674,755.4590,734.9932,749.9436,1597095
2013-08-19,748.4394,760.3362,735.8136,746.8442,1948673
2013-08-16,789.4624,789.4624,745.7504,752.2228,2461636
2013-08-14,783.5370,790.9666,772.5974,788.6874,1485026
2013-08-13,770.4552,783.9472,761.2022,777.0188,1102642
2013-08-12,788.7788,794.0206,766.2160,770.5920,1007792
2013-08-08,792.1974,795.7070,781.9414,788.9610,832261
2013-08-07,770.3640,802.8632,758.0572,794.0206,1685044
2013-08-06,780.4830,787.2746,756.7810,766.1250,1154163
2013-08-05,783.0810,794.8410,780.3006,784.8132,856445
2013-08-02,782.1694,794.8410,774.8764,781.6682,1178206
2013-08-01,797.9862,804.0482,771.2302,775.1500,1365063
2013-07-31,781.5768,800.2196,768.4952,794.5674,1567701
2013-07-30,808.0138,813.1646,779.3434,782.9444,1308672
2013-07-29,809.6092,819.5460,804.7322,807.3302,1003741
2013-07-26,813.1646,823.6482,807.5126,811.2502,956100
2013-07-25,825.9272,831.4882,806.7832,812.1162,1087959
2013-07-24,826.2462,835.9550,816.4920,828.2974,1310226
2013-07-23,831.3968,842.9746,826.9756,828.7534,1290044
2013-07-22,834.1318,834.3598,819.4546,828.2062,1644372
2013-07-19,836.0006,845.8916,832.1264,841.5614,3329593
2013-07-18,838.5074,838.5988,828.7076,836.0006,2404929
2013-07-17,823.1924,837.5048,823.1924,834.2686,3050127
2013-07-16,809.5180,824.3774,804.7778,821.2778,1962576
2013-07-15,807.4212,819.6370,807.0566,816.5832,1647586
2013-07-12,796.2996,815.8994,793.1090,810.9766,1826836
2013-07-11,786.8186,796.2996,783.0810,793.4736,1258305
2013-07-10,797.4846,801.9516,765.2134,780.6652,2405975
2013-07-09,792.9266,803.5926,790.8298,796.1630,1869559
2013-07-08,794.2028,796.5730,729.2956,791.5592,1085209
2013-07-05,788.8698,806.2362,788.8698,802.4074,2346268
2013-07-04,778.5230,793.1090,773.0534,785.4968,1964821
2013-07-03,785.6336,787.5936,773.5090,775.1500,1451324
2013-07-02,804.9600,812.1618,791.8328,794.2942,1794467
2013-07-01,785.8160,806.7376,783.8560,804.7778,2256478
2013-06-28,786.7276,795.8438,771.0022,785.6794,4100464
2013-06-27,742.9700,761.7038,742.3774,757.0544,2532568
2013-06-26,737.9558,742.5596,730.0704,731.6202,943203
2013-06-25,728.3838,747.3000,724.7374,732.7598,2396082
2013-06-24,720.8176,726.5606,710.3340,723.1876,2818532
2013-06-21,730.2072,738.8674,715.6214,723.7346,2472753
2013-06-20,748.4394,748.4394,724.5552,728.5662,2383435
2013-06-19,748.6674,759.1966,743.4256,757.6468,1805673
2013-06-18,751.7214,762.9344,745.4312,750.8098,1988835
2013-06-17,744.2462,754.5018,739.5514,752.1772,1682697
2013-06-14,724.7374,744.7932,724.7374,742.0582,1811306
2013-06-13,712.8864,722.4584,711.9748,719.4044,1112801
2013-06-12,716.5330,726.6064,713.7980,721.3644,1924020
2013-06-11,715.2566,721.0910,707.8726,716.7152,1313550
2013-06-10,719.9970,724.6462,712.9776,719.6780,1189739
2013-06-07,726.5150,731.1188,712.8864,715.2566,1471523
2013-06-06,730.2072,731.1188,718.5384,722.2760,2894201
2013-06-05,712.2028,732.0304,711.0632,729.7970,1539988
2013-06-04,721.6378,729.7058,710.2882,711.6102,1376507
2013-06-03,735.6768,735.6768,715.8492,718.4472,2114770
2013-05-31,761.2022,761.2022,731.1188,734.4006,1978538
2013-05-30,771.6858,771.6858,757.1000,762.0228,1491382
2013-05-29,768.4952,773.9648,759.5614,772.3696,2250833
2013-05-28,756.6442,772.0504,752.5418,768.6320,2617303
2013-05-27,732.0304,758.4674,731.3012,755.0488,2751528
2013-05-24,722.1394,724.7374,711.0632,718.2648,975003
2013-05-23,742.9700,744.7932,712.5218,715.7580,1501400
2013-05-22,757.5558,760.4730,741.6024,745.4768,1192614
2013-05-21,758.4674,765.3044,751.9948,754.2282,1218336
2013-05-20,761.3388,779.2524,755.3224,757.4646,1798691
2013-05-17,765.7604,770.0450,750.7186,760.6552,1516152
2013-05-16,745.1578,768.8144,743.8816,765.8970,2116781
2013-05-15,732.4862,747.7558,731.4378,746.4340,1491733
2013-05-14,729.2956,737.4090,725.1932,727.1988,1084168
2013-05-13,740.2350,751.8124,728.0192,732.0304,1537650
2013-05-10,741.6480,747.9838,737.5002,740.3262,1007287
2013-05-09,756.6442,758.4674,743.4256,745.7958,1042660
2013-05-08,755.1400,759.3790,749.3510,755.8238,1192472
2013-05-07,749.3510,761.7948,746.9810,754.0006,1434361
2013-05-06,731.5746,751.8124,731.5746,748.8954,1640706
2013-05-03,732.9420,743.3346,727.4722,730.3896,2210202
2013-05-02,718.2648,735.4944,714.0260,731.8024,1914163
2013-04-30,724.1450,726.2872,709.2400,718.4928,1875438
2013-04-29,724.7374,728.3838,719.2678,722.5496,2418982
2013-04-26,741.9670,751.9494,719.9970,723.0510,1839810
2013-04-25,734.7652,753.7726,734.7652,746.8898,2643752
2013-04-23,720.4984,734.0816,716.9886,732.4862,2175697
2013-04-22,715.2110,723.9626,709.8324,719.9514,1406244
2013-04-18,706.0494,715.8036,704.6818,712.7040,1710168
2013-04-17,733.9448,738.4118,702.4028,705.6846,4724332
2013-04-16,727.4722,737.9558,716.7152,733.3980,2293333
2013-04-15,705.5934,728.3838,704.9098,723.4156,2508235
2013-04-12,698.6196,711.6102,697.6168,706.7786,1131760
2013-04-11,715.5758,716.3960,697.3890,702.9954,1827514
2013-04-10,711.4278,715.4388,703.9070,712.0204,1657815
2013-04-09,721.4102,725.0564,704.2260,707.7358,2357684
2013-04-08,709.8780,723.3700,709.2400,719.4044,1025995
2013-04-05,699.5310,712.8864,698.4828,711.3822,1329484
2013-04-04,704.4082,708.9664,697.3890,698.9842,1640269
2013-04-03,728.1104,728.4752,703.9526,708.1458,1642398
2013-04-02,711.7924,726.5606,709.6500,723.7802,1107176
2013-04-01,711.3822,720.6352,705.3654,709.3766,1093819
2013-03-28,714.3450,714.7096,697.3890,705.3200,4121340
2013-03-26,733.5802,733.8536,712.0660,714.1626,2007180
2013-03-25,748.4394,750.2172,732.0760,738.1382,1933986
2013-03-22,737.4546,747.5280,732.9876,739.1410,1925611
2013-03-21,752.4050,758.6042,733.8536,741.6480,2641495
2013-03-20,756.6442,756.6442,741.3746,749.8526,3292015
2013-03-19,761.2022,765.4868,740.5086,752.1318,4627556
2013-03-18,760.2906,768.7230,756.6442,758.1028,2851333
2013-03-15,786.9556,792.1974,764.4386,769.2244,2232565
2013-03-14,769.4068,786.8642,761.5668,784.5852,1778383
2013-03-13,768.9054,780.6198,765.7604,769.2700,1516462
2013-03-12,774.8764,779.3434,768.9966,772.5974,1284258
2013-03-11,775.7880,784.6308,765.8970,769.1334,1211690
2013-03-08,766.9000,778.0672,765.8060,775.7880,1170065
2013-03-07,756.6442,766.5806,751.3568,761.7948,1787057
2013-03-06,757.6468,763.8002,754.1372,761.0198,1344013
2013-03-05,745.2488,759.9260,745.2488,753.2712,1356935
2013-03-04,737.9558,745.4312,733.3980,740.7362,1241414
2013-03-01,743.2434,745.7048,734.7652,737.9558,1596606
2013-02-28,763.9372,765.4868,734.5828,742.6508,2962562
2013-02-27,755.4134,766.3530,753.9092,757.7382,1387547
2013-02-26,774.6032,774.6032,746.9354,751.1288,1622038
2013-02-25,787.6848,789.4624,776.0160,778.4774,1043133
2013-02-22,783.0810,794.8410,782.1694,786.4086,1156695
2013-02-21,791.2858,799.5360,777.2012,781.0298,1990188
2013-02-20,780.6652,800.8576,780.6652,797.9862,1996863
2013-02-19,775.2412,780.2550,761.2478,773.7826,1106756
2013-02-18,770.8198,779.0700,770.3186,772.4150,742915
2013-02-15,779.4346,781.2578,760.7466,770.1816,1772904
2013-02-14,802.2250,804.8232,775.1044,779.5714,1031382
2013-02-13,803.1366,809.5180,796.2996,800.6298,1266337
2013-02-12,792.5620,802.0884,789.6446,798.5330,893599
2013-02-11,787.9128,796.6642,784.9044,791.1034,727966
2013-02-08,794.9322,796.6186,782.1694,787.8216,1047474
2013-02-07,794.8410,803.5926,791.6504,794.0662,896632
2013-02-06,801.4502,804.8688,794.1572,797.5758,841440
2013-02-05,805.8716,807.6948,796.7554,798.8978,1085787
2013-02-04,815.3068,821.0044,805.5070,808.0138,1312682
2013-02-01,812.2530,819.5460,805.5524,814.4864,1216136
2013-01-31,820.4576,820.4576,805.4614,808.1962,1033389
2013-01-30,808.0138,823.0556,808.0138,819.5914,3150546
2013-01-29,816.3552,821.7794,802.2708,804.5498,1525205
2013-01-28,829.8926,833.9496,815.8994,818.3152,1435031
2013-01-25,834.1318,836.5020,825.9272,831.3058,1056147
2013-01-24,843.2480,846.2564,826.5196,833.5392,1400421
2013-01-23,840.0572,846.3930,835.0434,841.7894,1724403
2013-01-22,838.6898,848.3530,835.2258,839.1914,2091434
2013-01-21,853.4126,870.4142,837.0032,838.7354,4705765
2013-01-18,815.1244,822.9190,807.0566,819.5004,3166888
2013-01-17,786.2262,814.1672,784.4028,811.0222,3557542
2013-01-16,772.5064,793.1090,771.2756,784.3574,2880500
2013-01-15,772.3240,776.1984,764.0282,771.0932,1497908
2013-01-14,763.9372,777.6114,763.9372,771.9594,831377
2013-01-11,775.3778,778.2494,762.3874,765.0766,1003600
2013-01-10,780.3918,782.6254,772.1874,774.4662,1085686
2013-01-09,777.6114,783.2180,773.3266,776.2896,974409
2013-01-08,779.4346,782.3064,773.0534,775.1954,1209198
2013-01-07,787.2746,793.7470,776.3806,779.5714,1220759
2013-01-04,784.5398,788.0950,778.2494,784.6764,1364841
2013-01-03,773.3724,785.7704,770.3186,784.4942,2438421
2013-01-02,770.3186,780.2550,768.4952,772.8254,2059122
2013-01-01,770.0906,771.2302,765.0310,766.3530,1352675
2012-12-31,767.1278,774.3296,762.6154,764.9398,1403740
2012-12-28,750.2628,770.3186,749.3510,766.0794,2215132
2012-12-27,756.6442,758.1938,743.1066,745.7504,1236342
2012-12-26,748.9410,762.0684,748.9410,754.8208,1195695
2012-12-24,752.0860,753.9092,744.0182,747.5280,1059196
2012-12-21,759.4700,760.3818,747.9838,750.2172,981936
2012-12-20,766.3074,766.6720,756.6442,763.0710,1258329
2012-12-19,761.5668,767.9482,760.5186,765.1678,1147735
2012-12-18,761.2022,764.9398,753.0888,757.5102,882656
2012-12-17,761.0198,769.2700,757.6012,760.1540,1352675
2012-12-14,760.2906,771.2302,755.7324,765.0310,1489355
2012-12-13,759.0144,766.0338,756.7352,759.2878,1939559
2012-12-12,750.6276,760.1082,747.3456,758.6042,1157010
2012-12-11,757.5558,763.8916,743.1976,747.1632,997672
2012-12-10,760.2906,763.9826,749.3510,754.3196,972337
2012-12-07,765.7604,774.1472,756.6442,760.4730,1394965
2012-12-06,762.1138,769.4068,749.2600,767.2646,1571150
2012-12-05,754.8208,763.0254,747.9838,757.4646,1865383
2012-12-04,734.1272,752.0860,734.1272,750.9010,2270486
2012-12-03,725.3756,735.6768,719.8146,732.6686,1208984
2012-11-30,726.4696,736.4062,720.6808,723.7346,1711784
2012-11-29,714.0260,732.0304,713.9802,726.1050,1218934
2012-11-27,708.5106,718.3562,705.5934,716.7152,964193
2012-11-26,705.8214,710.6072,702.7674,705.0464,789268
2012-11-23,699.0754,707.2344,699.0298,704.7730,1050151
2012-11-22,703.8158,704.6818,694.6084,698.5284,959694
2012-11-21,699.9414,703.7702,693.7424,702.1748,1473748
2012-11-20,712.7040,712.7040,693.8792,696.8876,1320382
2012-11-19,707.4166,709.2400,694.8818,705.8214,1885117
2012-11-16,720.1794,722.6864,703.0410,706.9152,1234913
2012-11-15,719.1766,719.1766,708.5106,715.3478,1149003
2012-11-12,715.9404,719.6780,709.9236,717.3990,5816778
2012-11-09,724.2816,732.5318,716.5330,718.9030,2823931
2012-11-08,724.0538,727.7914,720.4072,726.1960,1419751
2012-11-07,731.6202,734.7198,727.7914,729.7058,1837117
2012-11-06,732.9420,735.6314,725.8314,733.9904,1303515
2012-11-05,733.5802,736.5886,729.4780,733.8992,713098
2012-11-02,739.4600,742.5596,732.2584,736.4518,1444129
2012-11-01,723.7346,736.5886,719.3590,735.7224,2146114
2012-10-31,733.8536,735.6768,727.7458,734.0816,1017301
2012-10-30,738.0472,739.8704,728.7484,732.1214,1730290
2012-10-29,732.5774,742.2404,732.5774,739.5056,1572398
2012-10-26,732.9420,735.7224,722.3218,728.3838,1270742
2012-10-25,739.9160,746.4340,734.9932,738.6852,1946217
2012-10-23,742.9700,742.9700,734.3096,738.3662,2569553
2012-10-22,726.9710,743.7446,722.5496,742.6508,1468171
2012-10-19,736.9076,738.3662,728.6574,732.2128,2248256
2012-10-18,735.5858,743.8816,726.5606,739.2778,2274992
2012-10-17,744.2462,744.7018,731.2098,734.2182,2446538
2012-10-16,764.8488,765.7604,738.8220,741.3746,5132181
2012-10-15,747.5280,756.3706,746.6164,750.4452,2022751
2012-10-12,748.4394,753.1800,743.6536,746.5252,1575180
2012-10-11,744.3372,749.1688,737.5456,747.0722,1480217
2012-10-10,740.2350,749.3510,735.9048,744.0182,1474160
2012-10-09,751.1744,753.8182,741.3746,743.3346,1876012
2012-10-08,780.3462,780.3462,744.0638,746.3430,2984137
2012-10-05,780.5286,784.3574,768.4952,781.6224,1891187
2012-10-04,774.9222,782.6254,774.0106,777.3836,1471951
2012-10-03,760.6096,777.2012,759.8804,771.4578,1879068
2012-10-01,766.4896,768.0394,756.6442,760.7920,1311515
2012-09-28,765.7148,773.0534,760.5186,762.7520,1632444
2012-09-27,770.3186,773.0534,752.0860,756.8266,1774995
2012-09-26,764.8488,774.4208,759.9260,769.4980,2164131
2012-09-25,765.7604,770.0450,757.1000,765.6236,1739004
2012-09-24,773.9648,781.3492,759.2878,762.3418,2001515
2012-09-21,758.4674,779.3434,758.4674,774.7854,2977813
2012-09-20,765.7604,773.0534,754.9578,758.6042,1193442
2012-09-18,793.1090,796.7098,776.3806,779.6170,1556104
2012-09-17,773.5090,803.1366,773.5090,796.4364,4498467
2012-09-14,739.3234,770.0450,737.5002,766.6264,5107234
2012-09-13,728.1104,736.5886,723.8258,727.7002,1581657
2012-09-12,723.7346,729.2044,719.4500,727.0166,1142946
2012-09-11,718.4472,725.2844,714.2538,720.4984,1696011
2012-09-10,728.2016,731.7568,719.3134,721.2278,748334
2012-09-07,709.2400,725.6490,709.2400,721.0910,2193395
2012-09-06,700.7618,705.6846,696.5228,699.5310,977062
2012-09-05,704.7274,710.6072,694.0160,702.9040,1412131
2012-09-04,696.5684,711.0632,695.5658,709.7414,1002308
2012-09-03,701.9470,702.8130,692.9220,696.7052,1042745
2012-08-31,714.2538,714.6186,695.7480,703.7246,1280260
2012-08-30,711.0632,716.4874,700.3060,712.8408,1703344
2012-08-29,720.1794,726.5606,711.5188,713.2510,1014414
2012-08-28,716.6240,724.0992,709.7414,720.2250,1532518
2012-08-27,715.3934,725.6490,713.9348,717.8092,1757394
2012-08-24,721.1366,724.1906,709.7870,712.9776,2455308
2012-08-23,738.0472,739.2322,718.0826,724.2362,1559763
2012-08-22,736.6340,743.7902,734.5828,736.6340,1136024
2012-08-21,742.9700,750.8552,740.3716,742.3774,1319122
2012-08-17,745.7958,752.0404,738.0472,743.0610,1984922
2012-08-16,731.1188,748.3940,728.3384,743.0154,2401618
2012-08-14,715.9860,731.2098,715.9860,728.1562,3335162
2012-08-13,711.3822,720.1794,711.0176,717.9002,1665495
2012-08-10,708.4194,719.6780,706.0494,712.9320,1457919
2012-08-09,718.9030,725.8314,708.0548,711.3366,1565464
2012-08-08,715.6214,728.7030,713.7980,720.7720,2473459
2012-08-07,716.5330,725.3756,709.3766,714.4362,3404205
2012-08-06,679.6580,719.1766,679.6580,715.8948,5864286
2012-08-03,670.9520,681.8914,665.9380,677.2420,1103825
2012-08-02,677.2876,681.3444,671.3622,674.0970,784588
2012-08-01,675.5100,684.4438,673.6866,679.5668,1710160
2012-07-31,667.0776,679.1564,657.6422,677.1966,1637301
2012-07-30,658.2348,666.9864,658.1892,664.7986,750373
2012-07-27,652.8564,661.2432,652.3094,656.7306,1018113
2012-07-26,657.4144,658.0982,644.7884,647.5232,870199
2012-07-25,658.1892,658.4172,649.5288,655.1808,1149297
2012-07-24,654.8618,662.1092,654.6796,660.5140,909505
2012-07-23,650.6228,660.9242,650.1214,655.2264,1214524
2012-07-20,660.5594,664.4338,654.0414,658.7818,1153820
2012-07-19,657.1410,664.7528,654.5428,663.4310,903989
2012-07-18,656.3204,658.0526,649.6200,652.1268,889662
2012-07-17,660.9242,663.5222,653.9046,655.5912,1085476
2012-07-16,655.4544,660.2860,652.2638,656.6394,1004242
2012-07-13,656.5940,662.2004,651.8078,655.2264,866407
2012-07-12,658.7362,665.0264,654.0414,657.4600,1167174
2012-07-11,670.0404,671.9092,658.3258,661.5622,1548622
2012-07-10,666.2114,676.0570,663.7500,674.1426,734734
2012-07-09,663.6590,668.8096,661.9268,667.3510,796556
2012-07-06,673.6866,673.6866,665.1632,669.4022,1039902
2012-07-05,670.8606,676.6040,667.1230,673.2310,925783
2012-07-04,673.6866,674.5984,664.6162,669.1742,1012480
2012-07-03,675.2822,677.2420,666.6674,670.9520,1034011
2012-07-02,671.0432,675.4644,666.0292,672.2738,784576
2012-06-29,660.9242,675.3278,660.9242,672.2738,1673184
2012-06-28,659.1008,663.3854,653.2664,655.7734,900145
2012-06-27,661.8358,664.2060,654.4516,659.0098,925540
2012-06-26,653.9502,661.4712,651.3522,659.7846,1295512
2012-06-25,651.8078,659.0098,649.3464,652.9018,1734017
2012-06-22,650.8962,651.8078,641.7346,648.2070,2548822
2012-06-21,669.9946,669.9946,648.2070,655.0898,3497920
2012-06-20,671.9092,676.8774,668.3538,672.4104,1194641
2012-06-19,654.4516,673.5956,653.6310,672.0914,1675211
2012-06-18,665.4822,669.6300,649.9390,655.1808,1181420
2012-06-15,655.3632,664.9352,654.6338,662.3828,1274901
2012-06-14,652.7194,657.2320,647.9792,652.3094,876316
2012-06-13,659.4654,660.2404,649.8934,653.1754,1264362
2012-06-12,652.4460,661.6534,650.8962,658.7362,1366141
2012-06-11,668.2172,671.4078,654.5428,657.7336,1984874
2012-06-08,655.4544,667.2600,649.7110,664.9352,2151286
2012-06-07,656.5940,667.2142,652.9474,657.0040,3866030
2012-06-06,644.3326,651.8078,636.6750,650.9876,2086738
2012-06-05,635.0342,643.2386,633.5756,640.1848,1710463
2012-06-04,617.8956,634.7150,613.9756,631.4332,1893331
2012-06-01,644.9708,646.7028,618.0780,623.2744,2871673
2012-05-31,636.8574,656.7762,622.4538,643.6034,3336091
2012-05-30,639.6378,646.2470,634.4416,643.7856,1235728
2012-05-29,642.0536,646.7940,636.5384,639.7290,1199668
2012-05-28,634.8518,640.6862,631.2052,639.2274,2098271
2012-05-25,634.8518,635.0342,627.4676,630.8406,1591304
2012-05-24,630.8406,638.1336,626.7384,634.8972,1455722
2012-05-23,626.7384,628.9262,620.2204,626.4648,1870778
2012-05-22,641.5978,641.7346,627.4220,630.1114,1946334
2012-05-21,628.1058,638.1336,625.3708,634.0314,1255995
2012-05-18,618.0780,634.7150,616.4370,627.7866,1540194
2012-05-17,621.5422,628.4704,618.0780,624.5506,2284042
2012-05-16,615.3432,622.4082,614.0212,616.4370,1810236
2012-05-15,619.7190,627.1030,614.4316,620.9952,2049778
2012-05-14,639.4098,640.3670,618.0780,620.9496,2932026
2012-05-11,631.7522,641.2332,627.9236,635.6722,1911559
2012-05-10,636.0368,645.2442,630.8862,633.2564,2630378
2012-05-09,640.8686,645.7912,630.1570,633.6666,2632179
2012-05-08,656.0014,656.0014,611.6966,646.0190,2876922
2012-05-07,653.6310,658.1892,642.9652,652.0814,2401352
2012-05-04,667.1230,674.5072,658.2804,662.2458,2458987
2012-05-03,675.5100,678.1538,670.1314,673.5500,1231008
2012-05-02,682.8030,684.5350,674.7352,677.6522,1225649
2012-04-30,673.6866,681.8914,673.2766,679.3388,1448328
2012-04-27,678.2448,679.7946,671.8636,676.5128,1575406
2012-04-26,673.1398,683.4866,669.3566,679.5668,3007320
2012-04-25,670.9520,677.2420,663.6590,671.2710,2527238
2012-04-24,671.9092,674.5984,660.0580,669.7668,1258119
2012-04-23,662.3828,679.5210,660.9242,671.0432,4331170
2012-04-20,673.6866,673.6866,664.0236,666.8040,3650373
2012-04-19,684.7174,687.3156,673.6866,676.1938,3399533
2012-04-18,684.1704,690.0048,677.6066,683.1220,2951711
2012-04-17,681.8002,686.1760,675.2822,680.4326,1664732
2012-04-16,680.5696,686.2214,671.0886,682.1648,1483770
2012-04-13,680.0680,694.0616,673.6866,684.8542,2771585
2012-04-12,670.0404,679.5210,669.0374,677.2420,2011876
2012-04-11,672.7750,673.6866,664.0692,668.1258,2350868
2012-04-10,678.2448,680.4326,673.0486,677.3332,1349202
2012-04-09,675.4188,681.7092,669.2198,676.9686,2232274
2012-04-04,680.5240,690.3694,678.2904,681.0708,1665370
2012-04-03,678.8830,695.0188,678.8830,685.9480,2530751
2012-04-02,683.7146,684.1704,673.8236,675.3278,1528173
2012-03-30,665.4822,684.4438,662.7474,682.1192,2109226
2012-03-29,657.2776,665.0264,655.8190,660.7874,1764218
2012-03-28,665.5734,670.6784,657.3688,661.7902,1967474
2012-03-27,672.6840,674.3250,661.1066,666.1204,4200285
2012-03-26,679.0654,679.0654,663.6590,665.2998,3077929
2012-03-23,677.3332,682.8030,670.2682,678.2448,2381375
2012-03-22,698.3004,703.2688,669.1288,671.4078,3744335
2012-03-21,692.8308,704.8642,688.3638,700.4428,2074390
2012-03-20,690.7796,698.6652,684.1704,693.1954,1854460
2012-03-19,711.0632,712.8864,685.1276,688.1816,3669235
2012-03-16,711.9748,727.3812,699.2120,703.7246,3117014
2012-03-15,743.0154,748.3940,724.0082,727.5178,2051037
2012-03-14,754.0006,756.1428,735.0844,742.3318,1725456
2012-03-13,732.9420,747.6646,732.0304,746.2974,2282366
2012-03-12,719.7236,731.8482,711.9748,726.5150,2173714
2012-03-09,706.4140,710.7896,700.6252,705.2288,1747973
2012-03-07,707.0976,709.0576,684.8086,694.1526,3471018
2012-03-06,724.4640,737.5002,704.9552,707.8726,2695125
2012-03-05,742.9700,742.9700,724.3272,727.3812,1506206
2012-03-02,742.9700,745.6590,734.4006,742.3774,1837634
2012-03-01,740.8732,744.7474,730.3896,738.7308,1639248
2012-02-29,734.6742,752.9064,733.5802,746.2974,3980965
2012-02-28,720.8176,729.2044,718.3562,725.6948,2384250
2012-02-27,748.4394,752.7698,698.0726,712.1572,3739013
2012-02-24,760.9288,766.6720,743.0610,747.8470,2123036
2012-02-23,760.2906,772.9620,755.7324,764.0282,3389183
2012-02-22,773.8738,780.0726,756.9176,759.5614,3330619
2012-02-21,745.6134,771.9594,743.0610,767.4012,4475899
2012-02-17,751.1744,752.8154,738.3662,745.6134,6271173
2012-02-16,756.5530,756.6896,733.9448,740.3716,3854994
2012-02-15,778.8878,779.4346,759.7436,762.1594,2756911
2012-02-14,772.1418,778.9788,768.6774,773.1900,2470112
2012-02-13,768.3128,781.9872,766.9910,773.1900,3166924
2012-02-10,776.6086,782.9900,763.9372,767.7202,1786702
2012-02-09,781.1668,783.7192,768.4952,777.2922,2785723
2012-02-08,773.0534,788.0494,770.3186,782.2150,3817779
2012-02-07,766.6720,777.0644,761.1566,770.0906,4086302
2012-02-06,768.4952,773.9648,751.1744,759.1510,2222938
2012-02-03,758.4674,765.2134,743.4712,763.7092,2668360
2012-02-02,762.5696,767.9026,751.1744,755.3678,2814264
2012-02-01,747.0722,759.3790,743.2434,756.9176,5481574
2012-01-31,732.2128,746.0694,731.1188,743.3800,2980446
2012-01-30,743.6080,746.4340,723.0966,725.1478,2527194
2012-01-27,726.1960,752.0860,726.1960,745.3400,4011437
2012-01-25,720.0882,724.5552,713.7980,720.2706,2078807
2012-01-24,704.2716,721.8202,702.8586,713.9348,3535636
2012-01-23,689.7768,710.8808,689.1844,702.8586,4421502
2012-01-20,720.7262,728.3838,704.3172,723.2334,3948443
2012-01-19,719.2678,725.2844,713.2054,715.7580,3628495
2012-01-18,694.7908,717.2622,691.6458,708.2372,6464411
2012-01-17,653.5400,676.7864,653.1754,674.9174,3649719
2012-01-16,665.4822,665.4822,648.1614,650.3494,3290513
2012-01-13,678.1538,684.2616,663.9780,667.3510,3443039
2012-01-12,680.0680,686.9052,668.3538,672.3648,2344698
2012-01-11,673.3220,685.4468,666.6674,682.2104,3354993
2012-01-10,649.0730,672.7750,649.0730,670.1770,3703849
2012-01-09,649.8024,650.8052,641.3698,644.4692,2407199
2012-01-06,636.3104,659.6478,634.9428,653.5400,4158959
2012-01-05,652.1724,660.7874,633.8034,637.4500,5158788
2012-01-04,663.5678,666.3026,650.4406,652.7194,3760168
2012-01-03,649.0730,661.7446,647.7968,659.7390,3343791
2012-01-02,636.2192,646.7940,626.7840,644.4692,4407647
2011-12-30,649.9846,657.2776,629.0174,631.6612,6471978
2011-12-29,669.0374,674.0514,646.3382,649.8934,3631980
2011-12-28,684.9908,691.9192,670.0860,673.2766,2535734
2011-12-27,697.4800,700.8530,679.6580,686.6774,2562482
2011-12-26,683.7146,696.9330,679.4754,693.6970,2513509
2011-12-23,691.9192,701.4000,676.9230,680.4784,3399722
2011-12-22,676.4672,692.6484,668.8096,688.0448,2934865
2011-12-21,664.5706,687.3610,658.6452,681.2076,3331031
2011-12-20,674.5984,675.7378,646.4750,650.4860,5338659
2011-12-19,656.2748,674.4162,652.1724,670.8152,4047961
2011-12-16,685.1732,693.9702,655.4544,659.1008,4572893
2011-12-15,667.5790,686.4040,659.8758,682.5294,5350394
2011-12-14,672.6840,687.2700,669.1288,676.1480,4509116
2011-12-13,658.6452,679.6124,657.2776,676.9686,6208567
2011-12-12,693.8336,696.2038,660.2404,663.5678,5284165
2011-12-09,701.6734,701.6734,685.9936,688.6828,4894448
2011-12-08,731.9392,735.9504,704.6818,710.3340,3812522
2011-12-07,735.9960,746.6164,732.6230,737.6826,2013136
2011-12-05,736.2694,740.2350,727.9282,735.9960,1822350
2011-12-02,727.4722,741.0554,716.9886,739.1410,2781773
2011-12-01,727.9738,738.4118,724.8742,727.9282,3490522
2011-11-30,689.7314,714.7096,687.1332,709.9692,3355078
2011-11-29,713.6156,713.6156,692.8308,697.3890,3321214
2011-11-28,696.4774,715.6214,695.5658,713.7980,2730841
2011-11-25,700.9442,702.8586,684.7628,687.3610,2882224
2011-11-24,706.5050,709.2400,688.2728,705.7758,4498213
2011-11-23,719.2678,719.2678,688.5462,705.3654,4135987
2011-11-22,717.0800,733.2156,717.0800,724.7832,2866666
2011-11-21,730.1160,730.1160,712.9776,717.3078,4614384
2011-11-18,729.3410,740.2350,718.4018,736.6340,4272203
2011-11-17,770.3186,773.6916,735.9048,739.0044,5088021
2011-11-16,784.2662,784.2662,764.3018,773.9192,2343959
2011-11-15,794.0206,800.4018,782.3518,786.4540,2100932
2011-11-14,810.9312,816.7656,795.8438,797.8038,2439636
2011-11-11,782.9900,807.6948,775.6058,805.7348,3202394
2011-11-09,811.4324,813.6202,784.8132,788.1406,1418588
2011-11-08,802.2250,806.3274,791.7870,803.9116,1818679
2011-11-04,821.4602,822.2808,796.5730,801.8604,2469825
2011-11-03,791.6958,809.5180,786.8642,806.4186,2741958
2011-11-02,779.4346,803.0456,779.0244,794.4308,2758643
2011-11-01,792.1974,800.8122,781.7138,784.4942,2239256
2011-10-31,819.1814,819.1814,796.8010,800.1740,1545940
2011-10-28,817.7226,820.3662,806.0084,818.6344,3006556
2011-10-25,777.6114,801.5870,767.8572,797.6672,3425679
2011-10-24,772.9620,778.6142,767.7202,771.4578,1538805
2011-10-21,764.8488,773.8738,758.0572,761.5668,2137698
2011-10-20,759.8348,766.7176,749.4880,764.3018,1635731
2011-10-19,751.9948,769.9536,751.6302,767.8572,2034045
2011-10-18,752.0860,753.6814,740.7820,747.5280,2527388
2011-10-17,792.1974,793.1090,756.8720,759.5614,4617942
2011-10-14,767.2190,793.1090,767.2190,790.1916,3960113
2011-10-13,774.8764,781.2578,767.5836,772.0050,3210733
2011-10-12,755.7324,776.1984,752.0860,774.4208,3263357
2011-10-11,762.1138,766.7176,747.6192,752.8610,4743764
2011-10-10,732.2584,756.4618,732.2584,754.7298,2889860
2011-10-07,716.5330,733.5802,716.5330,730.6174,2980870
2011-10-05,705.5024,709.2400,694.3350,699.4400,5334815
2011-10-04,715.9860,720.1794,698.7564,704.1348,4786830
2011-10-03,724.1906,729.2956,715.1654,718.5384,2724796
2011-09-30,730.2984,750.0806,722.5496,736.8620,6351345
2011-09-29,722.0026,740.2806,715.1654,736.6796,3245238
2011-09-28,742.0582,742.0582,718.9488,726.5606,3999238
2011-09-27,705.3200,729.6602,702.7674,727.3356,3735120
2011-09-26,702.4028,704.1348,682.3472,692.1014,4567688
2011-09-23,704.9098,722.0026,697.3890,702.6308,8204416
2011-09-22,752.0404,754.8208,711.0632,716.9430,5756082
2011-09-21,774.1472,775.7426,759.0600,764.0282,2701505
2011-09-20,748.6674,778.3408,743.9726,776.2440,3826421
2011-09-19,748.4394,756.1884,743.7902,748.3028,2173512
2011-09-16,772.4608,774.2384,749.3968,754.3196,3177455
2011-09-15,758.9232,763.9372,741.6480,761.3388,3020011
2011-09-14,742.4684,755.4590,733.3980,752.3594,3447311
2011-09-13,739.8704,751.2656,726.9254,739.1410,3698793
2011-09-12,740.7820,750.0806,725.7402,734.6286,3179757
2011-09-09,776.2440,782.5340,750.7642,752.1772,3916756
2011-09-08,759.4246,783.0810,742.0582,778.0672,6298725
2011-09-07,752.0860,767.4012,750.2628,758.1938,3107774
2011-09-06,715.5300,752.5418,708.5562,748.3028,4468283
2011-09-05,725.5578,728.3838,713.9348,719.1766,2287777
2011-09-02,725.2388,740.1440,715.6214,734.2182,3268602
2011-08-30,696.4316,723.8258,696.4316,712.4306,3567213
2011-08-29,665.4822,692.8308,663.6590,687.4066,2824892
2011-08-26,686.3584,688.9108,650.4860,655.9102,3073047
2011-08-25,695.2010,700.5796,684.7174,687.6346,2016367
2011-08-24,697.3890,701.8102,689.6400,693.6970,1889608
2011-08-23,693.7424,703.5424,681.7546,697.8902,2790282
2011-08-22,666.5760,691.9192,661.4712,689.4122,2945703
2011-08-19,666.3938,673.6866,657.8246,666.5760,3209909
2011-08-18,689.6400,692.5574,670.5416,674.5528,2650629
2011-08-17,694.5628,705.8214,684.6262,688.0902,2212443
2011-08-16,694.4716,703.5880,688.2728,691.9192,1468256
2011-08-12,712.5218,712.5218,691.0076,693.5600,2566391
2011-08-11,698.3918,715.3478,698.3918,705.0464,2050945
2011-08-10,716.9430,720.1794,697.3890,702.8586,2867679
2011-08-09,692.7852,709.8780,687.4522,697.7536,4775147
2011-08-08,706.5050,726.3784,699.2578,711.6102,3846829
2011-08-05,729.2500,729.2500,709.7414,721.6836,4836207
2011-08-04,756.0970,758.1482,738.6398,740.6908,1955606
2011-08-03,754.7752,762.1138,750.7186,752.2228,1814811
2011-08-02,756.4618,770.3186,745.8414,761.2934,2933237
2011-08-01,763.0254,763.8916,750.0806,757.4646,1850394
2011-07-29,764.8942,772.7342,751.1744,754.5474,2657308
2011-07-28,779.4346,779.4346,759.9260,763.3446,4070097
2011-07-27,798.3508,798.3508,783.6736,784.6308,1337201
2011-07-26,809.9740,811.2502,792.0150,794.1572,2290935
2011-07-25,813.9850,814.0306,802.2250,804.1852,4018285
2011-07-22,790.0094,798.9434,786.8642,796.3906,1711271
2011-07-21,798.5788,798.8978,781.8504,784.6764,1094679
2011-07-20,807.7858,808.5154,792.2428,797.9404,1430201
2011-07-19,788.8698,802.9544,788.8698,801.4502,1666343
2011-07-18,795.7526,797.3936,788.5964,790.4652,1866433
2011-07-15,790.2830,798.1228,788.0950,796.1174,1412297
2011-07-14,786.8186,800.4018,783.1266,790.2830,2081529
2011-07-13,778.2494,790.9666,775.8794,788.1406,1546849
2011-07-12,772.8710,781.4858,770.4552,773.5090,1559783
2011-07-11,779.4346,783.6280,772.5520,777.7938,1471466
2011-07-08,794.2028,796.7554,776.7910,778.8878,2696942
2011-07-07,782.9900,797.6672,779.4346,793.4280,2725951
2011-07-06,773.1900,782.7164,766.6720,777.2922,3919248
2011-07-05,791.5592,793.1090,769.4980,771.3668,3382476
2011-07-04,796.7098,801.3134,788.0950,791.4224,1983844
2011-07-01,820.4576,825.9272,782.1694,785.9526,3709817
2011-06-30,811.2502,820.4120,808.7432,818.2698,1682770
2011-06-29,797.3022,809.0166,794.5218,807.0566,1562609
2011-06-28,800.2196,800.3106,786.0440,793.6102,1651483
2011-06-27,788.5508,802.2250,785.8160,794.4764,1872765
2011-06-24,797.0288,801.5870,779.8450,793.4736,4024730
2011-06-23,770.6376,795.6158,770.6376,793.7016,3673443
2011-06-22,779.3434,782.1694,760.3818,771.3212,3027445
2011-06-21,765.6236,779.0700,763.9826,773.5090,2635236
2011-06-20,797.2112,797.2112,755.7324,760.8376,5270844
2011-06-17,814.9878,814.9878,788.7788,791.6504,4637732
2011-06-16,820.4576,820.4576,806.8742,809.5180,4181782
2011-06-15,830.5766,837.4592,819.5460,821.1412,4694273
2011-06-14,846.7122,849.0368,831.4424,832.8100,2235993
2011-06-13,859.5660,859.5660,839.8750,844.7522,1638610
2011-06-10,870.5966,872.4198,849.6294,860.5688,1502757
2011-06-09,862.8478,873.1492,862.8478,869.7762,1239799
2011-06-08,869.2290,870.5966,860.2496,863.6226,972560
2011-06-07,852.3640,873.0580,852.3640,871.6904,1760507
2011-06-06,850.5408,856.8766,846.8488,855.1902,1373943
2011-06-03,875.1548,882.3564,850.3586,853.4126,5114502
2011-06-02,856.9222,870.1408,854.1874,867.7248,1205221
2011-06-01,866.4942,873.3316,860.3864,863.0756,1418483
2011-05-31,856.9222,870.3232,854.0506,867.6338,1277894
2011-05-30,863.3036,868.7734,852.6376,856.6488,861347
2011-05-27,852.3640,868.4088,852.3640,862.6654,1589204
2011-05-26,833.6760,853.1846,831.2146,850.7688,2614715
2011-05-25,832.8556,833.2202,822.7820,826.6566,1840380
2011-05-24,829.5736,839.5560,827.7504,834.3598,1548101
2011-05-23,838.5530,839.6016,823.9216,827.7504,1493837
2011-05-20,835.0890,843.2480,830.0296,839.9662,1888695
2011-05-19,826.2462,839.9662,825.0154,834.0406,2234983
2011-05-18,840.9234,842.1540,819.7736,822.0984,3312117
2011-05-17,861.2068,863.7138,837.5504,839.0546,3030409
2011-05-16,867.6794,867.6794,858.8366,860.8422,1345475
2011-05-13,861.4804,876.9322,855.2358,864.8078,1677157
2011-05-12,868.3174,870.5054,858.4720,861.3438,1142909
2011-05-11,870.5966,873.3316,860.6142,870.3232,1334677
2011-05-10,876.0662,878.3910,863.7594,867.4058,1249009
2011-05-09,874.6532,880.2598,867.3148,873.6506,1176631
2011-05-06,870.5966,874.6988,866.1296,870.9612,1920600
2011-05-05,863.0302,878.2998,860.1130,865.5826,2332688
2011-05-04,861.5714,871.5994,856.9222,863.3036,2326005
2011-05-03,879.6216,881.9918,858.4720,860.5232,3660690
2011-05-02,896.7600,899.7684,876.2030,879.4392,2523346
2011-04-29,888.8290,897.9452,886.2310,895.1648,1816575
2011-04-28,905.2380,905.2380,885.7750,887.7806,3072853
2011-04-27,917.0892,918.9124,893.5238,898.0818,4392145
2011-04-26,918.9124,919.8240,909.8418,912.3030,2856623
2011-04-25,924.8380,931.0824,917.5450,919.9152,2860988
2011-04-21,940.7912,951.7306,938.1476,948.0386,2778301
2011-04-20,925.2938,937.7828,918.0920,935.0480,1455007
2011-04-19,916.9980,927.9374,910.7078,921.9664,2022282
2011-04-18,929.8518,951.2748,917.4082,920.8724,1951063
2011-04-15,930.7634,932.5866,917.1802,928.3934,1533959
2011-04-13,912.7134,933.0426,909.7962,931.4016,2041944
2011-04-11,928.3934,929.8518,911.6194,918.1374,1167101
2011-04-08,948.9960,956.7902,930.5356,933.7262,1287444
2011-04-07,952.6422,955.1950,943.5262,948.2210,1049489
2011-04-06,951.7306,960.5734,948.0842,951.5940,1008926
2011-04-05,957.2004,964.2654,947.6284,952.5966,1210951
2011-04-04,946.3522,960.6646,938.1020,957.0638,1892507
2011-04-01,956.2432,971.3760,932.5410,943.7996,2285895
2011-03-31,944.1188,959.4796,943.4350,955.1950,3215482
2011-03-30,934.5010,945.1670,933.4982,941.6118,1554949
2011-03-29,930.7634,940.3354,928.9858,932.2676,2035733
2011-03-28,936.2786,945.2582,921.6474,932.9512,2502509
2011-03-25,927.1168,938.0564,921.1004,935.3670,2207189
2011-03-24,924.8380,931.1282,914.9014,920.8268,1454131
2011-03-23,910.8446,925.2938,907.5172,923.1516,2248491
2011-03-22,905.9220,915.9496,904.4178,911.1638,1630413
2011-03-21,911.6194,912.5310,894.8458,901.1814,2843265
2011-03-18,944.3464,944.4378,899.9506,905.3748,7315219
2011-03-17,948.9960,955.8330,937.1904,940.2898,2038099
2011-03-16,951.2748,961.3028,946.3976,952.2776,3510745
2011-03-15,907.2892,955.8330,902.6400,944.7112,8017724
2011-03-14,904.1442,929.8518,904.1442,927.7094,4005509
2011-03-11,894.0252,906.9246,886.0030,903.9618,3951847
2011-03-10,904.4632,905.2380,895.1190,897.4438,2230332
2011-03-09,901.1358,915.0836,882.5388,906.0586,7135771
2011-03-08,892.4754,904.2354,891.7004,897.3982,2464660
2011-03-07,888.6466,895.1190,878.8924,889.8772,2430975
2011-03-04,897.3982,905.2380,892.0196,894.9824,2001482
2011-03-03,890.6522,898.0818,883.0856,891.9284,2869735
2011-03-01,885.6384,904.3264,882.9034,901.5460,2277936
2011-02-28,885.8206,906.1496,876.0662,879.6672,3804179
2011-02-25,890.6522,894.4354,869.6850,880.5788,2562527
2011-02-24,907.0612,909.9786,875.1548,880.4876,4244917
2011-02-23,897.9452,914.2176,895.6660,908.2920,3309621
2011-02-22,903.8708,919.5050,892.5666,897.9908,13390449
2011-02-21,853.3670,876.0662,851.5894,871.9640,4266747
2011-02-18,870.6878,877.8894,850.9968,854.5064,3763738
2011-02-17,864.1242,870.5966,854.1874,869.2290,2297933
2011-02-16,856.3752,866.9502,854.1874,860.5688,2046018
2011-02-15,833.1290,860.9790,830.9868,858.5176,4092456
2011-02-14,829.5736,836.8666,815.8994,834.3142,5140600
2011-02-11,821.7794,833.9496,809.5180,830.1206,3229316
2011-02-10,833.9496,839.6016,806.7832,820.2296,5188132
2011-02-09,829.0724,853.6860,824.1040,831.2602,4722741
2011-02-08,853.2758,855.8284,831.0322,834.5876,2929595
2011-02-07,843.2480,855.9196,833.5848,847.1680,2621737
2011-02-04,862.1184,862.3920,833.2202,838.2340,3940706
2011-02-03,844.1596,863.9418,833.7672,860.1130,7334488
2011-02-02,829.5736,845.5270,826.8388,839.9662,6552008
2011-02-01,844.1596,845.8916,811.3414,816.4920,9424271
2011-01-31,828.6620,846.8946,823.4658,838.0062,5985412
2011-01-28,861.4804,862.8022,823.2836,833.6760,8077355
2011-01-27,881.0802,882.4476,856.9222,859.6572,4732364
2011-01-25,891.5638,897.4438,871.5082,873.8328,3643415
2011-01-24,909.2950,909.2950,879.7126,885.2280,3815804
2011-01-21,888.8290,904.3264,886.1852,899.3126,3263224
2011-01-20,891.9740,891.9740,869.8672,884.0428,7736368
2011-01-19,911.6194,916.0864,889.7406,894.7544,2786651
2011-01-18,915.9040,918.4566,902.5032,906.6966,2392117
2011-01-17,915.1748,917.8640,904.6912,909.6140,2721643
2011-01-14,925.5672,938.0108,909.7962,912.6678,4590907
2011-01-13,938.9680,947.6740,922.1486,925.5216,3999912
2011-01-12,929.8518,943.5262,914.3998,939.5150,2830028
2011-01-11,945.4860,955.9242,910.7990,924.6556,3264371
2011-01-10,971.7864,975.4328,931.0824,939.9252,2825639
2011-01-07,985.4606,991.4774,964.5844,970.7834,2344407
2011-01-06,984.2300,992.7536,978.4866,988.1954,2765411
2011-01-05,982.3156,993.6652,975.5696,978.9880,4764818
2011-01-04,966.3166,983.4552,962.8070,981.4040,3732386
2011-01-03,968.1398,972.1510,959.2060,960.9838,1527999
2010-12-31,964.5844,972.0142,960.2544,964.7214,1428530
2010-12-30,958.2032,962.3966,953.6452,957.7474,852552
2010-12-29,956.2432,960.8468,953.5996,955.6506,1447101
2010-12-28,961.8496,965.7696,950.3632,954.6024,2377515
2010-12-27,964.7214,973.6096,958.7956,961.8496,1108162
2010-12-24,962.5790,969.5528,957.5194,965.9064,1206731
2010-12-23,962.8070,969.9632,957.3828,964.6300,1514666
2010-12-22,976.6178,979.9908,957.2460,963.6272,2682437
2010-12-21,964.9490,979.6262,964.9490,976.7546,2646163
2010-12-20,952.5966,973.6096,949.0414,963.9920,1928337
2010-12-16,959.0236,965.4050,948.9960,962.4878,2097176
2010-12-15,962.6702,968.5956,944.7112,958.9326,2926033
2010-12-14,951.7306,964.4934,949.4516,959.5706,3069566
2010-12-13,933.6352,952.6422,919.8696,949.7252,2855573
2010-12-10,898.4010,938.0564,893.3870,933.2248,3812017
2010-12-09,933.6806,941.7030,890.8344,897.3526,4476795
2010-12-08,934.3188,936.3700,922.0120,929.0314,1622260
2010-12-07,929.0314,947.5372,929.0314,939.4238,2987065
2010-12-06,923.4706,938.7856,923.0146,929.6240,2766792
2010-12-03,921.6474,932.1764,910.0242,917.4538,2912316
2010-12-02,910.7078,922.1030,908.1098,920.2798,2923049
2010-12-01,897.9452,909.2492,896.4866,902.5944,2400839
2010-11-30,908.9756,918.3654,895.4382,899.5860,3295015
2010-11-29,884.2708,913.4426,877.4792,909.9786,3925789
2010-11-26,897.0336,902.9590,874.1518,877.4792,4391289
2010-11-25,912.6222,914.3544,889.7406,893.6606,3597200
2010-11-24,911.6194,926.1142,899.7684,906.2410,2168222
2010-11-23,916.1776,916.1776,888.9200,906.9702,3967656
2010-11-22,915.9040,925.2938,910.5256,922.6500,1984494
2010-11-19,942.6146,945.0760,899.9052,908.7478,4082934
2010-11-18,943.5262,952.8246,925.2938,941.2928,3716807
2010-11-16,963.6728,964.4934,937.1904,939.2870,3098866
2010-11-15,972.6980,973.6096,947.4918,960.8468,2612191
2010-11-12,984.2754,991.4774,964.9490,968.0030,3272596
2010-11-11,1009.1626,1013.3562,982.7712,986.4178,2020804
2010-11-10,1007.3394,1017.8688,1002.7812,1005.0150,2481237
2010-11-09,1015.5440,1021.4696,1000.7302,1009.5730,2294210
2010-11-08,1012.3534,1020.3302,1002.7812,1013.7208,2740735
2010-11-04,980.9024,1008.9804,980.2644,1007.1116,4275417
2010-11-03,986.3722,989.1070,968.3678,971.1026,3586362
2010-11-02,997.3118,999.1350,976.5722,979.3982,3158182
2010-11-01,1022.0166,1082.0922,992.1610,996.4912,2943429
2010-10-29,987.2838,1009.4362,984.6400,998.9526,4346378
2010-10-28,1002.7812,1004.6046,982.7258,987.3294,2892776
2010-10-27,999.5906,1011.8976,989.1070,996.0810,3640512
2010-10-26,991.4318,1002.5080,991.4318,999.5906,1993479
2010-10-25,989.5628,1003.6930,989.5628,993.9842,3321978
2010-10-22,987.3750,996.2632,979.3072,985.8708,3561701
2010-10-21,959.9352,990.4744,956.4256,983.8652,6194926
2010-10-20,948.0842,969.7808,946.2610,956.0152,3540110
2010-10-19,969.3250,973.6096,948.0842,951.5940,3444040
2010-10-18,952.9612,970.8748,942.8424,956.1976,3364652
2010-10-15,969.9632,973.1538,944.4378,948.9046,2051102
2010-10-14,979.9908,983.6374,960.9380,964.7214,3654334
2010-10-13,964.4934,978.3044,961.8954,977.3928,4094483
2010-10-12,974.5212,979.4440,953.5996,960.7558,2165735
2010-10-11,961.7584,975.4328,961.7584,974.4756,4756261
2010-10-08,938.9680,959.4796,938.9680,955.6050,3704108
2010-10-07,954.4654,961.7584,940.8824,946.7168,5781703
2010-10-06,938.9680,954.4654,935.5950,952.2776,5051161
2010-10-05,926.2052,939.7886,920.1432,932.8146,4426469
2010-10-04,924.3822,934.4098,921.0092,927.9374,2907834
2010-10-01,904.3264,919.5962,903.4148,917.4994,2430462
2010-09-30,911.6194,911.6194,892.7034,899.1760,4458281
2010-09-29,913.4426,919.6872,907.1982,910.7534,3504526
2010-09-28,918.9124,923.2882,905.4660,910.0242,2740436
2010-09-27,918.9124,928.8490,916.1776,920.3254,2484031
2010-09-24,899.7684,919.5506,899.7684,913.1236,3779102
2010-09-23,934.1364,934.1364,907.6084,909.5226,3625999
2010-09-22,948.0842,950.2722,925.4304,929.1680,2852456
2010-09-21,952.6422,955.3772,934.6378,941.6118,3424403
2010-09-20,937.7828,950.7278,930.3532,947.8108,4406872
2010-09-17,917.0892,938.7856,913.6706,936.0052,5060752
2010-09-16,913.4426,928.0286,910.2976,912.4400,2748040
2010-09-15,902.5032,926.2052,898.5834,921.1458,6361428
2010-09-14,904.3264,914.3544,897.2158,900.4522,4396098
2010-09-13,880.0318,906.8790,880.0318,904.5088,4695977
2010-09-09,879.6216,881.5360,870.6878,873.2858,2063988
2010-09-08,876.9778,879.9406,868.7734,875.2004,2338330
2010-09-07,872.4198,884.0886,868.8644,876.8412,4888120
2010-09-06,834.1318,872.8300,806.9200,868.9556,5598234
2010-09-03,857.8338,858.6544,842.6100,843.7950,3099335
2010-09-02,861.4804,864.1242,852.5466,854.3242,2959618
2010-09-01,848.7178,859.5660,840.9688,853.6860,4434690
2010-08-31,861.3892,863.1212,834.2228,837.6416,10640834
2010-08-30,876.3396,876.9778,861.7084,863.9872,3315254
2010-08-27,862.8934,884.2708,862.8934,865.8106,5409358
2010-08-26,888.5554,888.5554,870.7332,872.1464,4279398
2010-08-25,884.2708,890.6522,879.8040,882.5388,2676465
2010-08-24,892.4754,894.1164,882.4932,886.2310,3130945
2010-08-23,902.5032,907.0158,888.9656,890.1052,3337657
2010-08-20,885.1824,905.2380,885.1824,900.8168,5081330
2010-08-19,899.4492,899.4492,879.7126,890.4698,4153326
2010-08-18,892.2020,892.2020,874.2432,879.4850,5212542
2010-08-17,893.3870,902.4120,884.3620,885.2736,2859696
2010-08-16,928.6666,928.6666,887.9174,889.9230,2858388
2010-08-13,884.2708,906.1042,872.5110,892.5210,6092578
2010-08-12,889.8316,892.4754,884.2708,886.3220,5889176
2010-08-11,901.1358,906.9702,893.4782,895.7116,5874809
2010-08-10,929.8518,929.8518,899.7684,900.9078,4102802
2010-08-09,913.4426,919.5506,904.4632,905.8306,4094802
2010-08-06,922.2854,922.2854,910.7078,911.8930,3763411
2010-08-05,925.0204,937.1448,915.4938,917.9552,2987852
2010-08-04,938.6946,938.6946,923.6072,926.1142,2851927
2010-08-03,928.8490,938.5124,923.3792,935.5040,3067656
2010-08-02,929.8976,930.7634,922.5590,924.8834,1585606
2010-07-30,916.1320,930.2166,915.2660,920.3710,3517278
2010-07-29,932.5866,937.7828,919.0036,921.1458,5355449
2010-07-28,970.8748,974.2478,928.4388,930.7178,10564139
2010-07-27,964.0376,967.2282,958.3400,960.3912,2219332
2010-07-26,967.2738,973.8832,956.7446,959.0692,1736480
2010-07-23,975.4328,976.0710,963.5818,966.4532,2470415
2010-07-22,963.5818,967.0914,956.3342,965.3138,2182646
2010-07-21,965.4050,969.0516,962.6702,964.7214,1437639
2010-07-20,967.2282,971.6496,957.2460,959.8442,1354318
2010-07-19,964.0376,971.5584,960.8468,962.8980,2032487
2010-07-16,975.3872,977.4384,966.5446,969.0060,1738124
2010-07-15,976.2988,984.4578,970.8748,978.1220,1563498
2010-07-14,984.5946,989.1070,971.8774,974.5668,1901027
2010-07-13,961.7130,982.5890,961.7130,979.7630,2740965
2010-07-12,968.1398,973.6096,959.6618,962.4422,2143146
2010-07-09,966.3166,971.7864,959.3882,962.5334,1915774
2010-07-08,970.6012,975.4328,961.7584,963.1260,2191857
2010-07-07,977.7118,979.9908,958.1120,959.8896,2243988
2010-07-06,970.8292,984.3210,970.8292,977.8030,1316380
2010-07-05,970.8292,978.9426,969.4162,973.4272,1122174
2010-07-02,983.3638,987.9220,970.9658,974.0198,2135130
2010-07-01,987.8308,987.8308,973.6096,981.0394,2122519
2010-06-30,966.2710,996.3088,961.9408,990.8392,4187512
2010-06-29,989.0160,991.5684,970.0542,972.9716,2610725
2010-06-28,975.4328,994.3944,970.8748,991.8420,4973372
2010-06-25,957.2004,973.6096,951.0014,969.2794,3984632
2010-06-24,961.9408,970.8748,955.3772,958.3854,2078032
2010-06-23,965.4050,973.3362,960.8468,965.0404,1938347
2010-06-22,970.8748,979.8086,938.9680,969.6440,2277100
2010-06-21,967.3194,978.8970,967.3194,971.1026,2013504
2010-06-18,976.2988,993.5742,959.0236,961.9864,8672234
2010-06-17,966.7724,982.4066,965.2226,976.6178,5290865
2010-06-16,975.4328,983.3638,961.8040,963.9008,2598284
2010-06-15,973.3362,975.1138,958.1120,971.2850,3242844
2010-06-14,962.5790,974.9770,957.3828,969.4162,2704743
2010-06-11,933.4982,956.7446,932.5866,953.7818,6524961
2010-06-10,923.1970,927.1168,919.0946,925.7040,1911405
2010-06-09,917.4538,925.1114,911.6194,917.8640,3500775
2010-06-08,922.5590,923.8352,907.0612,908.3832,3059088
2010-06-07,925.2938,928.6666,911.8930,920.1432,2294234
2010-06-04,946.8536,946.8536,932.5866,939.6972,1467525
2010-06-03,945.3494,946.6256,930.9914,940.0164,2183510
2010-06-02,922.5590,937.1448,914.9014,922.4676,3274219
2010-06-01,952.6422,956.9268,766.2616,922.1486,6405972
2010-05-31,946.8992,955.3316,939.0592,952.6880,2172535
2010-05-28,940.0164,945.3494,925.2938,942.4776,2715073
2010-05-27,920.7356,935.0480,913.5794,931.5384,3359116
2010-05-26,911.0724,920.0518,903.6882,918.3198,2380358
2010-05-25,922.5590,927.8918,897.9452,899.6316,5025124
2010-05-24,911.6194,956.2888,911.6194,931.1738,5158436
2010-05-21,897.9452,911.6194,890.0596,907.7450,3732241
2010-05-20,915.2660,924.1542,905.6028,911.5284,3527014
2010-05-19,919.7328,924.8380,907.1068,910.0696,4721687
2010-05-18,932.5866,942.1130,919.8240,930.4898,3358441
2010-05-17,943.4806,946.9902,920.7356,926.8892,4496432
2010-05-14,970.8748,975.2504,944.5744,951.3204,3501712
2010-05-13,992.7536,996.9472,975.7062,977.0738,2032979
2010-05-12,975.4328,992.0244,969.1426,986.3722,3155266
2010-05-11,984.5490,992.7536,969.1882,972.8802,5306835
2010-05-10,957.2460,987.2838,952.6422,984.7314,5726556
2010-05-07,910.6622,966.3166,903.5060,942.4776,16187833
2010-05-06,929.8062,934.1364,917.3172,921.5560,3364155
2010-05-05,911.9384,932.5866,911.6194,930.5356,2947128
2010-05-04,918.9124,947.1726,918.9124,930.6722,6543113
2010-05-03,934.1364,941.2014,928.1198,933.0882,2834700
2010-04-30,948.0842,952.6422,938.9680,941.2470,2824391
2010-04-29,938.9680,946.2610,928.9402,943.2526,3599808
2010-04-28,952.6422,957.2004,922.6046,927.1168,8229194
2010-04-27,956.8358,975.1594,929.8518,967.3194,2133648
2010-04-26,994.8504,995.3972,969.9632,975.2504,3416654
2010-04-23,991.8420,998.2234,985.6886,991.2494,4294149
2010-04-22,966.0432,997.2204,957.2004,980.4922,5385836
2010-04-21,979.0336,979.0336,957.3828,961.0292,2932361
2010-04-20,977.2560,983.9108,961.7584,969.8718,3075539
2010-04-19,979.6718,979.6718,959.2060,968.0944,3360420
2010-04-16,972.7436,997.1294,972.7436,987.5574,3552777
2010-04-15,1030.1298,1032.4090,991.2494,993.8932,5072724
2010-04-13,1036.5112,1036.5112,998.2234,1021.6974,1884043
2010-04-12,1028.3066,1038.1522,1022.8370,1026.1646,2121607
2010-04-09,1010.0744,1038.6992,1009.1626,1024.6146,3068137
2010-04-08,1007.5674,1038.3346,1003.7842,1006.6558,2268976
2010-04-07,1028.3066,1067.5064,1023.7942,1029.2182,3382827
2010-04-06,1039.2462,1039.2462,1019.4186,1022.0622,1848686
2010-04-05,1002.7812,1027.3952,1001.8698,1025.7086,3249777
2010-04-01,984.5946,1001.7786,982.7258,996.9926,1828387
2010-03-31,991.8420,997.3118,977.7118,979.6718,2769151
2010-03-30,1000.9582,1007.2484,987.1014,991.7052,2687424
2010-03-29,985.0048,1010.9404,958.6134,997.1748,2345255
2010-03-26,1000.9582,1011.3506,998.2234,1001.8698,3122348
2010-03-25,991.8420,998.4512,983.8652,995.2150,2001979
2010-03-23,984.5946,995.4884,980.9024,992.9816,2545317
2010-03-22,979.0792,1002.7812,973.7008,978.9880,3726200
2010-03-19,980.9024,998.2234,975.5240,993.4828,2828833
2010-03-18,978.1676,983.1816,968.4134,980.0366,2257257
2010-03-17,979.9908,987.1928,970.0998,972.2876,3782793
2010-03-16,938.9680,975.4328,937.1448,972.5156,6102552
2010-03-15,931.6750,939.8796,924.4734,936.9168,2591831
2010-03-12,929.8518,941.3382,925.2938,930.9914,3767146
2010-03-11,916.1776,929.7606,916.1776,926.7068,2502247
2010-03-10,906.1496,928.3934,900.8624,918.9580,4651995
2010-03-09,920.7356,925.2938,900.7256,902.6856,3347381
2010-03-08,928.0286,933.4982,914.5368,916.3598,1875212
2010-03-05,929.8518,937.0536,916.8612,920.6902,2319956
2010-03-04,931.9030,942.1586,918.9124,924.1542,3203985
2010-03-03,893.3416,933.9998,893.3416,931.6294,5801869
2010-03-02,899.4036,910.7078,893.3870,896.6688,2760998
2010-02-26,878.8010,907.0612,878.8010,891.5638,5243510
2010-02-25,893.4326,895.2104,876.0662,879.1202,2818766
2010-02-24,876.9778,898.8568,876.9778,890.8344,2204068
2010-02-23,888.7834,896.5322,885.1824,888.7378,2238597
2010-02-22,907.1982,911.6194,886.2764,892.3844,2423072
2010-02-19,903.4148,905.2380,891.7004,897.2614,3924735
2010-02-18,944.4378,944.4378,907.0612,909.2492,4626736
2010-02-17,932.5866,944.3464,931.6750,940.7912,3623213
2010-02-16,916.1320,933.4982,916.1320,927.4816,3469855
2010-02-15,925.3394,936.9624,916.3598,918.4110,2689899
2010-02-11,902.5032,928.0286,901.9108,924.3364,4976388
2010-02-10,911.6194,912.5310,895.2104,897.6262,3046953
2010-02-09,907.0158,910.6168,897.1702,905.9220,2575929
2010-02-08,906.7878,915.8130,889.7406,908.2920,5271813
2010-02-05,916.1776,919.5050,890.7434,894.5722,8186035
2010-02-04,937.0992,952.6422,925.3850,929.3050,2482343
2010-02-03,939.2870,955.1950,938.9680,942.3866,3556617
2010-02-02,961.7584,965.4050,933.5896,935.8686,3283378
2010-02-01,946.2154,961.7584,943.5718,954.1008,2142334
2010-01-29,934.3644,958.1120,928.0286,954.0554,3754515
2010-01-28,943.5262,953.5538,934.5010,945.7140,3785160
2010-01-27,937.2358,957.0638,930.7634,935.1848,4477490
2010-01-25,952.5966,966.2256,945.3494,949.6340,3134115
2010-01-22,948.0386,975.4328,938.6946,960.0720,9001344
2010-01-21,977.2560,982.7258,958.1120,960.6646,3538486
2010-01-20,989.0616,999.7732,976.6178,982.4980,3187668
2010-01-19,1002.7812,1010.9860,985.5974,989.2894,2341378
2010-01-18,1002.7812,1017.0938,980.3098,1002.3712,2386374
2010-01-15,1025.6176,1034.6880,1007.3394,1011.1684,3085937
2010-01-14,993.6652,1025.0704,991.8420,1021.7886,7746322
2010-01-13,989.1526,995.4430,975.4328,992.1610,6718732
2010-01-12,984.2754,1010.9860,971.7864,987.9220,5083397
2010-01-11,1050.6414,1079.9956,971.7864,985.9620,8650223
2010-01-08,1011.8976,1016.4556,1000.2744,1004.5590,3757991
2010-01-07,989.1070,1016.4556,989.1070,1007.5218,6015007
2010-01-06,980.0366,997.4940,975.4328,992.5712,4348098
2010-01-05,990.0188,996.1266,971.3304,975.0226,3197173
2010-01-04,997.3118,997.3118,931.6750,980.3098,56934353
2009-12-31,986.6912,999.1350,981.8140,993.1182,2917206
2009-12-30,975.2960,987.2838,975.2960,979.9452,1507676
2009-12-29,989.1070,992.4800,980.0822,982.4980,2535452
2009-12-24,975.4328,987.8308,957.2004,980.1732,3928995
2009-12-23,937.1448,973.5184,930.9002,971.6950,5647430
2009-12-22,931.6750,938.0564,922.1942,928.7580,3125913
2009-12-21,916.1320,943.2982,902.5032,926.7068,6289429
2009-12-18,957.2916,957.2916,918.9124,921.1458,4293382
2009-12-17,952.5966,958.7502,939.0592,942.6600,3382549
2009-12-16,959.0692,961.6674,946.3522,954.4200,3395777
2009-12-15,970.8292,983.6374,955.3772,958.4310,2856167
2009-12-14,970.8292,987.7398,965.9064,972.1054,2912138
2009-12-11,984.4124,991.8420,970.0998,974.4756,3302239
2009-12-10,970.8292,986.0988,968.3220,975.9342,2626801
2009-12-09,975.4328,982.5436,969.0516,977.3016,2300352
2009-12-08,961.7130,988.2410,957.2916,984.7770,3720559
2009-12-07,989.1982,1001.5050,958.2032,962.3510,4520709
2009-12-04,993.6652,1008.6156,986.4178,992.7992,2948327
2009-12-03,1007.4762,1021.0138,998.2234,1004.1944,2845648
2009-12-02,984.5490,1019.1906,984.5490,1003.0092,3099731
2009-12-01,975.3872,1002.7812,969.0516,1000.8214,2615615
2009-11-30,967.2282,982.7258,961.8040,968.8692,3355542
2009-11-27,948.0842,967.2282,921.8750,956.1976,6904059
2009-11-26,1002.7812,1011.8976,963.2172,970.5102,4549836
2009-11-25,1991.8884,2029.1736,1982.7722,1999.8652,10689376
2009-11-24,2023.7952,2023.7952,1974.8866,1983.7752,5662173
2009-11-23,1955.4692,2010.1208,1945.8518,2001.4604,10159727
2009-11-20,1886.7790,1946.3076,1869.7314,1937.3282,6084231
2009-11-19,1914.3552,1924.3374,1889.1032,1897.9462,5027728
2009-11-18,1946.7180,1958.1586,1909.9340,1916.6344,6840399
2009-11-17,1971.8326,1971.8326,1919.8704,1945.1682,7073492
2009-11-16,1950.9110,1968.0042,1943.2994,1957.9308,4208082
2009-11-13,1905.0112,1939.8350,1900.8176,1929.6248,5704702
2009-11-12,1855.4646,1954.5122,1855.4646,1914.5830,7117047
2009-11-11,1887.0524,1936.4164,1855.6472,1921.6480,6816615
2009-11-10,1855.1912,1914.4010,1829.6202,1871.1900,11064544
2009-11-09,1786.5006,1851.4992,1786.5006,1845.6190,6181468
2009-11-06,1786.8196,1799.4914,1768.5416,1783.8112,5717526
2009-11-05,1767.4478,1774.0116,1687.3164,1768.3596,7644660
2009-11-04,1681.9378,1757.0554,1677.3796,1750.9018,8411222
2009-11-03,1750.2638,1754.8676,1646.3846,1659.7402,8944173
2009-10-30,1832.4008,1841.4710,1751.7680,1760.5648,12430161
2009-10-29,1822.9654,1883.0866,1814.1224,1826.7488,5738936
2009-10-28,1800.4028,1862.0736,1800.4028,1855.7380,6965215
2009-10-27,1823.2388,1832.0818,1800.5396,1814.3962,7216019
2009-10-26,1859.7038,1882.0382,1827.8882,1837.3236,6292111
2009-10-23,1961.8050,1963.6282,1857.1512,1866.3584,13108111
2009-10-22,1982.7266,1987.1482,1932.6332,1944.9856,4552351
2009-10-21,1978.1688,2013.7676,1978.1688,1989.5638,4845668
2009-10-20,2037.5150,2042.3008,1984.8236,1990.8402,4965130
2009-10-16,1991.9342,2025.6184,1960.1186,2020.6956,6705786
2009-10-15,2004.6512,2025.6184,1973.6562,1979.4904,6669072
2009-10-14,1987.3760,2001.0048,1962.8080,1985.6896,5766476
2009-10-12,1928.1206,1991.9342,1925.3404,1975.5706,12877716
2009-10-09,1930.8100,1943.9830,1905.2846,1914.4466,7383688
2009-10-08,1959.9818,2013.7676,1914.4010,1931.9038,20054485
2009-10-07,1914.4010,1964.5400,1898.9944,1913.4892,3875556
2009-10-06,1950.5920,1964.5400,1917.0446,1943.9830,6629265
2009-10-05,1886.7790,1980.0376,1886.7790,1948.2222,5908632
2009-10-01,1996.1732,2010.1208,1964.5400,1978.6242,4551318
2009-09-30,1978.3508,2015.4994,1970.1008,2006.6570,8815456
2009-09-29,1959.9818,1984.5954,1951.7772,1974.5676,5758707
2009-09-25,1900.6808,1956.3354,1892.3854,1941.5670,8455762
2009-09-24,1899.7238,1936.1886,1876.6600,1918.4120,5829857
2009-09-23,1899.8150,1936.5534,1899.8150,1915.6770,9848764
2009-09-22,1914.4010,1950.6834,1903.6440,1911.0736,6248629
2009-09-18,1886.7790,1926.2518,1886.7790,1913.2158,6187500
2009-09-17,1978.0318,2009.6196,1887.2800,1901.9572,104579465
2009-09-16,2005.7908,2014.6790,1972.1520,1990.5212,4853324
2009-09-15,1957.2016,1990.5212,1950.5920,1987.4672,4276810
2009-09-14,1937.6472,1969.0068,1926.2518,1957.2016,5729455
2009-09-11,1973.4738,1978.2140,1924.4286,1951.7316,6592922
2009-09-10,1988.4242,2010.1208,1946.3076,1959.2524,8710022
2009-09-09,1882.4486,1982.3166,1878.8478,1977.6216,14641655
2009-09-08,1827.9338,1907.6550,1720.8638,1891.7470,11414992
2009-09-07,1815.2620,1830.5320,1800.4484,1823.7860,4735687
2009-09-04,1759.1520,1818.6806,1759.1520,1805.8272,8184097
2009-09-03,1810.4762,1811.6612,1754.7764,1761.3398,7526264
2009-09-02,1791.2864,1820.5952,1783.4010,1797.4856,5229268
2009-09-01,1838.7366,1861.5270,1793.1552,1806.8298,6646984
2009-08-31,1865.1732,1877.8448,1817.0856,1826.9764,5980291
2009-08-28,1850.3140,1891.6104,1846.0292,1887.3258,6223003
2009-08-27,1845.9836,1874.7456,1841.5624,1859.9314,4881219
2009-08-26,1855.1456,1864.2620,1835.1810,1859.3392,5270787
2009-08-25,1786.5006,1850.4962,1786.5006,1844.8898,7845562
2009-08-24,1777.7036,1805.0066,1773.0998,1799.7648,4755191
2009-08-21,1722.9152,1763.6188,1700.1704,1758.1950,6238986
2009-08-20,1732.1224,1755.6876,1722.0490,1730.2536,4952313
2009-08-19,1763.9378,1782.2162,1707.4632,1716.9898,12266498
2009-08-18,1754.8676,1782.9454,1750.3094,1774.3762,6621084
2009-08-17,1822.9654,1839.6478,1751.4946,1768.1770,8019715
2009-08-14,1841.1978,1881.4002,1829.6658,1854.5076,9705389
2009-08-13,1842.3828,1855.6928,1820.8232,1844.6164,6735579
2009-08-12,1804.9610,1824.8798,1771.3222,1815.7180,9073900
2009-08-11,1814.1682,1866.3584,1800.4484,1822.7374,7962867
2009-08-10,1850.5874,1857.8806,1798.9442,1810.7952,7895731
2009-08-07,1854.8266,1881.5824,1814.1224,1819.5012,8978343
2009-08-06,1841.4710,1936.0974,1841.4710,1865.6748,10772011
2009-08-05,1864.3076,1898.6298,1851.7726,1891.8382,8523229
2009-08-04,1832.3552,1873.3778,1827.9792,1860.7520,7608972
2009-08-03,1786.7740,1853.2312,1784.9508,1836.8676,6765275
2009-07-31,1754.9132,1800.4484,1746.6630,1784.1306,8193336
2009-07-30,1736.5892,1768.5416,1722.9608,1731.9858,5570904
2009-07-29,1732.0768,1763.9834,1707.0072,1756.0524,10960362
2009-07-28,1768.8606,1784.9508,1723.8722,1741.4212,9788064
2009-07-27,1791.3320,1795.8902,1739.3698,1767.2200,13845308
2009-07-24,1864.3076,1882.4030,1809.7468,1835.7738,10752402
2009-07-23,1822.3274,1870.6432,1814.1224,1858.0170,17584410
2009-07-22,1846.0748,1874.5630,1791.3320,1802.5450,7752395
2009-07-21,1859.7494,1864.1706,1829.7570,1839.2376,5948891
2009-07-20,1786.7740,1855.1456,1774.0116,1851.1802,10739658
2009-07-17,1777.6580,1790.4206,1749.4888,1762.5250,10172786
2009-07-16,1736.6350,1792.7906,1713.8444,1763.3454,13708628
2009-07-15,1672.8218,1723.4168,1647.2964,1709.2864,7182705
2009-07-14,1622.6828,1663.6142,1610.2392,1651.1254,6402737
2009-07-13,1596.2456,1609.2360,1566.4358,1593.3742,8879597
2009-07-10,1695.4298,1713.8444,1595.3342,1621.2238,9121242
2009-07-09,1670.0868,1708.1012,1670.0868,1688.6380,7757661
2009-07-08,1657.3242,1723.0520,1640.9150,1667.6708,15130414
2009-07-07,1741.2388,1741.2388,1665.3010,1691.3730,12113173
2009-07-06,1859.7494,1869.7314,1700.7628,1726.2426,16294119
2009-07-03,1822.3274,1855.3276,1805.2344,1846.8042,8808793
2009-07-02,1887.0524,1895.2568,1819.1366,1832.4916,9102627
2009-07-01,1832.3552,1900.7264,1813.2112,1875.5204,9290066
2009-06-30,1914.1276,1919.0500,1832.6742,1844.5250,7110901
2009-06-29,1859.7038,1925.2492,1846.1206,1900.6808,7682585
2009-06-26,1807.1944,1855.1456,1791.8792,1849.3566,8534205
2009-06-25,1849.4936,1849.4936,1774.2850,1786.3184,7858419
2009-06-24,1846.3482,1854.9630,1798.7164,1823.3300,8465211
2009-06-23,1750.1268,1853.0034,1733.0798,1837.8704,14579178
2009-06-22,1878.8478,1888.8756,1761.4310,1779.8914,13134650
2009-06-19,1867.9082,1877.9360,1801.8156,1859.3392,11224839
2009-06-18,1869.7770,1888.8756,1815.1712,1845.9836,13072480
2009-06-17,1950.8654,1985.2338,1856.0574,1869.5494,13819012
2009-06-16,1954.5122,1990.9768,1933.5450,1952.3244,9932950
2009-06-15,2122.8880,2151.4218,1979.8550,1987.7406,17194204
2009-06-12,2105.8866,2162.6348,2098.5478,2148.5048,9181458
2009-06-11,2096.4512,2134.1010,2081.2270,2096.4970,5256808
2009-06-10,2083.0958,2134.4656,2078.7658,2115.1850,7215010
2009-06-09,1987.3304,2083.9620,1973.7472,2071.1080,8965729
2009-06-08,2009.2094,2060.2598,1684.5814,1995.4436,8502110
2009-06-05,2069.3760,2087.6084,1992.9824,2016.3656,7959831
2009-06-04,2023.8408,2062.0834,1969.0980,2056.3400,9321482
2009-06-03,2092.0756,2096.7246,2031.2706,2046.4032,6813037
2009-06-02,2087.6084,2104.9292,2028.3534,2077.7632,6945744
2009-06-01,2101.2828,2107.1626,2057.5252,2079.2674,6066100
2009-05-29,2037.5150,2100.3710,2016.3200,2076.2134,12853649
2009-05-28,2005.5626,2046.5856,1996.4466,2023.7040,8260004
2009-05-27,1987.5584,2006.4744,1962.8532,1993.8942,7384124
2009-05-26,1991.8428,2014.6790,1943.7548,1954.5578,6658597
2009-05-25,1982.7266,2018.3252,1964.5400,1999.5006,7281840
2009-05-22,1909.7972,2010.0298,1909.7972,1990.1566,9580879
2009-05-21,1938.1032,1985.3702,1920.7822,1929.7160,7948338
2009-05-20,1991.8428,2051.1438,1947.2190,1960.8480,10927250
2009-05-19,2268.9750,2269.9326,2007.5682,2037.8340,17841982
2009-05-18,1916.2240,2197.0026,1916.2240,2150.6926,331897
2009-05-15,1754.9132,1786.6830,1743.0162,1776.0626,7253089
2009-05-14,1730.2080,1758.0580,1717.4908,1739.8714,10210131
2009-05-13,1795.8446,1800.4484,1738.5494,1766.6272,11820793
2009-05-12,1686.4502,1800.1750,1675.5564,1785.2246,10755261
2009-05-11,1741.2844,1753.0444,1686.4960,1695.0194,7479753
2009-05-08,1727.4734,1759.4254,1709.2864,1729.3422,8637523
2009-05-07,1731.1654,1752.1326,1713.8444,1744.8394,8929192
2009-05-06,1700.1248,1764.3482,1686.4960,1713.6624,11781898
2009-05-05,1713.7988,1721.1376,1675.7846,1710.8362,8599605
2009-05-04,1690.1422,1727.7012,1682.8496,1718.7216,11120972
2009-04-29,1598.0688,1653.4952,1593.5106,1643.3762,8420509
2009-04-28,1613.5208,1633.4854,1577.1928,1583.2552,8722702
2009-04-27,1604.4046,1645.1994,1604.4046,1627.1040,8860997
2009-04-24,1599.8920,1640.0032,1573.2274,1626.8304,10867422
2009-04-23,1572.5434,1617.9422,1547.6108,1606.5924,10894211
2009-04-22,1567.0738,1578.9248,1542.4602,1564.4302,11977890
2009-04-21,1531.5208,1580.7480,1522.4044,1555.2230,13396090
2009-04-20,1551.5762,1597.9776,1538.4488,1562.2424,11621587
2009-04-17,1595.3794,1624.5060,1552.1234,1565.7066,12839984
2009-04-16,1677.4252,1681.0264,1567.9856,1583.0270,15734524
2009-04-15,1578.2868,1672.8218,1549.7530,1664.2070,14609940
2009-04-13,1597.1574,1628.9272,1570.8114,1612.8828,9805767
2009-04-09,1590.3202,1609.0084,1555.2230,1579.8822,13428176
2009-04-08,1493.2326,1584.3948,1463.2404,1571.6776,16825254
2009-04-06,1558.8694,1566.1620,1504.0808,1524.4558,11640130
2009-04-02,1498.7022,1530.4268,1460.5510,1515.5672,13900468
2009-04-01,1395.0056,1448.4724,1365.1958,1439.8576,14750949
2009-03-31,1394.8234,1415.1978,1380.8300,1388.5786,13379292
2009-03-30,1396.4184,1400.2018,1362.0506,1381.7418,18913756
2009-03-27,1426.6390,1442.1818,1399.7914,1411.1868,15549686
2009-03-26,1412.8280,1435.8004,1387.6216,1428.0974,19310173
2009-03-25,1312.7320,1412.0986,1308.2196,1397.8774,23940176
2009-03-24,1321.8484,1342.7700,1314.7830,1323.3526,15950529
2009-03-23,1230.6862,1321.7114,1230.6862,1312.5496,14363925
2009-03-20,1216.9662,1229.5924,1204.2492,1220.2484,10020374
2009-03-19,1221.5244,1234.3326,1203.3834,1225.8092,11611298
2009-03-18,1203.3834,1239.7114,1196.0446,1213.6388,13070057
2009-03-17,1207.8502,1223.1654,1178.5872,1185.4244,15507012
2009-03-16,1178.7242,1212.3628,1160.9930,1209.3544,14467194
2009-03-13,1116.7794,1180.4560,1104.8828,1169.0150,11591261
2009-03-12,1066.5948,1105.5666,1066.5948,1095.7210,15061807
2009-03-09,1056.9774,1061.1248,1039.2462,1051.8720,9245413
2009-03-06,1021.9254,1077.5344,1019.2360,1067.0964,16644429
2009-03-05,1116.7794,1120.3802,1041.9812,1047.5420,21894057
2009-03-04,1091.9834,1107.6174,1073.9788,1102.6950,15797034
2009-03-03,1104.8828,1140.0714,1072.9762,1093.0772,14529825
2009-03-02,1138.8862,1151.1018,1105.9768,1116.8706,13436123
2009-02-27,1175.9436,1181.4586,1137.7010,1153.2444,11238213
2009-02-26,1159.1242,1183.1454,1141.7120,1176.3994,8936251
2009-02-25,1139.4786,1171.4310,1139.4786,1154.1102,7768338
2009-02-24,1116.6882,1151.5576,1094.9460,1142.5326,16288652
2009-02-20,1166.8728,1170.9294,1131.5930,1142.7608,10951131
2009-02-19,1175.9892,1194.1302,1168.6052,1179.3164,9276748
2009-02-18,1140.4360,1199.6914,1137.7010,1180.3192,15670691
2009-02-17,1194.2214,1197.8678,1146.0424,1155.5686,11379513
2009-02-16,1258.0348,1271.7090,1195.4066,1202.4716,14458981
2009-02-13,1242.2638,1280.0504,1242.2638,1268.0170,8062874
2009-02-12,1244.3604,1254.3886,1226.6752,1232.2362,11127813
2009-02-11,1258.0348,1267.1512,1241.8080,1261.7268,11167257
2009-02-10,1258.9462,1289.2124,1251.9726,1277.6348,19540084
2009-02-09,1228.8632,1275.7204,1221.5700,1266.2850,13744841
2009-02-06,1186.9286,1230.6862,1179.6356,1224.7608,14434066
2009-02-05,1196.9564,1202.4260,1159.2154,1173.0264,12095906
2009-02-04,1194.2214,1218.5160,1182.4618,1191.8514,12674956
2009-02-03,1166.8728,1212.4540,1159.1242,1187.4298,18403596
2009-02-02,1217.0118,1232.5094,1160.9018,1164.6394,14227979
2009-01-30,1139.5242,1216.8296,1132.2772,1208.0780,18135686
2009-01-29,1171.4766,1175.9892,1132.2314,1155.9790,13246359
2009-01-28,1130.4536,1166.8272,1117.6456,1160.6284,12081474
2009-01-27,1060.4412,1125.2118,1060.4412,1118.6026,14222932
2009-01-23,1038.9728,1070.5602,1021.0140,1051.2340,22489938
2009-01-22,1034.8250,1051.4618,1009.2540,1032.8192,19058876
2009-01-21,1057.4784,1077.9898,1010.5304,1020.4668,17862148
2009-01-20,1084.8270,1103.0598,1064.8628,1077.8990,12588033
2009-01-19,1116.7338,1139.0684,1101.5098,1120.9730,11488888
2009-01-16,1056.5670,1121.2920,1048.3626,1110.7170,17980891
2009-01-15,1057.4784,1057.4784,1010.9858,1042.3002,18325257
2009-01-14,989.1072,1109.4410,989.1072,1074.0244,20149153
2009-01-13,1007.3394,1043.8044,972.7890,985.3696,17891884
2009-01-12,1039.2462,1043.8044,989.1072,1002.1432,17465247
2009-01-09,1084.8270,1091.2084,995.8076,1049.3196,19438616
2009-01-07,1253.5224,1258.0348,1071.1530,1091.0262,29218636
2009-01-06,1230.6862,1261.6812,1214.2772,1247.1410,16290574
2009-01-05,1189.6632,1255.3000,1181.4586,1245.0444,17696749
2009-01-02,1153.2444,1184.1936,1141.3474,1170.4284,16635263
2009-01-01,1130.4536,1150.9196,1125.8502,1142.8516,9620081
2008-12-31,1144.1280,1153.1988,1109.4862,1121.5198,16565493
2008-12-30,1125.8502,1159.5800,1119.6508,1138.5672,20515664
2008-12-29,1116.7794,1141.8946,1083.0038,1137.0630,15526015
2008-12-26,1144.0824,1162.3146,1098.8206,1104.8828,12186706
2008-12-24,1139.5242,1149.6432,1121.2920,1131.5022,9317937
2008-12-23,1153.1988,1166.8728,1137.7922,1148.6862,12601956
2008-12-22,1221.5700,1233.1474,1165.0496,1171.1576,15590584
2008-12-19,1230.6862,1254.2972,1207.8958,1230.0026,21308611
2008-12-18,1221.5700,1250.7418,1168.0124,1239.9848,28535662
2008-12-17,1271.7090,1283.5602,1212.4540,1230.8232,20675103
2008-12-16,1203.3378,1271.7090,1203.3378,1264.2338,23837811
2008-12-15,1204.2492,1235.1076,1160.6284,1219.7924,31012158
2008-12-12,1121.2920,1206.5282,1105.4296,1190.7572,31698249
2008-12-11,1121.2920,1180.5472,1086.6958,1147.6378,27385945
2008-12-10,1041.0694,1123.5710,1034.6880,1118.7396,26832851
2008-12-08,1048.3626,1071.1530,1008.4334,1021.0140,19940886
2008-12-05,1048.3626,1077.5344,1005.5162,1019.7376,22376533
2008-12-04,984.5490,1065.5922,957.4738,1056.8404,29416073
2008-12-03,999.1350,1025.5718,957.2460,974.9768,18630462
2008-12-02,982.7258,1001.8700,941.7028,979.6718,19859568
2008-12-01,1048.4078,1072.7936,1000.9582,1011.0314,18697114
2008-11-28,957.2004,1061.7632,945.3496,1031.5884,17003090
2008-11-26,980.0366,1044.5336,965.2680,1036.6938,26088822
2008-11-25,1068.4180,1080.1780,957.2918,976.9826,24202263
2008-11-24,1043.8500,1052.9202,998.2232,1043.7588,20228542
2008-11-21,930.7632,1055.9286,930.7632,1027.7144,25446584
2008-11-20,984.0476,1007.3394,949.6796,965.0404,22215939
2008-11-19,1048.4078,1112.1756,1021.4694,1033.0018,32044707
2008-11-18,1016.4558,1051.0972,995.9440,1039.8842,24808691
2008-11-17,1007.3394,1061.1248,985.5516,1041.6618,21063331
2008-11-14,1080.4970,1101.2362,992.4346,1047.0404,32780733
2008-11-12,1075.7112,1101.2362,1043.2572,1059.4386,24053137
2008-11-11,1153.6542,1174.5762,1088.4734,1100.3248,17637559
2008-11-10,1139.5698,1192.3982,1123.1152,1187.8856,13477723
2008-11-07,1052.9202,1129.4964,1050.1858,1110.2156,19638807
2008-11-06,1098.5016,1130.4082,1056.5670,1068.0078,26381816
2008-11-05,1353.8460,1367.4292,1134.1460,1157.2554,33349688
2008-11-04,1294.4998,1338.2574,1254.3886,1326.5886,15976550
2008-11-03,1287.6626,1320.7540,1273.6234,1310.0428,16778420
2008-10-31,1135.6954,1265.0542,1126.7616,1249.6022,26319258
2008-10-29,1095.7666,1112.1756,1052.9202,1097.9544,18789295
2008-10-27,920.7356,990.9304,847.8062,979.7174,28416765
2008-10-24,1084.8270,1100.9172,903.4146,925.7496,27985315
2008-10-23,1185.1054,1185.1054,1091.2084,1107.8456,18150320
2008-10-22,1240.8052,1253.4768,1189.6632,1199.2810,11460202
2008-10-21,1217.0118,1298.6930,1206.9840,1273.5326,17548843
2008-10-20,1207.9416,1257.9436,1168.3314,1204.4772,16753417
2008-10-17,1294.6362,1310.9088,1175.9892,1189.8914,19645340
2008-10-16,1335.5224,1335.5224,1209.7190,1273.7604,24410700
2008-10-15,1449.4750,1456.7678,1369.4350,1384.9778,11348937
2008-10-14,1504.3086,1520.5812,1467.7072,1476.5502,10357350
2008-10-13,1408.4518,1458.5914,1408.4518,1431.6074,12785002
2008-10-10,1438.1708,1438.1708,1349.1970,1392.0428,17170985
2008-10-08,1495.0558,1519.4416,1377.4570,1503.8076,22065182
2008-10-07,1527.0082,1561.1028,1472.4932,1527.3272,16664394
2008-10-06,1586.2178,1609.2360,1487.8540,1496.7882,18183028
2008-10-03,1709.2864,1729.7524,1590.8670,1605.3164,29083119
2008-10-01,1810.9320,1810.9320,1717.4908,1738.6862,11773661
2008-09-30,1732.0768,1806.8298,1697.9826,1774.3306,14892225
2008-09-29,1824.1962,1824.1962,1714.7562,1760.2914,12595350
2008-09-26,1823.2388,1848.7642,1780.4838,1787.5944,15097011
2008-09-25,1861.6182,1877.9360,1817.1308,1846.0292,11517946
2008-09-24,1805.0066,1882.3116,1805.0066,1866.6318,9074587
2008-09-23,1823.2388,1910.7546,1823.2388,1832.0818,15627055
2008-09-22,1914.4010,1939.0146,1841.9270,1857.1056,17514729
2008-09-19,1805.0066,1882.4942,1786.7740,1870.5064,13470269
2008-09-18,1624.5060,1770.3648,1608.0966,1762.0238,19663108
2008-09-17,1759.5166,1777.6580,1686.5416,1708.0102,11361924
2008-09-16,1640.9150,1763.9834,1640.9150,1758.0124,10863425
2008-09-15,1732.9886,1732.9886,1662.8850,1717.5822,15425435
2008-09-12,1841.4710,1846.1206,1748.5770,1760.7018,18644103
2008-09-11,1888.4196,1888.4196,1807.7416,1821.0510,19234249
2008-09-10,1936.2796,1946.3076,1891.4280,1899.4048,7861318
2008-09-09,1915.3124,1965.8164,1901.7752,1953.4640,6558679
2008-09-08,1941.7494,1982.7722,1935.3682,1943.7096,5916805
2008-09-05,1918.9590,1932.6332,1884.3630,1895.6214,10897336
2008-09-04,2014.6790,2014.6790,1944.4844,1962.3978,8311643
2008-09-02,1950.8654,2028.2622,1937.2826,2017.9150,8093523
2008-09-01,1922.0126,1973.6562,1919.8704,1951.3670,6546347
2008-08-29,1891.6104,1954.2384,1891.6104,1947.9026,6214709
2008-08-28,1957.2468,1967.1380,1875.2010,1890.4254,10206504
2008-08-27,1986.4190,2003.7394,1950.8654,1958.0216,9445741
2008-08-26,2023.7952,2025.6184,1956.2442,1987.0114,10539410
2008-08-25,2050.2320,2082.1388,2024.7978,2033.7774,4268007
2008-08-22,2006.4744,2058.5734,1997.3580,2047.1780,6163329
2008-08-21,2034.7800,2055.7020,2009.2094,2016.8212,6287103
2008-08-20,2024.7066,2058.8012,2023.7952,2045.8108,6081412
2008-08-19,2021.2880,2037.3784,2002.0074,2025.0260,5573561
2008-08-18,2060.2598,2069.3760,2014.6790,2028.3078,7216068
2008-08-14,2128.6314,2128.6314,2060.3054,2074.2076,7381750
2008-08-13,2115.0938,2165.0964,2106.3422,2134.0102,7375693
2008-08-12,2120.4268,2163.7286,2110.8546,2135.2406,10211673
2008-08-11,2073.9342,2128.5402,2073.9342,2120.4268,8321173
2008-08-08,2069.2848,2082.5946,2032.9112,2051.5540,7564189
2008-08-07,2085.7852,2110.5812,2049.8674,2070.6526,8327634
2008-08-06,2080.3156,2140.4824,2080.3156,2092.9414,11374934
2008-08-05,2043.8506,2082.8680,2011.6706,2074.8460,13645828
2008-08-04,2070.5156,2105.8410,2035.7830,2044.3066,8317886
2008-08-01,1982.7722,2109.4418,1969.0980,2096.4970,10634781
2008-07-31,1971.8326,2019.2370,1963.6282,2011.2146,6742024
2008-07-30,1900.6808,1978.2140,1900.6808,1972.0152,6267268
2008-07-29,1987.3304,1987.3304,1893.7070,1900.9090,8479570
2008-07-28,1957.2468,1995.4436,1919.4602,1986.5098,9859514
2008-07-25,2087.5632,2087.5632,1943.8004,1957.5662,16534432
2008-07-24,2064.8180,2123.1618,2055.7928,2102.6958,9969518
2008-07-23,2005.5626,2078.4924,1987.3304,2065.2738,10069137
2008-07-22,1962.7168,2004.6512,1947.7662,1963.9020,8128161
2008-07-21,1950.8654,1970.8756,1905.8318,1962.9902,7787502
2008-07-18,1846.0292,1937.1914,1818.7262,1925.9328,11423464
2008-07-17,1828.2986,1850.5874,1791.3320,1837.4144,8956078
2008-07-16,1801.3602,1845.9384,1752.5884,1773.4188,12648596
2008-07-15,1823.2388,1863.3044,1795.8902,1802.0894,11262216
2008-07-14,1823.2388,1894.0716,1816.2650,1865.9026,9874842
2008-07-11,1863.3502,1886.1406,1815.9460,1838.1894,11113348
2008-07-10,1887.0524,1904.3732,1854.2338,1863.4414,8328579
2008-07-09,1833.4034,1908.9310,1833.4034,1896.1230,10031567
2008-07-08,1823.2388,1836.9134,1760.5196,1803.7302,15007511
2008-07-07,1913.4892,1932.4510,1821.4156,1848.9012,10713750
2008-07-04,1887.9638,1944.0286,1868.8196,1913.4892,17299928
2008-07-03,1939.9264,1939.9264,1846.9410,1888.0550,13830836
2008-07-02,1864.2620,1965.0414,1815.2168,1953.6916,18398928
2008-07-01,1905.2846,1957.7940,1846.3030,1863.5326,16405021
2008-06-30,1987.3304,2021.5162,1892.5218,1908.2474,14341877
2008-06-27,1996.4010,2048.4088,1948.1308,1989.0626,19973255
2008-06-26,1959.9818,2059.3484,1955.9252,2041.3438,20402687
2008-06-25,1868.8196,1959.9362,1836.9134,1946.6266,10639506
2008-06-24,1841.4710,1945.1224,1834.1784,1883.5880,13306243
2008-06-23,1886.1406,1899.7238,1808.6986,1843.4768,13700762
2008-06-20,2046.5856,2064.8636,1895.3482,1911.3012,14591841
2008-06-19,2060.2598,2068.4646,2032.9112,2046.5856,4315697
2008-06-18,2123.1618,2141.3942,2073.9342,2081.6828,7372091
2008-06-17,2082.1388,2128.5402,2062.0834,2123.3440,6348635
2008-06-16,2067.5530,2112.8604,2062.0834,2082.9136,6886465
2008-06-13,2079.4038,2097.6364,2053.1948,2067.8262,7830120
2008-06-12,2024.7066,2096.4970,1991.8884,2080.0878,15112105
2008-06-11,2005.5626,2068.2366,2005.5626,2060.2598,11617735
2008-06-10,1972.9270,2027.4416,1950.9566,2005.0158,10423082
2008-06-09,1982.7722,2022.3824,1925.3404,1971.9240,13859199
2008-06-06,2048.4088,2095.8132,2016.5022,2041.4352,13821888
2008-06-05,2101.2828,2124.0732,1984.7778,2049.0016,15072298
2008-06-04,2193.3564,2226.4482,2083.1414,2103.2886,10512339
2008-06-03,2128.6314,2210.4946,2113.6808,2194.0856,9429799
2008-06-02,2188.7982,2221.6166,2126.6258,2147.5020,5863381
2008-05-30,2248.0534,2288.1648,2179.6822,2189.3910,9666454
2008-05-29,2298.1924,2333.6548,2229.1376,2248.5094,6067958
2008-05-28,2279.0484,2310.8644,2254.4348,2298.9218,6122092
2008-05-27,2300.9274,2345.5056,2262.4572,2272.8496,5104920
2008-05-26,2269.9326,2328.2760,2269.9326,2301.7024,4727143
2008-05-23,2385.7082,2403.9404,2321.8946,2329.0054,4713123
2008-05-22,2423.0844,2423.0844,2366.1082,2386.0272,5424088
2008-05-21,2350.7018,2438.5822,2342.8620,2432.1096,8138103
2008-05-20,2402.1172,2402.1172,2347.4200,2372.0338,3284270
2008-05-16,2390.2664,2412.1450,2371.1224,2402.2994,5294232
2008-05-15,2310.9552,2400.4306,2310.9552,2390.8588,5590739
2008-05-14,2279.9602,2328.0026,2264.4626,2306.3518,4433616
2008-05-13,2328.2760,2342.8620,2268.7930,2280.3704,6080185
2008-05-12,2292.7230,2338.2130,2260.8162,2328.7320,6866226
2008-05-09,2424.9076,2437.6704,2288.1648,2304.2548,8392647
2008-05-08,2434.9354,2446.7868,2418.7544,2430.5142,3449839
2008-05-07,2397.5592,2452.2562,2390.7218,2445.2826,4708859
2008-05-06,2420.3496,2446.6954,2403.0286,2419.8028,4427785
2008-05-05,2437.6704,2467.3894,2417.1590,2430.1038,5943585
2008-05-02,2382.9732,2450.1598,2382.9732,2438.4452,5097546
2008-04-30,2418.5264,2438.4452,2374.9056,2383.7482,3663121
2008-04-29,2362.9178,2436.0750,2352.0238,2418.5264,7098391
2008-04-28,2392.0896,2415.7914,2355.1688,2362.9630,4902443
2008-04-25,2351.9782,2400.6588,2334.8852,2392.5450,6449724
2008-04-24,2352.8896,2372.0338,2331.1018,2352.7988,5627122
2008-04-23,2376.5918,2400.0660,2339.4434,2349.4258,6665575
2008-04-22,2408.4986,2420.3496,2370.2106,2377.0022,6772083
2008-04-21,2403.0286,2444.9636,2390.7218,2408.6356,5266652
2008-04-17,2434.0240,2452.2562,2391.3146,2403.8948,6597865
2008-04-16,2388.4428,2432.2008,2386.6196,2411.0510,8887406
2008-04-15,2320.0716,2405.6272,2269.4766,2378.2330,11662783
2008-04-11,2279.0484,2338.3038,2201.5608,2324.6754,11554273
2008-04-10,2196.0912,2300.6540,2196.0912,2249.6032,12245040
2008-04-09,2161.6778,2215.1898,2143.4450,2204.3414,5467837
2008-04-08,2197.2764,2208.8540,2150.1458,2170.7936,6433532
2008-04-07,2116.7806,2213.8224,2116.7806,2193.0830,5674868
2008-04-04,2181.5054,2199.7376,2110.3992,2116.9626,7077797
2008-04-03,2142.7614,2201.5608,2136.8360,2182.1890,6627682
2008-04-02,2209.7654,2238.0258,2101.2828,2136.4714,10757942
2008-04-01,2082.1388,2165.0964,2047.0416,2137.8386,8473133
2008-03-31,2123.9820,2133.1896,2052.0552,2064.3624,9087460
2008-03-28,2073.9342,2155.9800,2033.8230,2140.0720,12520428
2008-03-27,2079.6320,2105.8410,2046.5856,2073.9342,8763785
2008-03-26,2109.4874,2131.3664,2073.2050,2095.5396,6556701
2008-03-25,2029.4930,2119.5150,2023.7952,2109.8520,6853668
2008-03-24,2005.5626,2014.1322,1938.1484,2006.2922,7551696
2008-03-19,2005.5626,2046.4944,1958.1586,1968.2320,7761731
2008-03-18,1987.3304,2027.4416,1932.6332,1955.7426,9266702
2008-03-17,2071.7464,2073.9342,1963.6282,1987.8774,10051322
2008-03-14,2032.9112,2135.9242,2028.3534,2116.5068,9570865
2008-03-13,2146.8636,2146.8636,2006.4744,2043.5316,10110269
2008-03-12,2187.8868,2214.2780,2151.4218,2166.1902,6670017
2008-03-11,2051.1438,2146.4990,2019.3740,2139.1606,7319612
2008-03-10,2023.7952,2082.7768,1935.4594,2072.2932,12719868
2008-03-07,2053.6506,2083.0506,1975.5250,2050.0500,10444653
2008-03-05,2226.1748,2226.1748,2030.9972,2090.1156,6285367
2008-03-04,2100.3710,2137.7478,2014.6790,2043.3948,9961467
2008-03-03,2143.2174,2209.7654,2087.6540,2101.0550,7941716
2008-02-29,2301.9302,2317.3366,2197.0026,2240.9884,8239483
2008-02-28,2358.3596,2370.2106,2299.3320,2312.5050,4740428
2008-02-27,2347.4200,2392.0896,2344.0014,2358.8608,11306416
2008-02-26,2325.5410,2357.4478,2310.0438,2348.1038,4419321
2008-02-25,2214.2780,2337.3924,2197.9144,2326.1794,4975080
2008-02-22,2262.2748,2262.2748,2201.2418,2215.0528,5085125
2008-02-21,2262.6394,2313.6902,2241.2162,2280.5074,4044581
2008-02-20,2327.3642,2329.1878,2242.5840,2262.8676,4435078
2008-02-19,2331.9224,2385.5256,2303.7532,2327.3642,4097617
2008-02-18,2361.0942,2415.7914,2313.1430,2326.4528,3657298
2008-02-15,2260.8162,2369.2992,2248.0534,2361.5958,5528561
2008-02-14,2210.6772,2306.3970,2210.6772,2292.4496,6607621
2008-02-13,2133.1896,2248.9652,2133.1896,2175.9446,11686487
2008-02-12,2079.8598,2197.0026,2058.4366,2118.7402,8236939
2008-02-11,2207.0308,2215.0072,2032.9112,2073.7974,8762347
2008-02-08,2370.2106,2370.2106,2180.1378,2207.7144,8932826
2008-02-07,2326.4528,2358.3596,2196.0912,2210.6772,7949049
2008-02-06,2324.6296,2347.4200,2290.2160,2326.4984,5040319
2008-02-05,2362.9178,2397.5592,2342.8620,2384.7964,4168808
2008-02-04,2352.2972,2409.4100,2335.5692,2363.4646,5605268
2008-02-01,2259.9048,2334.6574,2209.7654,2317.0176,5250839
2008-01-31,2229.1832,2340.7654,2165.1416,2260.3602,9877935
2008-01-30,2347.4200,2353.8014,2241.3074,2251.3352,4212871
2008-01-29,2347.4200,2390.2664,2313.6902,2348.0124,4391984
2008-01-28,2320.9830,2362.0060,2224.3512,2337.3924,3997190
2008-01-25,2269.9326,2392.0896,2220.1126,2378.9166,4966010
2008-01-24,2328.2760,2406.6754,2225.3544,2270.4336,10052000
2008-01-23,2149.5986,2370.2106,2149.5986,2329.0510,10636397
2008-01-22,2186.9750,2278.7750,1932.6332,2149.6442,15291492
2008-01-21,2547.9766,2551.6228,2152.3336,2319.3422,20329897
2008-01-18,2707.5098,2721.1840,2534.3020,2552.0788,13833614
2008-01-17,2827.1596,2861.5732,2712.9794,2731.4398,12499753
2008-01-16,2871.6014,2871.6014,2764.5770,2824.5160,7963061
2008-01-15,2931.7680,2964.6774,2858.1550,2882.5408,7243284
2008-01-14,2851.5456,2950.0004,2848.8110,2932.0414,4464588
2008-01-11,2734.8584,2862.4850,2734.8584,2851.6824,7721012
2008-01-10,2757.6488,2823.1942,2748.7606,2759.5176,6180224
2008-01-09,2780.4392,2789.5556,2745.7980,2763.9846,4270874
2008-01-08,2748.5326,2810.5228,2735.7698,2780.8952,7338575
2008-01-07,2711.8856,2760.3838,2690.1890,2749.0796,4517018
2008-01-04,2645.5196,2751.2676,2645.5196,2721.9588,7373205
2008-01-03,2580.8860,2672.8682,2580.8860,2646.3400,4954106
2008-01-02,2618.6724,2629.1104,2569.0346,2608.8726,3570981
2008-01-01,2595.4718,2595.4718,2595.4718,2595.4718,3147501
2007-12-31,2641.8732,2688.1832,2620.9972,2626.4212,4300941
2007-12-28,2638.2268,2672.8682,2611.8808,2642.1922,4501157
2007-12-27,2621.1336,2668.0366,2617.3504,2638.5458,4996942
2007-12-26,2541.5952,2655.2738,2527.5104,2640.6880,4899399
2007-12-24,2474.1352,2552.5342,2474.1352,2541.6404,3851586
2007-12-20,2500.4808,2510.5998,2456.8600,2474.7734,7471605
2007-12-19,2522.3598,2534.3020,2419.4382,2465.7026,8607528
2007-12-18,2506.9534,2557.0924,2463.4236,2487.6730,5111453
2007-12-17,2643.6052,2643.6052,2518.9868,2532.0230,5466593
2007-12-14,2588.8170,2642.7846,2566.4822,2633.7142,4290346
2007-12-13,2636.4036,2669.2218,2566.7102,2582.3900,3724718
2007-12-12,2598.1156,2654.6358,2594.0588,2631.7542,2524775
2007-12-11,2572.5902,2638.2268,2572.5902,2624.3246,3157531
2007-12-10,2589.9110,2611.2428,2559.8274,2573.0460,2822614
2007-12-07,2619.9942,2657.3708,2558.0042,2590.5034,5185293
2007-12-06,2648.2546,2693.8354,2612.7014,2620.4956,4287470
2007-12-05,2609.9664,2663.6610,2609.9664,2646.2488,2614557
2007-12-04,2672.8682,2698.3936,2595.3806,2610.7414,5089696
2007-12-03,2598.1156,2680.1612,2598.1156,2673.0506,3767142
2007-11-30,2568.9438,2627.6976,2565.5252,2598.7992,4434626
2007-11-29,2548.0218,2620.7234,2548.0218,2569.3084,4286001
2007-11-28,2590.8224,2619.9942,2525.4594,2540.0454,4698925
2007-11-27,2612.4280,2627.2872,2572.5902,2590.8224,3372793
2007-11-26,2578.9714,2640.9614,2575.3252,2628.0622,3783762
2007-11-23,2516.9812,2584.2590,2480.5166,2562.9726,6780377
2007-11-22,2480.5166,2525.1856,2431.1070,2487.6272,8595180
2007-11-21,2532.4788,2552.5342,2461.3726,2481.4280,7952958
2007-11-20,2579.6094,2605.2262,2516.0698,2540.5464,7208630
2007-11-19,2630.8424,2652.8126,2590.0018,2600.3946,2914400
2007-11-16,2581.1592,2670.1332,2558.8248,2621.5440,5315578
2007-11-15,2631.8454,2651.9008,2598.1612,2617.8976,5294628
2007-11-14,2456.8144,2642.7846,2456.8144,2632.3010,15518326
2007-11-13,2433.1122,2483.2512,2417.2046,2457.5894,10788236
2007-11-12,2478.6934,2488.7212,2375.6800,2440.3598,8615515
2007-11-08,2471.0356,2549.7998,2454.2620,2500.3444,9092193
2007-11-07,2399.3822,2555.2692,2399.3822,2518.4854,6521909
2007-11-06,2427.6426,2511.5116,2406.8120,2420.8054,6024662
2007-11-05,2472.3122,2483.2512,2402.1172,2428.2350,13330358
2007-11-02,2414.6974,2480.0608,2374.7686,2472.9502,8901895
2007-11-01,2536.1252,2597.2038,2406.9944,2435.4826,12057036
2007-10-31,2504.4466,2568.9438,2504.4466,2536.6268,18845029
2007-10-30,2577.1482,2598.1156,2503.3070,2525.6416,9611229
2007-10-29,2454.0794,2592.6456,2454.0794,2577.7406,9074853
2007-10-26,2395.7360,2470.4886,2379.3268,2454.3076,10945946
2007-10-25,2372.9454,2431.3802,2364.7410,2395.7816,9025242
2007-10-24,2371.1224,2416.7032,2326.9088,2378.8710,8900223
2007-10-23,2198.8262,2383.8394,2198.8262,2371.6234,9416780
2007-10-22,2216.1468,2260.8162,2173.6656,2199.5100,15981274
2007-10-19,2347.4200,2392.0896,2199.7832,2250.9706,18883253
2007-10-18,2470.4886,2557.0924,2301.8392,2348.2406,21324634
2007-10-17,2324.6296,2465.9308,2077.2160,2452.5296,30439504
2007-10-16,2424.9076,2460.4608,2385.7990,2414.2420,11958103
2007-10-15,2339.2156,2435.8472,2339.2156,2428.6910,11319467
2007-10-12,2370.2106,2483.2512,2317.3366,2339.9904,27753982
2007-10-11,2385.7082,2421.2614,2356.7642,2397.2400,18622321
2007-10-10,2397.5592,2444.8722,2370.2106,2386.0272,13292837
2007-10-09,2201.4700,2384.2496,2157.8032,2370.6208,11382203
2007-10-08,2263.5056,2306.3970,2173.8476,2203.3388,9248199
2007-10-05,2207.9422,2314.6020,2207.9422,2264.3716,10070139
2007-10-04,2178.7704,2219.7936,2152.3336,2208.4438,8142989
2007-10-03,2093.0784,2227.9068,2077.2160,2182.0066,19326196
2007-10-01,2093.0784,2122.0676,2064.1342,2087.0160,7202605
2007-09-28,2124.0732,2141.3942,2067.5530,2093.2604,7564440
2007-09-27,2115.8688,2155.0682,2104.5646,2115.1394,4102761
2007-09-26,2211.4978,2211.4978,2107.6642,2116.7348,9446048
2007-09-25,2164.9138,2211.5890,2127.1272,2187.5222,5652538
2007-09-24,2114.7748,2165.0964,2085.7852,2148.4134,6379026
2007-09-21,1990.0654,2091.2552,1960.9844,2073.3870,7032385
2007-09-20,1980.9490,2005.5626,1969.1438,1998.3612,4817587
2007-09-19,1905.2846,1991.8884,1891.6104,1980.8578,8569603
2007-09-18,1846.0292,1881.4916,1829.6202,1876.4774,6990469
2007-09-17,1859.7038,1876.9334,1842.4742,1849.1744,2926255
2007-09-14,1846.9410,1886.5964,1846.9410,1854.6896,5497444
2007-09-13,1836.9134,1854.5984,1827.9792,1847.3970,4978141
2007-09-12,1810.4762,1843.2946,1810.4762,1835.0446,6085556
2007-09-11,1829.6202,1829.6202,1805.1430,1810.7496,4881712
2007-09-10,1773.0998,1818.2252,1773.0998,1811.5700,5008055
2007-09-07,1807.6960,1814.1224,1781.3044,1788.0504,4120472
2007-09-06,1777.5668,1811.3880,1775.8348,1808.0150,4094176
2007-09-05,1805.0066,1822.6008,1774.1938,1784.4496,5304634
2007-09-04,1782.2162,1801.3602,1778.6606,1797.2580,4415235
2007-09-03,1785.8626,1805.9180,1774.4672,1782.7172,5232539
2007-08-31,1740.1904,1795.7990,1732.1224,1786.3184,9623820
2007-08-30,1722.0490,1753.9558,1719.3144,1738.8228,7244221
2007-08-29,1686.4960,1732.0768,1684.9004,1722.7782,7535858
2007-08-28,1650.0310,1722.9608,1650.0310,1713.8902,6590176
2007-08-27,1617.2128,1677.2888,1617.2128,1670.8618,5345160
2007-08-24,1588.0410,1621.7710,1588.0410,1617.6688,4552594
2007-08-23,1618.1246,1649.9858,1579.0160,1588.5882,8053627
2007-08-22,1592.5992,1632.7106,1565.2506,1612.1080,8607253
2007-08-21,1635.4452,1651.8546,1582.5716,1592.9182,8618689
2007-08-20,1613.5664,1657.3242,1613.5664,1633.3942,5417240
2007-08-17,1567.9856,1618.1246,1549.7530,1597.8866,14656676
2007-08-16,1631.7988,1631.7988,1575.2784,1585.4430,9341333
2007-08-14,1657.3242,1679.2032,1654.5892,1669.9044,3613711
2007-08-13,1650.0310,1677.3796,1645.7466,1667.2610,3906899
2007-08-10,1645.4732,1660.7884,1620.8592,1650.7150,7423067
2007-08-09,1709.2864,1742.1048,1672.8218,1679.2032,8527752
2007-08-08,1645.4732,1718.4026,1645.4732,1709.8792,11519965
2007-08-07,1627.2406,1658.9652,1627.2406,1646.2482,5162672
2007-08-06,1613.5664,1632.6650,1597.2482,1624.6424,6689787
2007-08-03,1641.8264,1676.3770,1637.4052,1642.0546,8615313
2007-08-02,1594.4224,1676.4682,1594.4224,1642.3736,6720323
2007-08-01,1714.7562,1714.7562,1632.7106,1639.0918,12828637
2007-07-31,1709.2864,1731.1654,1673.7332,1725.0574,5995571
2007-07-30,1701.0818,1732.0768,1677.4252,1684.5358,9371594
2007-07-27,1751.4034,1766.7184,1692.8772,1701.4920,17768457
2007-07-26,1754.6850,1775.8348,1738.4580,1769.4534,6419463
2007-07-25,1739.8258,1744.8394,1712.0214,1735.1764,4535981
2007-07-24,1750.3094,1761.2490,1738.6406,1742.7428,6820112
2007-07-23,1718.4026,1745.7512,1710.1982,1742.0136,4037337
2007-07-20,1728.4304,1752.1326,1714.3460,1720.1802,6742888
2007-07-19,1671.7280,1754.8676,1654.5892,1728.8406,8989537
2007-07-18,1685.5846,1685.5846,1644.5614,1659.1474,5619087
2007-07-17,1627.2406,1671.9100,1627.2406,1665.8476,7408352
2007-07-16,1622.6828,1627.2406,1611.2874,1619.5376,3080832
2007-07-13,1586.2178,1628.5170,1573.4552,1612.1988,8022768
2007-07-12,1540.6370,1572.6346,1540.6370,1566.9826,3389567
2007-07-11,1542.9614,1566.1620,1542.9614,1551.3484,2749130
2007-07-10,1559.7808,1563.4274,1545.3318,1551.8500,2038721
2007-07-09,1559.7808,1567.0738,1550.7556,1559.7808,2801697
2007-07-06,1558.8694,1579.8366,1552.4880,1560.1910,6191014
2007-07-05,1563.4274,1571.2218,1531.9766,1556.9548,4775955
2007-07-04,1554.3112,1578.0134,1554.3112,1564.0654,5007223
2007-07-03,1535.1670,1560.3278,1535.1670,1554.7214,5411223
2007-07-02,1548.8416,1558.6868,1531.5208,1535.6230,4923352
2007-06-29,1549.5708,1560.2366,1539.7708,1550.0264,5708037
2007-06-28,1557.0462,1560.6924,1536.5800,1542.6880,5259416
2007-06-27,1548.6590,1559.0970,1542.4602,1547.6108,3439582
2007-06-26,1555.2230,1567.4384,1549.6618,1552.9438,4496303
2007-06-25,1549.7530,1561.6042,1546.3344,1555.2682,4468666
2007-06-22,1572.5434,1580.7480,1546.6534,1553.4450,6964561
2007-06-21,1578.9248,1590.7760,1570.6746,1579.9734,4553312
2007-06-20,1567.9856,1588.9528,1567.9856,1578.9704,4450713
2007-06-19,1521.4930,1578.8338,1521.4930,1574.5034,6073490
2007-06-18,1531.5208,1543.8276,1518.8036,1523.5440,4957765
2007-06-15,1546.1066,1558.8694,1519.0770,1531.5208,6127802
2007-06-14,1547.2918,1553.3994,1532.4322,1546.2888,4718938
2007-06-13,1545.1948,1557.9576,1520.6724,1525.5952,7078103
2007-06-12,1520.5812,1559.7808,1515.1116,1549.3428,8483309
2007-06-11,1519.6694,1543.8276,1515.5672,1520.7638,5510018
2007-06-08,1505.0836,1546.5626,1495.0558,1513.4250,9086596
2007-06-07,1526.9626,1555.1774,1514.1998,1520.4900,7612081
2007-06-06,1588.0410,1597.1574,1532.4322,1538.2210,7814073
2007-06-05,1593.3286,1596.2456,1571.6320,1590.8216,5005333
2007-06-04,1609.0084,1609.0084,1581.7966,1586.0354,3279352
2007-06-01,1604.4502,1621.7710,1591.0494,1595.6532,3684151
2007-05-31,1597.1574,1614.2958,1593.6018,1604.6326,4724769
2007-05-30,1595.3342,1622.6828,1588.0410,1598.0232,6902472
2007-05-29,1567.9856,1609.7376,1560.6468,1599.6642,6918172
2007-05-28,1573.4552,1595.1974,1563.4274,1570.5382,2635232
2007-05-25,1560.6924,1583.4830,1550.6648,1574.1388,6910298
2007-05-24,1590.8216,1605.3620,1564.3844,1572.9080,6860145
2007-05-23,1613.5664,1627.2406,1594.6046,1600.5760,5011988
2007-05-22,1614.4778,1622.6828,1584.8502,1618.3524,8804917
2007-05-21,1554.3112,1622.6828,1554.3112,1605.8630,7968674
2007-05-18,1527.4640,1554.3112,1518.3478,1549.2062,6250898
2007-05-17,1499.6140,1538.9504,1495.0558,1535.9420,7983235
2007-05-16,1476.8236,1499.3406,1456.9046,1489.9508,6281103
2007-05-15,1474.0886,1479.7862,1452.2552,1456.6312,4995973
2007-05-14,1467.9354,1483.2050,1463.1490,1477.6440,7147259
2007-05-11,1431.2428,1458.1354,1417.6138,1449.7028,10718192
2007-05-10,1458.6366,1471.3536,1435.8004,1441.6350,4423820
2007-05-09,1453.9418,1458.5914,1437.8518,1455.9476,5174795
2007-05-08,1468.6190,1471.9008,1449.4750,1452.8024,5379153
2007-05-07,1452.2100,1474.8178,1452.2100,1463.5594,7842888
2007-05-04,1505.8128,1505.8128,1437.7150,1442.6834,12266959
2007-05-03,1439.2648,1483.9342,1435.8004,1479.6494,6972282
2007-04-30,1395.6892,1435.2994,1371.9874,1422.2176,6170452
2007-04-27,1481.3818,1481.3818,1396.1908,1402.2530,9745689
2007-04-26,1468.6190,1481.1992,1440.3586,1455.6282,15423012
2007-04-25,1462.0552,1463.2860,1426.6846,1458.4544,7038910
2007-04-24,1416.6564,1445.8286,1408.4518,1440.7690,5803860
2007-04-23,1413.0100,1422.1264,1392.0428,1416.7476,5049203
2007-04-20,1381.1034,1408.4518,1362.8710,1405.0332,7142284
2007-04-19,1349.1970,1366.9734,1332.7874,1360.9566,11210423
2007-04-18,1347.6016,1362.8710,1344.7296,1355.0768,4348978
2007-04-17,1348.2852,1356.3076,1324.5374,1345.5958,8455293
2007-04-16,1294.3172,1335.5224,1288.1184,1330.9644,5214860
2007-04-13,1274.2618,1289.9416,1259.7212,1285.9758,4038855
2007-04-12,1247.0954,1268.7918,1247.0954,1265.0086,3206416
2007-04-11,1261.2254,1274.4440,1255.3912,1264.4162,3591292
2007-04-10,1261.4992,1265.3276,1250.2862,1259.7212,2613903
2007-04-09,1243.0844,1264.4162,1243.0844,1261.4992,2767592
2007-04-05,1247.9160,1247.9160,1233.5122,1237.5692,2838726
2007-04-04,1225.2164,1247.0954,1225.2164,1242.6740,4031231
2007-04-03,1198.7796,1227.0400,1193.8112,1222.6638,6813368
2007-04-02,1235.2444,1242.4460,1189.6632,1197.4122,9980017
2007-03-30,1240.0304,1252.1094,1234.3326,1247.4144,4576531
2007-03-29,1235.1988,1246.2748,1222.5730,1236.2472,6790787
2007-03-28,1258.0348,1258.0348,1224.3962,1229.4554,4652891
2007-03-26,1257.5790,1261.0888,1240.7140,1244.5430,3031463
2007-03-23,1255.3000,1261.6812,1239.8026,1257.3056,5015356
2007-03-22,1294.4998,1294.4998,1228.3160,1252.7930,5860159
2007-03-21,1202.2438,1225.8548,1191.9424,1221.6156,5144840
2007-03-20,1206.8928,1214.3228,1201.5146,1204.2948,3177488
2007-03-19,1191.4868,1200.6028,1182.3704,1197.8678,3281872
2007-03-16,1150.4638,1189.6632,1150.4638,1184.9230,9575573
2007-03-15,1179.6356,1194.2214,1163.4542,1170.2914,9257317
2007-03-14,1194.2214,1194.2214,1167.7846,1171.4766,7054440
2007-03-13,1203.2464,1214.0948,1197.0476,1209.6278,3670002
2007-03-12,1208.8072,1216.5564,1192.3982,1199.6914,6020906
2007-03-09,1229.7746,1230.6862,1190.3472,1201.9704,7942645
2007-03-08,1198.7796,1220.2026,1175.7158,1216.8296,12275245
2007-03-07,1207.0298,1213.3654,1150.5550,1175.3964,11368893
2007-03-06,1153.3352,1190.5750,1153.2896,1184.5584,9497840
2007-03-05,1185.1054,1185.1054,1139.5242,1147.9112,14946722
2007-03-02,1245.1810,1247.0954,1194.2214,1200.9218,11195830
2007-03-01,1263.0486,1276.2672,1202.7906,1245.9558,12214956
2007-02-28,1267.1512,1267.1512,1226.2194,1234.8798,19222765
2007-02-27,1280.7340,1289.3944,1267.2876,1280.7796,6840342
2007-02-26,1317.2902,1317.2902,1252.1094,1282.8310,13631452
2007-02-23,1294.4998,1315.2388,1279.2754,1287.9360,10250883
2007-02-22,1279.9136,1299.9694,1279.9136,1288.8478,8297784
2007-02-21,1294.4998,1298.1462,1277.4524,1281.8736,3432830
2007-02-20,1286.4774,1317.1076,1286.0214,1289.5314,9321119
2007-02-19,1289.0298,1303.6158,1287.2066,1292.9044,4680019
2007-02-15,1262.5930,1286.2948,1260.7698,1282.5572,3911341
2007-02-14,1249.0098,1266.2394,1236.7030,1255.4368,3568404
2007-02-13,1235.2444,1258.9462,1222.5730,1245.8646,3714728
2007-02-12,1275.9938,1275.9938,1231.2786,1236.0650,4060701
2007-02-09,1280.7796,1284.4716,1260.7698,1265.5558,6398885
2007-02-08,1270.7976,1275.3558,1261.6812,1272.0284,2714104
2007-02-07,1271.7090,1275.3558,1259.1288,1271.1166,3628442
2007-02-06,1267.1512,1283.5602,1259.8580,1266.2394,4870720
2007-02-05,1258.0348,1268.9744,1252.3828,1265.2824,2529071
2007-02-02,1267.2420,1270.2048,1246.6852,1251.0156,6342796
2007-02-01,1244.4060,1256.2574,1244.3604,1253.9782,2163812
2007-01-31,1261.6812,1267.1512,1239.0730,1243.9958,9550141
2007-01-29,1252.5650,1270.7976,1245.2722,1259.6756,3641445
2007-01-25,1250.7418,1255.3000,1241.7166,1248.5996,7270969
2007-01-24,1247.0954,1252.5650,1240.0760,1247.7790,2530549
2007-01-23,1251.6536,1258.9462,1234.3326,1240.5772,2952834
2007-01-22,1262.5930,1268.8832,1249.4200,1252.0638,4145549
2007-01-19,1275.3558,1284.4716,1253.4768,1258.2626,10314006
2007-01-18,1229.7746,1261.2254,1229.7746,1246.1840,6820887
2007-01-17,1235.2444,1241.4432,1227.1308,1230.5038,4797090
2007-01-16,1248.0072,1250.7418,1225.2164,1227.9514,3040234
2007-01-15,1226.1282,1251.0156,1223.3932,1244.0414,9838168
2007-01-12,1189.7088,1226.0826,1180.0914,1221.6612,9414624
2007-01-11,1165.0496,1183.7378,1157.7568,1180.6838,5809546
2007-01-10,1165.6876,1176.8096,1152.3326,1160.7652,7150877
2007-01-09,1166.8728,1174.1660,1159.1242,1167.2830,3834941
2007-01-08,1174.1660,1174.7126,1155.9332,1164.2290,6013613
2007-01-05,1165.0496,1195.7712,1165.0496,1174.7126,7566822
2007-01-04,1173.2542,1185.1054,1164.1382,1167.1918,6765969
2007-01-03,1144.9942,1177.6298,1144.9942,1171.2488,3933841
2007-01-02,1141.8490,1171.4310,1141.8490,1168.3770,1963726
2006-12-29,1164.5938,1174.5306,1153.4264,1158.0758,6097831
2006-12-28,1183.7378,1187.8400,1156.9820,1163.8188,10661877
2006-12-27,1166.9640,1183.0542,1166.9640,1178.5872,6958318
2006-12-26,1159.6710,1169.5166,1157.3922,1163.9100,3526271
2006-12-22,1150.4638,1162.7706,1144.9942,1158.9872,3228133
2006-12-21,1157.7568,1157.7568,1133.2798,1149.8258,5984644
2006-12-20,1148.6406,1161.4032,1122.3402,1138.2482,10749002
2006-12-19,1183.0998,1183.0998,1122.2034,1142.3048,14075979
2006-12-18,1151.3756,1182.3704,1134.9660,1175.2142,6551726
2006-12-15,1151.3756,1158.6682,1134.0546,1142.7150,6758693
2006-12-14,1138.0656,1160.3094,1129.5878,1150.0078,7532838
2006-12-13,1108.0734,1131.3196,1095.7666,1128.6760,12613336
2006-12-12,1127.4908,1147.7288,1076.6226,1101.2818,21812117
2006-12-11,1155.0218,1166.8728,1116.7338,1128.8584,14420385
2006-12-08,1194.2214,1194.2214,1151.4208,1155.7512,9071219
2006-12-07,1163.2720,1193.3100,1163.2720,1185.7892,9107085
2006-12-06,1171.0664,1184.5126,1158.3036,1166.9640,7806780
2006-12-05,1230.6862,1230.6862,1153.6542,1166.8728,7276663
2006-12-04,1149.5520,1164.1382,1144.5382,1148.7318,4554096
2006-12-01,1140.6182,1156.8450,1137.7010,1149.5520,6076042
2006-11-30,1157.7568,1157.7568,1131.3196,1134.9660,3969626
2006-11-29,1143.9454,1153.1988,1135.5588,1138.7036,3141525
2006-11-28,1161.7678,1166.8272,1132.4136,1140.4360,8327892
2006-11-27,1151.6032,1155.9332,1139.4786,1141.1652,3836758
2006-11-24,1159.3062,1161.8592,1146.9086,1150.0534,3557760
2006-11-23,1167.8758,1174.1204,1156.4804,1159.0330,7016781
2006-11-22,1164.2290,1175.9892,1160.4914,1165.2774,5041127
2006-11-21,1144.0824,1165.6420,1144.0824,1161.3120,4030165
2006-11-20,1148.5950,1155.0218,1127.2174,1146.4528,6445605
2006-11-17,1159.1242,1159.3062,1143.2162,1147.9112,4230356
2006-11-16,1163.2264,1168.6052,1148.6406,1151.8310,5852487
2006-11-15,1166.6450,1174.1660,1146.9538,1150.5094,7727036
2006-11-14,1185.1054,1185.1054,1160.4914,1164.8674,4975960
2006-11-13,1172.3428,1178.2682,1166.5994,1173.0720,4512011
2006-11-10,1166.7816,1178.5416,1142.3048,1172.5706,21533402
2006-11-09,1148.6406,1154.5660,1133.1428,1149.9166,17019396
2006-11-08,1177.1286,1180.5472,1130.6816,1141.3474,18063752
2006-11-07,1198.7796,1199.2354,1171.5678,1176.2626,8336324
2006-11-06,1175.9892,1199.6000,1167.7846,1190.6206,11630455
2006-11-03,1174.9408,1177.6298,1156.9364,1173.1628,9610171
2006-11-02,1152.2870,1183.7378,1149.3698,1170.1546,13058290
2006-11-01,1117.6456,1155.9332,1112.3126,1152.4694,18876639
2006-10-31,1130.4082,1130.4082,1111.3550,1117.8278,5905442
2006-10-30,1107.7088,1130.3170,1107.7088,1123.7988,6069993
2006-10-27,1072.0644,1118.6482,1072.0644,1114.7738,14051750
2006-10-26,1075.7112,1088.4734,1066.6860,1071.3350,6101409
2006-10-23,1096.9062,1099.0482,1086.7872,1088.6104,4570119
2006-10-20,1091.3910,1111.0818,1091.3910,1095.8122,10509795
2006-10-19,1104.8828,1111.2642,1081.1806,1089.9776,14208169
2006-10-18,1104.1536,1113.0874,1098.5016,1101.2362,7744731
2006-10-17,1105.7942,1113.0874,1098.5016,1108.5748,8612826
2006-10-16,1092.1202,1111.0360,1087.7898,1106.1590,12869833
2006-10-13,1071.1530,1090.2514,1069.9222,1084.9640,14164558
2006-10-12,1055.5184,1069.9678,1042.4366,1066.1388,13396219
2006-10-11,1057.3872,1059.1196,1037.5596,1042.1634,9979468
2006-10-10,1053.8320,1061.8088,1045.6276,1048.4990,4200814
2006-10-09,1052.9202,1063.5864,1050.1858,1052.1002,4558796
2006-10-06,1055.6552,1070.2412,1050.6868,1060.2590,8926826
2006-10-05,1055.6552,1061.3986,1049.5020,1052.9660,9363728
2006-10-04,1045.9922,1070.2412,1043.0750,1047.7698,13916475
2006-10-03,1083.0038,1083.0038,1057.4784,1058.7092,4180607
2006-09-29,1068.4180,1073.8876,1065.8198,1067.5518,6341278
2006-09-28,1075.2096,1077.5344,1060.4412,1064.8172,10097388
2006-09-27,1079.3574,1084.7358,1068.0078,1071.1986,7389575
2006-09-26,1060.2134,1075.6654,1060.2134,1074.1614,11574859
2006-09-25,1049.2740,1071.1530,1049.2740,1060.8058,14325571
2006-09-22,1034.6880,1055.5184,1027.3954,1053.1028,15966923
2006-09-21,1027.5318,1042.4366,1027.5318,1037.6508,10563186
2006-09-20,993.6654,1030.6770,993.6654,1027.6686,9933927
2006-09-19,989.3350,1043.7588,989.3350,1019.5098,11340183
2006-09-18,1083.0038,1083.0038,1028.4892,1031.9986,10691783
2006-09-15,1034.6880,1042.6192,1016.4558,1039.7022,10101515
2006-09-14,1022.8372,1035.6454,1016.8660,1026.4378,10224950
2006-09-13,1012.1254,1026.3010,1012.1254,1017.6862,15274339
2006-09-12,993.4828,1011.7152,980.1734,1008.9348,17378024
2006-09-11,1032.5914,1032.8648,985.9164,991.5228,17453964
2006-09-08,1028.9904,1034.1412,1014.0854,1030.4488,10979898
2006-09-07,1032.8648,1034.1412,1022.4726,1026.0732,9389709
2006-09-06,1025.5718,1044.6702,1025.5718,1036.8302,9788581
2006-09-05,1030.1298,1032.8648,1020.8314,1025.8454,5771200
2006-09-04,1013.0372,1036.3748,1013.0372,1031.0416,6386278
2006-09-01,1018.2790,1028.3066,1018.2790,1022.9736,6657386
2006-08-31,1043.7132,1043.7132,1014.2680,1018.8258,11129694
2006-08-30,1009.1626,1034.6424,1009.1626,1029.4462,9782314
2006-08-29,1021.0140,1032.7736,1015.5896,1018.0056,8698877
2006-08-28,1011.8976,1024.7516,1010.1656,1022.8828,6175233
2006-08-25,1022.0166,1025.4808,1004.6044,1012.3536,16379104
2006-08-24,964.2198,1022.8372,961.7586,1008.7524,22429941
2006-08-23,965.4050,978.9426,962.7156,967.9118,9501636
2006-08-22,987.2840,988.9246,963.6730,970.7380,10097460
2006-08-21,961.4848,978.1676,952.6422,973.6096,8218323
2006-08-18,969.9632,975.4328,956.7446,962.2146,10692623
2006-08-17,952.5966,978.6236,946.2610,971.2392,18447715
2006-08-16,938.0564,960.5734,938.0564,952.6422,9948852
2006-08-14,921.6474,939.8796,921.6474,938.1020,9247472
2006-08-11,888.9200,925.2938,888.8288,921.7386,19219317
2006-08-10,898.8112,903.1414,881.5816,893.3870,10220815
2006-08-09,888.9200,907.9728,882.4474,899.2216,12049541
2006-08-08,856.9224,892.4756,856.9224,891.0622,10250245
2006-08-07,880.6242,882.9946,868.7734,870.5966,10490469
2006-08-04,900.6802,911.1638,877.8896,881.9006,20137508
2006-08-03,903.6884,918.4108,896.1676,900.8622,16173195
2006-08-02,894.2988,904.7824,892.6576,902.4120,13977296
2006-08-01,892.4300,903.2326,888.9200,895.1646,13779076
2006-07-31,893.3870,909.3406,890.7888,892.4756,10614276
2006-07-28,909.7960,915.2660,888.8288,893.5238,14010263
2006-07-27,911.6196,925.3394,901.7284,910.2976,13432966
2006-07-26,902.6402,915.9952,895.2102,912.0294,11723039
2006-07-25,895.2102,904.1896,890.6524,900.0416,12914414
2006-07-24,881.5360,888.8288,858.4266,886.1850,20384888
2006-07-21,906.9702,906.9702,871.5084,882.0376,25798978
2006-07-20,912.5310,920.6900,898.1276,907.6994,27969865
2006-07-19,925.2938,929.8518,890.1964,895.3014,24102490
2006-07-18,942.6146,948.0384,901.8196,915.5394,26636343
2006-07-17,968.1400,973.6096,936.2332,940.3354,13076396
2006-07-14,970.8746,979.0794,958.2032,971.0114,14026730
2006-07-13,995.4886,1000.0468,975.5240,980.0822,14952545
2006-07-12,948.0842,1002.7812,940.7914,1001.2772,26906182
2006-07-11,955.7420,959.3882,944.0732,955.6506,12879509
2006-07-10,929.8518,957.0180,929.8518,951.0012,16664886
2006-07-07,986.3266,997.3118,935.3214,940.6544,18334456
2006-07-06,984.5490,994.4854,977.3472,986.4634,16801098
2006-07-05,975.4328,1002.6900,968.6868,998.4056,13614250
2006-07-04,977.2558,987.1014,972.9258,978.1220,9466238
2006-07-03,964.4932,984.5490,960.8468,976.3446,16817549
2006-06-30,934.4100,968.1400,934.4100,965.1772,17411863
2006-06-29,923.4706,938.9682,914.6280,920.0062,20529725
2006-06-28,888.8288,917.4538,884.7266,912.3488,35668288
2006-06-27,894.2988,921.6018,893.1592,898.4466,46270950
2006-06-26,918.9124,933.2704,890.6524,894.4808,26361351
2006-06-23,888.8288,928.0286,867.8616,922.5130,23171200
2006-06-22,887.0056,906.1040,881.5360,887.8262,16997679
2006-06-21,843.2480,883.1768,835.9552,878.8924,21394064
2006-06-20,852.3642,854.1874,835.0434,842.2910,13925957
2006-06-19,842.4274,856.6942,837.6416,850.6776,15695307
2006-06-16,820.4576,860.5688,820.4576,839.4190,22791218
2006-06-15,797.6672,820.4576,795.0234,816.0818,20521164
2006-06-14,782.1694,814.0762,768.1760,783.4002,26309454
2006-06-13,806.7830,810.4298,775.7880,782.8530,25416694
2006-06-12,838.6898,851.8628,813.8484,823.0100,24054906
2006-06-09,751.9950,847.8062,746.2516,840.6042,53748152
2006-06-08,810.4298,813.4838,738.4118,752.3140,36164598
2006-06-07,826.8388,838.6898,800.4930,812.8454,32397488
2006-06-06,834.1316,843.3392,820.4576,826.5198,25393483
2006-06-05,874.2430,885.1824,843.2936,843.7952,20397624
2006-06-02,843.2480,876.6588,843.2480,872.7388,19149571
2006-06-01,868.7734,883.3592,843.2480,843.6126,21023984
2006-05-31,862.1186,877.2512,837.4138,869.0010,26245789
2006-05-30,871.5084,890.2878,861.9362,870.7334,10895269
2006-05-29,872.4198,891.5638,867.0866,872.0094,11207314
2006-05-26,864.2152,903.6884,864.2152,872.9668,21475116
2006-05-25,856.9224,875.0634,843.2480,864.6254,20132735
2006-05-24,883.3592,886.0942,853.2756,855.5548,23823153
2006-05-23,848.7176,894.2532,840.6042,883.4504,26380128
2006-05-22,901.5914,906.7876,734.7654,849.2646,38570298
2006-05-19,921.6474,958.1118,875.1548,890.2422,41284539
2006-05-18,983.6372,984.5490,907.0614,915.9040,25577716
2006-05-17,966.2256,995.3972,957.2004,991.0216,13312696
2006-05-16,927.1168,959.0236,889.9228,951.0924,37010516
2006-05-15,966.3168,975.4328,922.5588,930.9002,30011332
2006-05-12,1010.7580,1010.7580,964.0834,972.6526,24573539
2006-05-11,1084.2802,1084.2802,1001.4140,1010.5304,43262407
2006-05-10,1052.0090,1089.3852,1037.9242,1066.6860,19230874
2006-05-09,1059.9400,1065.6830,1035.0070,1052.8750,17754017
2006-05-08,1003.6930,1066.4122,1003.6930,1053.5130,22912586
2006-05-05,986.3722,1010.9858,986.3722,1002.3254,13198297
2006-05-04,942.6146,1022.8372,942.6146,983.7742,36407382
2006-05-03,939.8796,948.0842,931.6750,943.2982,5898399
2006-05-02,930.7632,951.7308,930.7632,940.2898,6296674
2006-04-28,898.4466,921.6474,885.1824,918.7302,17271646
2006-04-27,893.3870,923.4706,893.3870,908.4288,30858591
2006-04-26,867.8616,895.2102,867.8616,891.4268,14445478
2006-04-25,889.7406,896.1220,865.2178,868.5456,12037540
2006-04-24,887.9174,910.7078,884.2710,890.2422,15956658
2006-04-21,906.1496,911.6196,869.7304,888.1908,27309197
2006-04-20,838.6898,911.5740,838.6898,906.9702,50981925
2006-04-19,812.2530,848.9000,812.2530,839.4646,27523909
2006-04-18,775.7880,816.7200,775.7880,812.4808,22083127
2006-04-17,772.1418,780.9842,771.5038,776.2896,6494862
2006-04-13,756.8722,777.0646,752.9976,772.1874,23849360
2006-04-12,760.2908,782.6254,748.4394,755.3224,23496708
2006-04-10,757.5558,764.8486,751.4022,761.1110,7859873
2006-04-07,764.8486,773.8736,753.4536,758.9232,14817739
2006-04-05,763.0254,768.4954,758.3308,765.3500,8110281
2006-04-04,755.7326,768.1760,755.7326,763.6182,9073109
2006-04-03,725.6490,761.2022,725.6490,755.9604,13598082
2006-03-31,724.7372,737.0444,721.1366,725.8768,329751262
2006-03-30,722.9142,734.4916,720.6350,724.8742,70333326
2006-03-29,721.0910,726.9256,717.9912,723.7802,5177282
2006-03-28,723.8258,727.0620,717.0800,721.1366,149698363
2006-03-27,712.8864,726.9256,712.8864,723.9624,136947451
2006-03-24,708.3282,718.3560,707.4168,713.1598,8974305
2006-03-23,701.9468,714.2536,700.5340,708.4652,12282134
2006-03-22,711.0632,716.5328,692.2838,702.6762,16825916
2006-03-21,706.5050,723.8258,706.5050,711.3366,9886900
2006-03-20,702.8586,711.0632,702.8586,707.5990,7703963
2006-03-17,699.3032,712.7952,695.8392,706.1860,21642082
2006-03-16,680.9796,701.9924,680.8884,700.5796,17298499
2006-03-14,667.3056,680.4328,664.6618,676.4670,14954136
2006-03-13,661.8356,675.3276,661.8356,667.6246,5527624
2006-03-10,661.8356,671.9546,661.8356,667.4420,7460048
2006-03-09,655.4542,664.1602,649.0728,662.4740,11241403
2006-03-08,666.3938,669.0374,648.2072,655.8644,17763361
2006-03-07,668.3082,674.0516,664.4794,667.1686,12962224
2006-03-06,652.7196,668.8554,651.8078,667.2142,18316470
2006-03-03,649.9846,654.5428,646.1558,652.4458,12701777
2006-03-02,645.4722,655.3634,644.6516,649.9846,13846786
2006-03-01,645.4266,650.6226,641.0508,645.3352,9740358
2006-02-28,638.1338,651.1242,634.4870,646.1102,25942765
2006-02-27,639.9570,655.4542,635.3988,638.2246,11144046
2006-02-24,638.1338,644.2414,637.4498,640.2304,6748081
2006-02-23,638.1338,644.9250,633.7120,638.4984,9802876
2006-02-22,635.3988,643.1474,635.3988,640.4580,10567031
2006-02-21,639.0452,644.3326,632.9828,636.1736,7744707
2006-02-20,633.5756,640.7774,615.4342,639.4554,8126772
2006-02-17,636.3102,644.9706,629.1544,632.0258,11495260
2006-02-16,640.4128,647.2496,632.8920,635.2162,9831086
2006-02-15,652.3094,655.4542,634.9428,638.9996,17636856
2006-02-14,652.7196,660.3770,649.6200,650.8964,17543779
2006-02-13,655.4542,657.2774,652.4916,653.1752,6940131
2006-02-10,652.7196,659.3288,651.0786,656.2748,10738156
2006-02-08,656.3660,660.8786,650.8964,652.9018,16578116
2006-02-07,656.3660,659.8302,644.1504,656.7306,19688992
2006-02-06,629.0174,658.2804,624.0490,656.5030,27216693
2006-02-03,644.5152,647.2496,633.6212,635.0342,9839477
2006-02-02,639.9570,648.5262,639.0452,645.1988,11331493
2006-02-01,651.8078,654.9988,639.4098,643.4664,13204379
2006-01-31,648.1614,655.8188,645.9736,650.6226,24842675
2006-01-30,642.6916,654.5428,642.6916,648.6174,22114705
2006-01-27,633.5756,641.2786,631.7524,636.8574,13902520
2006-01-25,634.3962,637.6778,624.7326,627.2856,30969193
2006-01-24,642.4638,649.0728,627.9692,632.0714,29865954
2006-01-23,633.5756,643.4208,633.5756,639.4554,12681175
2006-01-20,642.6916,646.3384,639.9570,641.1874,13159855
2006-01-19,633.5756,644.3326,629.2452,641.9622,37345368
2006-01-18,640.7774,663.4310,625.3710,632.5274,257312602
2006-01-17,592.8966,638.8970,592.8966,632.5254,127142387
2006-01-16,603.8344,603.8344,588.9098,595.0092,59714923
2006-01-13,604.4818,611.2968,601.7900,603.1872,30471679
2006-01-12,603.8006,611.5694,595.2818,604.6522,63785114
2006-01-10,620.1902,622.1326,605.8450,608.9454,37179501
2006-01-09,628.3342,631.7416,617.4642,619.9516,21063024
2006-01-06,629.0154,635.0128,622.9164,626.9028,17011320
2006-01-05,633.1044,637.8066,626.9710,628.0956,16898230
2006-01-04,626.6302,637.8066,626.6302,633.5134,16683970
2006-01-03,613.3412,629.0154,610.6152,626.6302,15536352
2006-01-02,608.8776,614.4998,607.5826,612.3188,10712659
2005-12-30,608.5708,614.0230,603.5276,606.2880,91404232
2005-12-29,598.0076,609.9340,596.3038,607.6848,25779417
2005-12-28,593.5782,606.3902,592.2492,594.5320,48098949
2005-12-27,567.6812,592.8966,564.6488,590.6816,19221497
2005-12-26,572.4518,575.7910,563.9332,567.2044,16147885
2005-12-23,585.4004,586.7632,572.4858,574.0872,14700675
2005-12-22,588.9780,592.5558,581.3114,582.7424,14731284
2005-12-21,582.0608,588.4668,578.6192,586.0476,13126929
2005-12-20,587.4448,590.1704,580.6298,582.4698,9644777
2005-12-19,579.6074,586.7632,579.6074,584.0714,7024640
2005-12-16,579.1986,581.3452,572.4518,578.5170,16225230
2005-12-15,587.3766,589.2846,572.4518,576.0978,13836207
2005-12-14,594.6002,596.1678,583.6962,586.4224,39508147
2005-12-13,590.9204,596.0996,585.4004,594.1912,50319715
2005-12-12,592.7600,595.2818,586.0816,588.0238,44992184
2005-12-09,581.3114,589.8296,578.1080,588.7054,52114286
2005-12-08,575.8252,578.7556,569.7258,576.4726,36354742
2005-12-07,571.1568,577.4950,565.6368,574.8372,14050878
2005-12-06,568.9080,577.0860,565.3642,569.9644,18992313
2005-12-05,572.4518,585.4004,569.8280,571.9068,13933072
2005-12-02,573.1334,578.5510,569.8962,571.8046,13144196
2005-12-01,568.2946,574.8028,565.6368,572.6222,17330222
2005-11-30,580.5616,583.3558,565.7390,567.6130,19608764
2005-11-29,577.2224,590.1704,573.1334,577.9718,32001912
2005-11-28,576.6768,579.8798,574.9732,577.4268,11930305
2005-11-25,577.2224,577.5972,570.1348,574.7006,17319642
2005-11-24,567.8518,577.9036,567.8518,575.4162,16494367
2005-11-23,558.8222,567.8860,558.3110,567.0340,18816318
2005-11-22,564.9556,571.7364,556.1644,558.2766,27373669
2005-11-21,562.2296,568.3286,559.5034,564.8530,18240894
2005-11-18,566.3184,569.0102,560.5936,562.5704,13329607
2005-11-17,558.8222,566.5910,555.5848,565.1256,16320989
2005-11-16,548.5998,557.9362,545.5668,557.1182,17265920
2005-11-14,543.9314,547.1684,537.3890,543.6250,10456388
2005-11-11,536.3330,547.9864,536.3330,542.1596,17968753
2005-11-10,539.7742,541.7848,533.9134,535.3444,11728927
2005-11-09,539.7404,545.8394,536.6734,539.4334,17740303
2005-11-08,537.6958,541.5122,533.3344,538.5474,17398102
2005-11-07,529.9948,538.6840,525.4290,536.4008,14405678
2005-11-02,522.1578,530.8808,516.0244,529.5862,13392666
2005-10-31,505.6660,521.3400,503.6894,519.6704,15838900
2005-10-28,513.1622,516.5696,502.2926,505.1548,22525538
2005-10-27,521.4084,524.5430,508.3916,511.9354,32838154
2005-10-26,521.8170,527.6440,519.2956,520.5564,12653942
2005-10-25,524.6792,531.2898,516.2970,523.0776,22207161
2005-10-24,534.9698,534.9698,513.5370,515.7518,19433399
2005-10-21,510.9812,526.1106,506.4836,525.0542,38038704
2005-10-20,514.4568,519.1592,502.2582,509.9932,23544632
2005-10-19,513.8438,516.4334,504.9844,509.6524,32125856
2005-10-18,528.2572,532.0394,511.1516,516.1266,24927943
2005-10-17,524.7474,528.4276,517.5920,525.6334,22961721
2005-10-14,529.5180,529.5180,519.0230,520.3858,26348978
2005-10-13,538.3774,539.7404,526.5194,528.2230,23277247
2005-10-11,534.9698,538.3774,527.0306,537.1846,19183289
2005-10-10,538.3774,540.2854,532.2440,533.9478,13361419
2005-10-07,538.7178,541.7848,529.5180,537.6616,26685478
2005-10-06,544.5108,544.5108,535.0380,538.9566,23764811
2005-10-05,551.8706,552.0072,544.2040,546.5210,14149657
2005-10-04,543.4546,550.5760,541.4440,549.2810,15379328
2005-10-03,540.4220,546.6232,538.3774,541.2396,16997889
2005-09-30,546.5554,552.0072,532.4140,540.7624,23792714
2005-09-29,548.8042,554.3924,545.9760,550.7804,23048927
2005-09-28,536.3330,547.2366,534.9698,545.3968,25926153
2005-09-27,536.6734,542.2616,531.5624,536.8438,25742098
2005-09-26,513.8438,534.5612,511.1178,531.9032,27916643
2005-09-23,516.5696,520.6584,503.6214,509.9592,35395888
2005-09-22,532.2440,534.6290,511.1860,514.5594,27586855
2005-09-21,526.1106,534.9698,511.1178,533.4026,40413828
2005-09-20,521.3400,532.8914,514.7638,530.5400,28277517
2005-09-19,521.4084,522.7030,516.7060,521.0676,6735433
2005-09-16,520.6928,523.0438,515.5814,520.9654,12340169
2005-09-15,504.3026,520.8632,504.3026,518.5118,15349059
2005-09-14,510.5382,514.5250,501.9174,504.8140,13739446
2005-09-13,513.5030,517.2512,510.8790,512.4806,12506949
2005-09-12,507.7104,514.5250,507.1992,513.2644,8689089
2005-09-09,502.2582,507.7104,500.9636,505.0526,12430960
2005-09-08,499.5326,508.1874,499.5326,503.2464,22619140
2005-09-06,498.1692,500.7250,494.1826,496.8404,7444937
2005-09-05,498.4762,502.5308,496.1248,497.8968,8480894
2005-09-02,495.4436,499.4642,490.6730,498.0672,15939383
2005-09-01,489.9914,497.4880,487.2658,495.2732,14110569
2005-08-31,483.8580,493.3992,482.4952,490.3662,18937985
2005-08-30,478.4402,483.5854,476.4978,482.2564,10853830
2005-08-29,479.0878,482.0522,472.2728,477.0434,14399969
2005-08-26,477.0434,479.7690,472.8180,476.0548,11960639
2005-08-25,475.6802,477.3498,471.5912,474.6238,13047177
2005-08-24,468.1838,474.7602,465.8324,473.4996,22949373
2005-08-23,479.0878,481.1322,465.5942,466.9910,21631026
2005-08-22,483.8580,486.1750,473.1244,476.4978,13883153
2005-08-19,483.1768,490.1278,478.4744,480.8254,16905918
2005-08-18,490.6730,495.1028,480.6210,482.9720,22143432
2005-08-17,477.1112,488.9012,473.7038,486.9588,16552200
2005-08-16,480.4506,483.8240,473.9764,476.9408,15702010
2005-08-12,490.4686,492.3428,478.4062,479.5648,19085657
2005-08-11,490.6730,497.4198,485.9708,488.6624,20440330
2005-08-10,484.5396,492.0358,483.7220,490.1618,18457124
2005-08-09,487.2658,493.7396,478.7470,482.0182,29937557
2005-08-08,498.1692,503.5190,482.1882,484.8804,32756133
2005-08-05,500.5206,500.5206,492.8880,494.5916,40455533
2005-08-04,493.9442,510.4362,491.1160,496.8064,55234765
2005-08-03,504.9844,517.9328,483.8580,486.3798,110092713
2005-08-02,481.8136,509.0050,481.8136,505.6316,32154809
2005-08-01,475.6802,483.8240,472.3410,482.5634,11450228
2005-07-29,476.9752,484.7782,472.9544,479.0196,20791028
2005-07-27,471.9320,480.3824,469.8876,475.9526,26306102
2005-07-26,469.6150,471.9320,463.5498,470.9438,13808715
2005-07-25,468.8654,474.0446,466.8550,468.4904,13538819
2005-07-22,458.8132,471.5230,458.8132,470.0240,10884584
2005-07-21,464.7766,467.5022,456.9390,462.5616,12090649
2005-07-20,453.8726,465.1170,453.8726,462.6294,13732646
2005-07-19,451.8280,457.3482,450.6352,453.0548,11355471
2005-07-18,456.5986,459.3244,448.4208,450.6352,64484716
2005-07-15,439.5612,456.3600,439.4930,454.2812,23115418
2005-07-14,430.1906,440.9240,423.6146,437.5850,25729055
2005-07-13,434.7906,437.7894,428.6572,429.8158,8585303
2005-07-12,430.7018,438.5388,429.7136,434.9272,16761767
2005-07-11,425.9316,433.0188,424.2276,431.3494,12227079
2005-07-08,425.9316,429.1346,419.1848,422.9330,18092374
2005-07-07,437.5168,439.5612,415.0616,418.3328,29432120
2005-07-06,436.1540,440.7880,436.1540,439.6294,17702725
2005-07-05,438.1640,442.9686,433.7686,434.9610,13699042
2005-07-04,436.8352,442.4574,435.4724,438.7774,10374948
2005-07-01,437.5506,439.5612,434.1774,435.9152,7192946
2005-06-30,437.5506,445.0812,433.5640,437.4486,13910580
2005-06-29,421.0246,440.9240,421.0246,437.5850,27943916
2005-06-28,456.5986,456.5986,427.2944,428.7256,29848154
2005-06-27,447.0576,460.0060,439.6294,441.8782,39729651
2005-06-24,439.5952,448.7612,437.6528,446.1716,17218279
2005-06-23,449.7154,449.7154,440.4472,443.3776,24390501
2005-06-22,440.2428,449.7154,436.4944,446.7166,38179244
2005-06-21,429.6114,442.2192,419.2526,440.1746,51754923
2005-06-20,417.0720,440.0382,417.0720,429.6114,79278348
2005-06-17,404.8052,414.6186,398.0246,409.4732,29058834
2005-06-16,393.1518,405.2822,392.0616,402.6242,25189699
2005-06-15,391.8568,393.2200,388.2790,391.8228,13546064
2005-06-14,389.1312,392.0272,385.0422,391.4138,16216088
2005-06-13,390.0510,390.0510,381.7366,388.0404,11953629
2005-06-10,381.6344,388.0066,381.6344,386.2346,18839125
2005-06-09,381.0210,384.7014,379.9308,380.9532,12295419
2005-06-08,373.5248,381.6344,373.5248,380.6124,16307308
2005-06-07,375.5010,378.7040,371.2760,373.3204,13746901
2005-06-06,380.2716,385.7234,373.6270,376.0462,18140031
2005-06-03,361.3602,378.2272,361.3602,376.7960,29978551
2005-06-02,368.7204,370.0492,360.2698,360.9854,11409839
2005-06-01,365.9602,370.7308,365.3130,368.2774,11493306
2005-05-31,358.9070,366.4032,357.1690,364.7674,13957195
2005-05-30,361.8714,364.5292,357.9528,358.9070,8313404
2005-05-27,361.1898,367.4596,360.6106,361.8374,15517123
2005-05-26,362.5530,363.3706,358.8044,361.7010,24517878
2005-05-25,361.5306,363.7794,358.6340,361.5306,13322993
2005-05-24,363.8476,365.2786,359.2474,361.4966,11487184
2005-05-23,355.3972,363.0982,355.3972,361.9396,6747717
2005-05-20,355.6014,358.8044,351.2742,354.6476,16101302
2005-05-19,362.1778,364.5974,356.1126,357.2372,11011549
2005-05-18,371.4120,371.4120,357.7484,361.1214,15882697
2005-05-17,368.3796,370.7308,357.7824,358.4640,15289174
2005-05-16,365.4152,370.3900,365.4152,368.1408,9822065
2005-05-13,367.5958,367.5958,363.9840,365.4152,6862229
2005-05-12,353.6934,368.9928,353.6934,367.3232,19931486
2005-05-11,370.0492,372.9454,368.1070,369.6402,11900924
2005-05-10,377.2046,379.7264,370.0492,370.5944,9183162
2005-05-09,372.7754,378.1588,372.2642,377.1708,11486417
2005-05-06,368.0048,375.0924,368.0048,374.0016,16623173
2005-05-05,371.4804,372.7754,366.8120,368.4478,7852434
2005-05-04,368.0048,371.3438,367.3914,368.6864,9483788
2005-05-03,363.9158,370.1854,362.5530,368.4816,14733278
2005-05-02,359.1452,364.7336,357.3394,363.8820,9962508
2005-04-29,370.0492,370.7308,357.8506,359.6226,14584928
2005-04-28,366.4372,371.0034,363.4390,369.8106,23360335
2005-04-27,376.7960,381.3618,363.6090,367.3914,45320253
2005-04-26,371.4120,375.1262,368.9246,372.9114,11391401
2005-04-25,368.6864,374.1382,367.7662,372.4684,11687529
2005-04-22,373.2862,374.0016,365.9602,372.5028,17295801
2005-04-21,361.1898,372.0598,357.8506,369.6402,17717827
2005-04-20,350.9674,362.4848,350.9674,361.3262,13709161
2005-04-19,354.7156,361.1898,348.9912,350.3540,12575321
2005-04-18,359.1114,359.1114,351.6490,353.2166,13388716
2005-04-15,371.4120,371.4120,358.4640,360.9854,14561144
2005-04-13,374.8198,376.7960,370.1174,371.7190,7922527
2005-04-12,373.4566,376.1826,371.4120,373.8312,12315246
2005-04-11,379.6922,379.6922,372.1620,372.9114,7662540
2005-04-08,382.9976,386.3368,376.9322,379.6922,13299346
2005-04-07,389.1312,393.2200,384.0198,385.3486,12482518
2005-04-06,379.0788,390.1192,379.0788,388.9946,21138915
2005-04-05,384.3606,387.6318,377.0342,378.6700,13368243
2005-04-04,385.0422,387.4952,380.8168,384.8374,8863404
2005-04-01,371.4120,386.4050,371.4120,384.6332,16413533
2005-03-31,371.4120,377.0342,370.6626,372.0598,15418562
2005-03-30,374.8198,377.8864,367.4936,370.0492,23552668
2005-03-29,387.7678,387.7678,372.4684,374.1042,18012251
2005-03-28,383.6790,391.0390,382.3844,386.4390,14447376
2005-03-24,378.9088,387.0184,378.5680,381.7026,30021137
2005-03-23,368.6864,388.6882,367.9366,376.9664,53118424
2005-03-22,382.3160,382.3160,368.7204,371.0374,17231661
2005-03-21,388.4494,391.1756,380.2716,381.3280,11376315
2005-03-18,385.0422,390.7666,381.6344,389.5740,17603857
2005-03-17,391.1756,391.1756,380.6806,382.9634,18000565
2005-03-16,387.8022,393.4926,386.7458,390.8686,19403711
2005-03-15,395.2646,397.9220,387.9726,388.8242,16996847
2005-03-14,400.7164,404.8052,392.0272,394.2082,14189408
2005-03-11,404.8052,409.5076,398.8080,400.4776,20312703
2005-03-10,400.0346,406.9858,396.6274,404.7714,15894892
2005-03-09,405.4868,409.4394,398.0924,400.3072,25470893
2005-03-08,399.0466,404.1918,396.2866,402.4200,24450959
2005-03-07,391.1756,401.4658,390.4940,399.0466,19817265
2005-03-04,381.6344,390.6644,381.6344,389.7440,26122693
2005-03-03,374.8198,382.8952,374.8198,380.5780,17986884
2005-03-02,369.3676,375.8418,369.3676,374.0016,14383106
2005-03-01,379.5900,380.2716,371.1056,372.6388,17428282
2005-02-28,368.0048,381.5662,364.6652,378.9426,34191600
2005-02-25,374.8198,375.3306,366.7780,367.9366,13077148
2005-02-24,374.8198,377.4094,371.7528,372.5366,49516003
2005-02-23,367.2550,374.6834,366.6420,373.4908,16547346
2005-02-22,361.8714,368.6864,361.8714,367.7662,11897177
2005-02-21,364.2566,367.2892,362.0756,363.7794,11053787
2005-02-18,368.0048,369.7084,362.2122,364.2224,12369461
2005-02-17,362.9616,366.3012,361.2918,364.6652,11002512
2005-02-16,368.1070,370.5262,363.2342,364.4270,11477977
2005-02-15,370.7308,371.4120,364.1884,367.2892,15073768
2005-02-14,374.1382,377.4094,367.0848,370.1514,14641154
2005-02-11,370.0492,376.1144,370.0492,373.8312,20958963
2005-02-10,368.0048,371.0712,362.2122,369.6402,11675237
2005-02-09,364.6314,367.9708,364.1202,366.0624,7441594
2005-02-08,359.8268,365.4490,359.8268,363.4728,9198176
2005-02-07,366.3012,367.9366,355.0564,361.2918,9380478
2005-02-04,369.3676,371.6846,362.9278,365.5174,14332299
2005-02-03,364.5974,370.3900,364.5974,368.7542,8457708
2005-02-02,372.7754,373.1158,357.1008,363.8136,16445522
2005-02-01,364.5974,372.7410,361.2580,369.7766,41525725
2005-01-31,356.7600,364.4610,356.0788,362.9960,20669563
2005-01-28,344.1528,357.0326,344.1528,356.2492,33198874
2005-01-27,344.1528,349.6046,342.7894,344.9704,39259652
2005-01-25,344.8340,347.7988,339.5182,341.6992,51507608
2005-01-24,353.0118,355.3972,344.1866,345.1748,32549877
2005-01-20,348.2416,350.7630,343.5394,348.3778,25384632
2005-01-19,350.9674,353.0462,348.2416,349.7066,25683441
2005-01-18,350.9674,355.9084,347.0488,348.4120,48248874
2005-01-17,350.2862,353.0118,344.2206,348.5482,33255278
2005-01-14,355.7380,356.4196,348.3096,349.8432,26481742
2005-01-13,355.0564,358.1232,353.6934,354.5112,27158036
2005-01-12,355.0564,361.8032,350.9674,353.2166,28942287
2005-01-11,364.6996,364.6996,356.4534,358.1914,15124268
2005-01-10,373.3204,377.4094,361.3602,363.5750,17497898
2005-01-07,359.8268,373.1158,359.5200,368.5838,33939690
2005-01-06,357.7824,365.6194,356.1470,358.4298,26893035
2005-01-05,358.1232,363.9158,351.8194,361.1214,33908532
2005-01-04,364.5974,371.3782,360.8490,361.7348,20119886
2005-01-03,354.4090,371.0712,354.4090,370.1174,23685843
